[ConvertToStatelessBaseWidget] 2024-12-19T11:19:20.420145 Plugin ConvertToStatelessBaseWidget threw while analyzing C:\dev\esameCross\cross_platform_its_aapn_2024\pokedex\lib\src\pages\homepage.dart:
[ConvertToStatelessBaseWidget] 2024-12-19T11:19:20.420145 InconsistentAnalysisException: Requested result might be inconsistent with previously returned results
[ConvertToStatelessBaseWidget] 2024-12-19T11:19:20.420145
[ConvertToStatelessBaseWidget] 2024-12-19T11:19:20.420145 #0      AnalysisSessionImpl.checkConsistency (package:analyzer/src/dart/analysis/session.dart:54:7)
[ConvertToStatelessBaseWidget] 2024-12-19T11:19:20.420145 #1      AnalysisSessionImpl.getResolvedUnit (package:analyzer/src/dart/analysis/session.dart:129:5)
[ConvertToStatelessBaseWidget] 2024-12-19T11:19:20.420145 #2      ChangeBuilderImpl._createDartFileEditBuilder (package:analyzer_plugin/src/utilities/change_builder/change_builder_core.dart:287:33)
[ConvertToStatelessBaseWidget] 2024-12-19T11:19:20.420145 #3      ChangeBuilderImpl.addDartFileEdit (package:analyzer_plugin/src/utilities/change_builder/change_builder_core.dart:136:23)
[ConvertToStatelessBaseWidget] 2024-12-19T11:19:20.420145 #4      ChangeBuilderImpl.addDartFileEdit.<anonymous closure> (package:custom_lint_core/src/change_reporter.dart:241:35)
[ConvertToStatelessBaseWidget] 2024-12-19T11:19:20.420145 #5      new Future.<anonymous closure> (dart:async/future.dart:258:40)
[ConvertToStatelessBaseWidget] 2024-12-19T11:19:20.420145 #6      _rootRun (dart:async/zone.dart:1391:47)
[ConvertToStatelessBaseWidget] 2024-12-19T11:19:20.420145 #7      _CustomZone.run (dart:async/zone.dart:1301:19)
[ConvertToStatelessBaseWidget] 2024-12-19T11:19:20.420145 #8      _CustomZone.runGuarded (dart:async/zone.dart:1209:7)
[ConvertToStatelessBaseWidget] 2024-12-19T11:19:20.420145 #9      _CustomZone.bindCallbackGuarded.<anonymous closure> (dart:async/zone.dart:1249:23)
[ConvertToStatelessBaseWidget] 2024-12-19T11:19:20.420145 #10     _rootRun (dart:async/zone.dart:1399:13)
[ConvertToStatelessBaseWidget] 2024-12-19T11:19:20.420145 #11     _CustomZone.run (dart:async/zone.dart:1301:19)
[ConvertToStatelessBaseWidget] 2024-12-19T11:19:20.420145 #12     _CustomZone.bindCallback.<anonymous closure> (dart:async/zone.dart:1233:23)
[ConvertToStatelessBaseWidget] 2024-12-19T11:19:20.420145 #13     Timer._createTimer.<anonymous closure> (dart:async-patch/timer_patch.dart:18:15)
[ConvertToStatelessBaseWidget] 2024-12-19T11:19:20.420145 #14     _Timer._runTimers (dart:isolate-patch/timer_impl.dart:398:19)
[ConvertToStatelessBaseWidget] 2024-12-19T11:19:20.420145 #15     _Timer._handleMessage (dart:isolate-patch/timer_impl.dart:429:5)
[ConvertToStatelessBaseWidget] 2024-12-19T11:19:20.420145 #16     _RawReceivePort._handleMessage (dart:isolate-patch/isolate_patch.dart:184:12)
[ConvertToStatelessBaseWidget] 2024-12-19T11:19:20.420145
[ConvertToStatefulBaseWidget] 2024-12-19T11:19:20.435164 Plugin ConvertToStatefulBaseWidget threw while analyzing C:\dev\esameCross\cross_platform_its_aapn_2024\pokedex\lib\src\pages\homepage.dart:
[ConvertToStatefulBaseWidget] 2024-12-19T11:19:20.435164 InconsistentAnalysisException: Requested result might be inconsistent with previously returned results
[ConvertToStatefulBaseWidget] 2024-12-19T11:19:20.435164
[ConvertToStatefulBaseWidget] 2024-12-19T11:19:20.435164 #0      AnalysisSessionImpl.checkConsistency (package:analyzer/src/dart/analysis/session.dart:54:7)
[ConvertToStatefulBaseWidget] 2024-12-19T11:19:20.435164 #1      AnalysisSessionImpl.getResolvedUnit (package:analyzer/src/dart/analysis/session.dart:129:5)
[ConvertToStatefulBaseWidget] 2024-12-19T11:19:20.435164 #2      ChangeBuilderImpl._createDartFileEditBuilder (package:analyzer_plugin/src/utilities/change_builder/change_builder_core.dart:287:33)
[ConvertToStatefulBaseWidget] 2024-12-19T11:19:20.435164 #3      ChangeBuilderImpl.addDartFileEdit (package:analyzer_plugin/src/utilities/change_builder/change_builder_core.dart:136:23)
[ConvertToStatefulBaseWidget] 2024-12-19T11:19:20.435164 #4      ChangeBuilderImpl.addDartFileEdit.<anonymous closure> (package:custom_lint_core/src/change_reporter.dart:241:35)
[ConvertToStatefulBaseWidget] 2024-12-19T11:19:20.435164 #5      new Future.<anonymous closure> (dart:async/future.dart:258:40)
[ConvertToStatefulBaseWidget] 2024-12-19T11:19:20.435164 #6      _rootRun (dart:async/zone.dart:1391:47)
[ConvertToStatefulBaseWidget] 2024-12-19T11:19:20.435164 #7      _CustomZone.run (dart:async/zone.dart:1301:19)
[ConvertToStatefulBaseWidget] 2024-12-19T11:19:20.435164 #8      _CustomZone.runGuarded (dart:async/zone.dart:1209:7)
[ConvertToStatefulBaseWidget] 2024-12-19T11:19:20.435164 #9      _CustomZone.bindCallbackGuarded.<anonymous closure> (dart:async/zone.dart:1249:23)
[ConvertToStatefulBaseWidget] 2024-12-19T11:19:20.435164 #10     _rootRun (dart:async/zone.dart:1399:13)
[ConvertToStatefulBaseWidget] 2024-12-19T11:19:20.435164 #11     _CustomZone.run (dart:async/zone.dart:1301:19)
[ConvertToStatefulBaseWidget] 2024-12-19T11:19:20.435164 #12     _CustomZone.bindCallback.<anonymous closure> (dart:async/zone.dart:1233:23)
[ConvertToStatefulBaseWidget] 2024-12-19T11:19:20.435164 #13     Timer._createTimer.<anonymous closure> (dart:async-patch/timer_patch.dart:18:15)
[ConvertToStatefulBaseWidget] 2024-12-19T11:19:20.435164 #14     _Timer._runTimers (dart:isolate-patch/timer_impl.dart:398:19)
[ConvertToStatefulBaseWidget] 2024-12-19T11:19:20.435164 #15     _Timer._handleMessage (dart:isolate-patch/timer_impl.dart:429:5)
[ConvertToStatefulBaseWidget] 2024-12-19T11:19:20.435164 #16     _RawReceivePort._handleMessage (dart:isolate-patch/isolate_patch.dart:184:12)
[ConvertToStatefulBaseWidget] 2024-12-19T11:19:20.435164
[ConvertToStatefulBaseWidget] 2024-12-19T11:19:20.491447 Plugin ConvertToStatefulBaseWidget threw while analyzing C:\dev\esameCross\cross_platform_its_aapn_2024\pokedex\lib\src\pages\homepage.dart:
[ConvertToStatefulBaseWidget] 2024-12-19T11:19:20.491447 InconsistentAnalysisException: Requested result might be inconsistent with previously returned results
[ConvertToStatefulBaseWidget] 2024-12-19T11:19:20.491447
[ConvertToStatefulBaseWidget] 2024-12-19T11:19:20.491447 #0      AnalysisSessionImpl.checkConsistency (package:analyzer/src/dart/analysis/session.dart:54:7)
[ConvertToStatefulBaseWidget] 2024-12-19T11:19:20.491447 #1      AnalysisSessionImpl.getResolvedUnit (package:analyzer/src/dart/analysis/session.dart:129:5)
[ConvertToStatefulBaseWidget] 2024-12-19T11:19:20.491447 #2      ChangeBuilderImpl._createDartFileEditBuilder (package:analyzer_plugin/src/utilities/change_builder/change_builder_core.dart:287:33)
[ConvertToStatefulBaseWidget] 2024-12-19T11:19:20.491447 #3      ChangeBuilderImpl.addDartFileEdit (package:analyzer_plugin/src/utilities/change_builder/change_builder_core.dart:136:23)
[ConvertToStatefulBaseWidget] 2024-12-19T11:19:20.491447 #4      ChangeBuilderImpl.addDartFileEdit.<anonymous closure> (package:custom_lint_core/src/change_reporter.dart:241:35)
[ConvertToStatefulBaseWidget] 2024-12-19T11:19:20.491447 #5      new Future.<anonymous closure> (dart:async/future.dart:258:40)
[ConvertToStatefulBaseWidget] 2024-12-19T11:19:20.491447 #6      _rootRun (dart:async/zone.dart:1391:47)
[ConvertToStatefulBaseWidget] 2024-12-19T11:19:20.491447 #7      _CustomZone.run (dart:async/zone.dart:1301:19)
[ConvertToStatefulBaseWidget] 2024-12-19T11:19:20.491447 #8      _CustomZone.runGuarded (dart:async/zone.dart:1209:7)
[ConvertToStatefulBaseWidget] 2024-12-19T11:19:20.491447 #9      _CustomZone.bindCallbackGuarded.<anonymous closure> (dart:async/zone.dart:1249:23)
[ConvertToStatefulBaseWidget] 2024-12-19T11:19:20.491447 #10     _rootRun (dart:async/zone.dart:1399:13)
[ConvertToStatefulBaseWidget] 2024-12-19T11:19:20.491447 #11     _CustomZone.run (dart:async/zone.dart:1301:19)
[ConvertToStatefulBaseWidget] 2024-12-19T11:19:20.491447 #12     _CustomZone.bindCallback.<anonymous closure> (dart:async/zone.dart:1233:23)
[ConvertToStatefulBaseWidget] 2024-12-19T11:19:20.491447 #13     Timer._createTimer.<anonymous closure> (dart:async-patch/timer_patch.dart:18:15)
[ConvertToStatefulBaseWidget] 2024-12-19T11:19:20.491447 #14     _Timer._runTimers (dart:isolate-patch/timer_impl.dart:398:19)
[ConvertToStatefulBaseWidget] 2024-12-19T11:19:20.491447 #15     _Timer._handleMessage (dart:isolate-patch/timer_impl.dart:429:5)
[ConvertToStatefulBaseWidget] 2024-12-19T11:19:20.491447 #16     _RawReceivePort._handleMessage (dart:isolate-patch/isolate_patch.dart:184:12)
[ConvertToStatefulBaseWidget] 2024-12-19T11:19:20.491447
[WrapWithConsumer] 2024-12-19T11:19:20.523920 Plugin WrapWithConsumer threw while analyzing C:\dev\esameCross\cross_platform_its_aapn_2024\pokedex\lib\src\pages\homepage.dart:
[WrapWithConsumer] 2024-12-19T11:19:20.523920 InconsistentAnalysisException: Requested result might be inconsistent with previously returned results
[WrapWithConsumer] 2024-12-19T11:19:20.523920
[WrapWithConsumer] 2024-12-19T11:19:20.523920 #0      AnalysisSessionImpl.checkConsistency (package:analyzer/src/dart/analysis/session.dart:54:7)
[WrapWithConsumer] 2024-12-19T11:19:20.523920 #1      AnalysisSessionImpl.getResolvedUnit (package:analyzer/src/dart/analysis/session.dart:129:5)
[WrapWithConsumer] 2024-12-19T11:19:20.523920 #2      ChangeBuilderImpl._createDartFileEditBuilder (package:analyzer_plugin/src/utilities/change_builder/change_builder_core.dart:287:33)
[WrapWithConsumer] 2024-12-19T11:19:20.523920 #3      ChangeBuilderImpl.addDartFileEdit (package:analyzer_plugin/src/utilities/change_builder/change_builder_core.dart:136:23)
[WrapWithConsumer] 2024-12-19T11:19:20.523920 #4      ChangeBuilderImpl.addDartFileEdit.<anonymous closure> (package:custom_lint_core/src/change_reporter.dart:241:35)
[WrapWithConsumer] 2024-12-19T11:19:20.523920 #5      new Future.<anonymous closure> (dart:async/future.dart:258:40)
[WrapWithConsumer] 2024-12-19T11:19:20.523920 #6      _rootRun (dart:async/zone.dart:1391:47)
[WrapWithConsumer] 2024-12-19T11:19:20.523920 #7      _CustomZone.run (dart:async/zone.dart:1301:19)
[WrapWithConsumer] 2024-12-19T11:19:20.523920 #8      _CustomZone.runGuarded (dart:async/zone.dart:1209:7)
[WrapWithConsumer] 2024-12-19T11:19:20.523920 #9      _CustomZone.bindCallbackGuarded.<anonymous closure> (dart:async/zone.dart:1249:23)
[WrapWithConsumer] 2024-12-19T11:19:20.523920 #10     _rootRun (dart:async/zone.dart:1399:13)
[WrapWithConsumer] 2024-12-19T11:19:20.523920 #11     _CustomZone.run (dart:async/zone.dart:1301:19)
[WrapWithConsumer] 2024-12-19T11:19:20.523920 #12     _CustomZone.bindCallback.<anonymous closure> (dart:async/zone.dart:1233:23)
[WrapWithConsumer] 2024-12-19T11:19:20.523920 #13     Timer._createTimer.<anonymous closure> (dart:async-patch/timer_patch.dart:18:15)
[WrapWithConsumer] 2024-12-19T11:19:20.523920 #14     _Timer._runTimers (dart:isolate-patch/timer_impl.dart:398:19)
[WrapWithConsumer] 2024-12-19T11:19:20.523920 #15     _Timer._handleMessage (dart:isolate-patch/timer_impl.dart:429:5)
[WrapWithConsumer] 2024-12-19T11:19:20.523920 #16     _RawReceivePort._handleMessage (dart:isolate-patch/isolate_patch.dart:184:12)
[WrapWithConsumer] 2024-12-19T11:19:20.523920
[WrapWithProviderScope] 2024-12-19T11:19:20.536139 Plugin WrapWithProviderScope threw while analyzing C:\dev\esameCross\cross_platform_its_aapn_2024\pokedex\lib\src\pages\homepage.dart:
[WrapWithProviderScope] 2024-12-19T11:19:20.536139 InconsistentAnalysisException: Requested result might be inconsistent with previously returned results
[WrapWithProviderScope] 2024-12-19T11:19:20.536139
[WrapWithProviderScope] 2024-12-19T11:19:20.536139 #0      AnalysisSessionImpl.checkConsistency (package:analyzer/src/dart/analysis/session.dart:54:7)
[WrapWithProviderScope] 2024-12-19T11:19:20.536139 #1      AnalysisSessionImpl.getResolvedUnit (package:analyzer/src/dart/analysis/session.dart:129:5)
[WrapWithProviderScope] 2024-12-19T11:19:20.536139 #2      ChangeBuilderImpl._createDartFileEditBuilder (package:analyzer_plugin/src/utilities/change_builder/change_builder_core.dart:287:33)
[WrapWithProviderScope] 2024-12-19T11:19:20.536139 #3      ChangeBuilderImpl.addDartFileEdit (package:analyzer_plugin/src/utilities/change_builder/change_builder_core.dart:136:23)
[WrapWithProviderScope] 2024-12-19T11:19:20.536139 #4      ChangeBuilderImpl.addDartFileEdit.<anonymous closure> (package:custom_lint_core/src/change_reporter.dart:241:35)
[WrapWithProviderScope] 2024-12-19T11:19:20.536139 #5      new Future.<anonymous closure> (dart:async/future.dart:258:40)
[WrapWithProviderScope] 2024-12-19T11:19:20.536139 #6      _rootRun (dart:async/zone.dart:1391:47)
[WrapWithProviderScope] 2024-12-19T11:19:20.536139 #7      _CustomZone.run (dart:async/zone.dart:1301:19)
[WrapWithProviderScope] 2024-12-19T11:19:20.536139 #8      _CustomZone.runGuarded (dart:async/zone.dart:1209:7)
[WrapWithProviderScope] 2024-12-19T11:19:20.536139 #9      _CustomZone.bindCallbackGuarded.<anonymous closure> (dart:async/zone.dart:1249:23)
[WrapWithProviderScope] 2024-12-19T11:19:20.536139 #10     _rootRun (dart:async/zone.dart:1399:13)
[WrapWithProviderScope] 2024-12-19T11:19:20.536139 #11     _CustomZone.run (dart:async/zone.dart:1301:19)
[WrapWithProviderScope] 2024-12-19T11:19:20.536139 #12     _CustomZone.bindCallback.<anonymous closure> (dart:async/zone.dart:1233:23)
[WrapWithProviderScope] 2024-12-19T11:19:20.536139 #13     Timer._createTimer.<anonymous closure> (dart:async-patch/timer_patch.dart:18:15)
[WrapWithProviderScope] 2024-12-19T11:19:20.536139 #14     _Timer._runTimers (dart:isolate-patch/timer_impl.dart:398:19)
[WrapWithProviderScope] 2024-12-19T11:19:20.536139 #15     _Timer._handleMessage (dart:isolate-patch/timer_impl.dart:429:5)
[WrapWithProviderScope] 2024-12-19T11:19:20.536139 #16     _RawReceivePort._handleMessage (dart:isolate-patch/isolate_patch.dart:184:12)
[WrapWithProviderScope] 2024-12-19T11:19:20.536139
[WrapWithConsumer] 2024-12-19T11:19:20.615283 Plugin WrapWithConsumer threw while analyzing C:\dev\esameCross\cross_platform_its_aapn_2024\pokedex\lib\src\pages\homepage.dart:
[WrapWithConsumer] 2024-12-19T11:19:20.615283 InconsistentAnalysisException: Requested result might be inconsistent with previously returned results
[WrapWithConsumer] 2024-12-19T11:19:20.615283
[WrapWithConsumer] 2024-12-19T11:19:20.615283 #0      AnalysisSessionImpl.checkConsistency (package:analyzer/src/dart/analysis/session.dart:54:7)
[WrapWithConsumer] 2024-12-19T11:19:20.615283 #1      AnalysisSessionImpl.getResolvedUnit (package:analyzer/src/dart/analysis/session.dart:129:5)
[WrapWithConsumer] 2024-12-19T11:19:20.615283 #2      ChangeBuilderImpl._createDartFileEditBuilder (package:analyzer_plugin/src/utilities/change_builder/change_builder_core.dart:287:33)
[WrapWithConsumer] 2024-12-19T11:19:20.615283 #3      ChangeBuilderImpl.addDartFileEdit (package:analyzer_plugin/src/utilities/change_builder/change_builder_core.dart:136:23)
[WrapWithConsumer] 2024-12-19T11:19:20.615283 #4      ChangeBuilderImpl.addDartFileEdit.<anonymous closure> (package:custom_lint_core/src/change_reporter.dart:241:35)
[WrapWithConsumer] 2024-12-19T11:19:20.615283 #5      new Future.<anonymous closure> (dart:async/future.dart:258:40)
[WrapWithConsumer] 2024-12-19T11:19:20.615283 #6      _rootRun (dart:async/zone.dart:1391:47)
[WrapWithConsumer] 2024-12-19T11:19:20.615283 #7      _CustomZone.run (dart:async/zone.dart:1301:19)
[WrapWithConsumer] 2024-12-19T11:19:20.615283 #8      _CustomZone.runGuarded (dart:async/zone.dart:1209:7)
[WrapWithConsumer] 2024-12-19T11:19:20.615283 #9      _CustomZone.bindCallbackGuarded.<anonymous closure> (dart:async/zone.dart:1249:23)
[WrapWithConsumer] 2024-12-19T11:19:20.615283 #10     _rootRun (dart:async/zone.dart:1399:13)
[WrapWithConsumer] 2024-12-19T11:19:20.615283 #11     _CustomZone.run (dart:async/zone.dart:1301:19)
[WrapWithConsumer] 2024-12-19T11:19:20.615283 #12     _CustomZone.bindCallback.<anonymous closure> (dart:async/zone.dart:1233:23)
[WrapWithConsumer] 2024-12-19T11:19:20.615283 #13     Timer._createTimer.<anonymous closure> (dart:async-patch/timer_patch.dart:18:15)
[WrapWithConsumer] 2024-12-19T11:19:20.615283 #14     _Timer._runTimers (dart:isolate-patch/timer_impl.dart:398:19)
[WrapWithConsumer] 2024-12-19T11:19:20.615283 #15     _Timer._handleMessage (dart:isolate-patch/timer_impl.dart:429:5)
[WrapWithConsumer] 2024-12-19T11:19:20.615283 #16     _RawReceivePort._handleMessage (dart:isolate-patch/isolate_patch.dart:184:12)
[WrapWithConsumer] 2024-12-19T11:19:20.615283
[WrapWithProviderScope] 2024-12-19T11:19:20.639367 Plugin WrapWithProviderScope threw while analyzing C:\dev\esameCross\cross_platform_its_aapn_2024\pokedex\lib\src\pages\homepage.dart:
[WrapWithProviderScope] 2024-12-19T11:19:20.639367 InconsistentAnalysisException: Requested result might be inconsistent with previously returned results
[WrapWithProviderScope] 2024-12-19T11:19:20.639367
[WrapWithProviderScope] 2024-12-19T11:19:20.639367 #0      AnalysisSessionImpl.checkConsistency (package:analyzer/src/dart/analysis/session.dart:54:7)
[WrapWithProviderScope] 2024-12-19T11:19:20.639367 #1      AnalysisSessionImpl.getResolvedUnit (package:analyzer/src/dart/analysis/session.dart:129:5)
[WrapWithProviderScope] 2024-12-19T11:19:20.639367 #2      ChangeBuilderImpl._createDartFileEditBuilder (package:analyzer_plugin/src/utilities/change_builder/change_builder_core.dart:287:33)
[WrapWithProviderScope] 2024-12-19T11:19:20.639367 #3      ChangeBuilderImpl.addDartFileEdit (package:analyzer_plugin/src/utilities/change_builder/change_builder_core.dart:136:23)
[WrapWithProviderScope] 2024-12-19T11:19:20.639367 #4      ChangeBuilderImpl.addDartFileEdit.<anonymous closure> (package:custom_lint_core/src/change_reporter.dart:241:35)
[WrapWithProviderScope] 2024-12-19T11:19:20.639367 #5      new Future.<anonymous closure> (dart:async/future.dart:258:40)
[WrapWithProviderScope] 2024-12-19T11:19:20.639367 #6      _rootRun (dart:async/zone.dart:1391:47)
[WrapWithProviderScope] 2024-12-19T11:19:20.639367 #7      _CustomZone.run (dart:async/zone.dart:1301:19)
[WrapWithProviderScope] 2024-12-19T11:19:20.639367 #8      _CustomZone.runGuarded (dart:async/zone.dart:1209:7)
[WrapWithProviderScope] 2024-12-19T11:19:20.639367 #9      _CustomZone.bindCallbackGuarded.<anonymous closure> (dart:async/zone.dart:1249:23)
[WrapWithProviderScope] 2024-12-19T11:19:20.639367 #10     _rootRun (dart:async/zone.dart:1399:13)
[WrapWithProviderScope] 2024-12-19T11:19:20.639367 #11     _CustomZone.run (dart:async/zone.dart:1301:19)
[WrapWithProviderScope] 2024-12-19T11:19:20.639367 #12     _CustomZone.bindCallback.<anonymous closure> (dart:async/zone.dart:1233:23)
[WrapWithProviderScope] 2024-12-19T11:19:20.639367 #13     Timer._createTimer.<anonymous closure> (dart:async-patch/timer_patch.dart:18:15)
[WrapWithProviderScope] 2024-12-19T11:19:20.639367 #14     _Timer._runTimers (dart:isolate-patch/timer_impl.dart:398:19)
[WrapWithProviderScope] 2024-12-19T11:19:20.639367 #15     _Timer._handleMessage (dart:isolate-patch/timer_impl.dart:429:5)
[WrapWithProviderScope] 2024-12-19T11:19:20.639367 #16     _RawReceivePort._handleMessage (dart:isolate-patch/isolate_patch.dart:184:12)
[WrapWithProviderScope] 2024-12-19T11:19:20.639367
[WrapWithConsumer] 2024-12-19T11:19:20.659769 Plugin WrapWithConsumer threw while analyzing C:\dev\esameCross\cross_platform_its_aapn_2024\pokedex\lib\src\pages\homepage.dart:
[WrapWithConsumer] 2024-12-19T11:19:20.659769 InconsistentAnalysisException: Requested result might be inconsistent with previously returned results
[WrapWithConsumer] 2024-12-19T11:19:20.659769
[WrapWithConsumer] 2024-12-19T11:19:20.659769 #0      AnalysisSessionImpl.checkConsistency (package:analyzer/src/dart/analysis/session.dart:54:7)
[WrapWithConsumer] 2024-12-19T11:19:20.659769 #1      AnalysisSessionImpl.getResolvedUnit (package:analyzer/src/dart/analysis/session.dart:129:5)
[WrapWithConsumer] 2024-12-19T11:19:20.659769 #2      ChangeBuilderImpl._createDartFileEditBuilder (package:analyzer_plugin/src/utilities/change_builder/change_builder_core.dart:287:33)
[WrapWithConsumer] 2024-12-19T11:19:20.659769 #3      ChangeBuilderImpl.addDartFileEdit (package:analyzer_plugin/src/utilities/change_builder/change_builder_core.dart:136:23)
[WrapWithConsumer] 2024-12-19T11:19:20.659769 #4      ChangeBuilderImpl.addDartFileEdit.<anonymous closure> (package:custom_lint_core/src/change_reporter.dart:241:35)
[WrapWithConsumer] 2024-12-19T11:19:20.659769 #5      new Future.<anonymous closure> (dart:async/future.dart:258:40)
[WrapWithConsumer] 2024-12-19T11:19:20.659769 #6      _rootRun (dart:async/zone.dart:1391:47)
[WrapWithConsumer] 2024-12-19T11:19:20.659769 #7      _CustomZone.run (dart:async/zone.dart:1301:19)
[WrapWithConsumer] 2024-12-19T11:19:20.659769 #8      _CustomZone.runGuarded (dart:async/zone.dart:1209:7)
[WrapWithConsumer] 2024-12-19T11:19:20.659769 #9      _CustomZone.bindCallbackGuarded.<anonymous closure> (dart:async/zone.dart:1249:23)
[WrapWithConsumer] 2024-12-19T11:19:20.659769 #10     _rootRun (dart:async/zone.dart:1399:13)
[WrapWithConsumer] 2024-12-19T11:19:20.659769 #11     _CustomZone.run (dart:async/zone.dart:1301:19)
[WrapWithConsumer] 2024-12-19T11:19:20.659769 #12     _CustomZone.bindCallback.<anonymous closure> (dart:async/zone.dart:1233:23)
[WrapWithConsumer] 2024-12-19T11:19:20.659769 #13     Timer._createTimer.<anonymous closure> (dart:async-patch/timer_patch.dart:18:15)
[WrapWithConsumer] 2024-12-19T11:19:20.659769 #14     _Timer._runTimers (dart:isolate-patch/timer_impl.dart:398:19)
[WrapWithConsumer] 2024-12-19T11:19:20.659769 #15     _Timer._handleMessage (dart:isolate-patch/timer_impl.dart:429:5)
[WrapWithConsumer] 2024-12-19T11:19:20.659769 #16     _RawReceivePort._handleMessage (dart:isolate-patch/isolate_patch.dart:184:12)
[WrapWithConsumer] 2024-12-19T11:19:20.659769
[WrapWithProviderScope] 2024-12-19T11:19:20.683815 Plugin WrapWithProviderScope threw while analyzing C:\dev\esameCross\cross_platform_its_aapn_2024\pokedex\lib\src\pages\homepage.dart:
[WrapWithProviderScope] 2024-12-19T11:19:20.683815 InconsistentAnalysisException: Requested result might be inconsistent with previously returned results
[WrapWithProviderScope] 2024-12-19T11:19:20.683815
[WrapWithProviderScope] 2024-12-19T11:19:20.683815 #0      AnalysisSessionImpl.checkConsistency (package:analyzer/src/dart/analysis/session.dart:54:7)
[WrapWithProviderScope] 2024-12-19T11:19:20.683815 #1      AnalysisSessionImpl.getResolvedUnit (package:analyzer/src/dart/analysis/session.dart:129:5)
[WrapWithProviderScope] 2024-12-19T11:19:20.683815 #2      ChangeBuilderImpl._createDartFileEditBuilder (package:analyzer_plugin/src/utilities/change_builder/change_builder_core.dart:287:33)
[WrapWithProviderScope] 2024-12-19T11:19:20.683815 #3      ChangeBuilderImpl.addDartFileEdit (package:analyzer_plugin/src/utilities/change_builder/change_builder_core.dart:136:23)
[WrapWithProviderScope] 2024-12-19T11:19:20.683815 #4      ChangeBuilderImpl.addDartFileEdit.<anonymous closure> (package:custom_lint_core/src/change_reporter.dart:241:35)
[WrapWithProviderScope] 2024-12-19T11:19:20.683815 #5      new Future.<anonymous closure> (dart:async/future.dart:258:40)
[WrapWithProviderScope] 2024-12-19T11:19:20.683815 #6      _rootRun (dart:async/zone.dart:1391:47)
[WrapWithProviderScope] 2024-12-19T11:19:20.683815 #7      _CustomZone.run (dart:async/zone.dart:1301:19)
[WrapWithProviderScope] 2024-12-19T11:19:20.683815 #8      _CustomZone.runGuarded (dart:async/zone.dart:1209:7)
[WrapWithProviderScope] 2024-12-19T11:19:20.683815 #9      _CustomZone.bindCallbackGuarded.<anonymous closure> (dart:async/zone.dart:1249:23)
[WrapWithProviderScope] 2024-12-19T11:19:20.683815 #10     _rootRun (dart:async/zone.dart:1399:13)
[WrapWithProviderScope] 2024-12-19T11:19:20.683815 #11     _CustomZone.run (dart:async/zone.dart:1301:19)
[WrapWithProviderScope] 2024-12-19T11:19:20.683815 #12     _CustomZone.bindCallback.<anonymous closure> (dart:async/zone.dart:1233:23)
[WrapWithProviderScope] 2024-12-19T11:19:20.683815 #13     Timer._createTimer.<anonymous closure> (dart:async-patch/timer_patch.dart:18:15)
[WrapWithProviderScope] 2024-12-19T11:19:20.683815 #14     _Timer._runTimers (dart:isolate-patch/timer_impl.dart:398:19)
[WrapWithProviderScope] 2024-12-19T11:19:20.683815 #15     _Timer._handleMessage (dart:isolate-patch/timer_impl.dart:429:5)
[WrapWithProviderScope] 2024-12-19T11:19:20.683815 #16     _RawReceivePort._handleMessage (dart:isolate-patch/isolate_patch.dart:184:12)
[WrapWithProviderScope] 2024-12-19T11:19:20.683815
[WrapWithConsumer] 2024-12-19T11:19:20.705681 Plugin WrapWithConsumer threw while analyzing C:\dev\esameCross\cross_platform_its_aapn_2024\pokedex\lib\src\pages\homepage.dart:
[WrapWithConsumer] 2024-12-19T11:19:20.705681 InconsistentAnalysisException: Requested result might be inconsistent with previously returned results
[WrapWithConsumer] 2024-12-19T11:19:20.705681
[WrapWithConsumer] 2024-12-19T11:19:20.705681 #0      AnalysisSessionImpl.checkConsistency (package:analyzer/src/dart/analysis/session.dart:54:7)
[WrapWithConsumer] 2024-12-19T11:19:20.705681 #1      AnalysisSessionImpl.getResolvedUnit (package:analyzer/src/dart/analysis/session.dart:129:5)
[WrapWithConsumer] 2024-12-19T11:19:20.705681 #2      ChangeBuilderImpl._createDartFileEditBuilder (package:analyzer_plugin/src/utilities/change_builder/change_builder_core.dart:287:33)
[WrapWithConsumer] 2024-12-19T11:19:20.705681 #3      ChangeBuilderImpl.addDartFileEdit (package:analyzer_plugin/src/utilities/change_builder/change_builder_core.dart:136:23)
[WrapWithConsumer] 2024-12-19T11:19:20.705681 #4      ChangeBuilderImpl.addDartFileEdit.<anonymous closure> (package:custom_lint_core/src/change_reporter.dart:241:35)
[WrapWithConsumer] 2024-12-19T11:19:20.705681 #5      new Future.<anonymous closure> (dart:async/future.dart:258:40)
[WrapWithConsumer] 2024-12-19T11:19:20.705681 #6      _rootRun (dart:async/zone.dart:1391:47)
[WrapWithConsumer] 2024-12-19T11:19:20.705681 #7      _CustomZone.run (dart:async/zone.dart:1301:19)
[WrapWithConsumer] 2024-12-19T11:19:20.705681 #8      _CustomZone.runGuarded (dart:async/zone.dart:1209:7)
[WrapWithConsumer] 2024-12-19T11:19:20.705681 #9      _CustomZone.bindCallbackGuarded.<anonymous closure> (dart:async/zone.dart:1249:23)
[WrapWithConsumer] 2024-12-19T11:19:20.705681 #10     _rootRun (dart:async/zone.dart:1399:13)
[WrapWithConsumer] 2024-12-19T11:19:20.705681 #11     _CustomZone.run (dart:async/zone.dart:1301:19)
[WrapWithConsumer] 2024-12-19T11:19:20.705681 #12     _CustomZone.bindCallback.<anonymous closure> (dart:async/zone.dart:1233:23)
[WrapWithConsumer] 2024-12-19T11:19:20.705681 #13     Timer._createTimer.<anonymous closure> (dart:async-patch/timer_patch.dart:18:15)
[WrapWithConsumer] 2024-12-19T11:19:20.705681 #14     _Timer._runTimers (dart:isolate-patch/timer_impl.dart:398:19)
[WrapWithConsumer] 2024-12-19T11:19:20.705681 #15     _Timer._handleMessage (dart:isolate-patch/timer_impl.dart:429:5)
[WrapWithConsumer] 2024-12-19T11:19:20.705681 #16     _RawReceivePort._handleMessage (dart:isolate-patch/isolate_patch.dart:184:12)
[WrapWithConsumer] 2024-12-19T11:19:20.705681
[WrapWithProviderScope] 2024-12-19T11:19:20.725497 Plugin WrapWithProviderScope threw while analyzing C:\dev\esameCross\cross_platform_its_aapn_2024\pokedex\lib\src\pages\homepage.dart:
[WrapWithProviderScope] 2024-12-19T11:19:20.725497 InconsistentAnalysisException: Requested result might be inconsistent with previously returned results
[WrapWithProviderScope] 2024-12-19T11:19:20.725497
[WrapWithProviderScope] 2024-12-19T11:19:20.725497 #0      AnalysisSessionImpl.checkConsistency (package:analyzer/src/dart/analysis/session.dart:54:7)
[WrapWithProviderScope] 2024-12-19T11:19:20.725497 #1      AnalysisSessionImpl.getResolvedUnit (package:analyzer/src/dart/analysis/session.dart:129:5)
[WrapWithProviderScope] 2024-12-19T11:19:20.725497 #2      ChangeBuilderImpl._createDartFileEditBuilder (package:analyzer_plugin/src/utilities/change_builder/change_builder_core.dart:287:33)
[WrapWithProviderScope] 2024-12-19T11:19:20.725497 #3      ChangeBuilderImpl.addDartFileEdit (package:analyzer_plugin/src/utilities/change_builder/change_builder_core.dart:136:23)
[WrapWithProviderScope] 2024-12-19T11:19:20.725497 #4      ChangeBuilderImpl.addDartFileEdit.<anonymous closure> (package:custom_lint_core/src/change_reporter.dart:241:35)
[WrapWithProviderScope] 2024-12-19T11:19:20.725497 #5      new Future.<anonymous closure> (dart:async/future.dart:258:40)
[WrapWithProviderScope] 2024-12-19T11:19:20.725497 #6      _rootRun (dart:async/zone.dart:1391:47)
[WrapWithProviderScope] 2024-12-19T11:19:20.725497 #7      _CustomZone.run (dart:async/zone.dart:1301:19)
[WrapWithProviderScope] 2024-12-19T11:19:20.725497 #8      _CustomZone.runGuarded (dart:async/zone.dart:1209:7)
[WrapWithProviderScope] 2024-12-19T11:19:20.725497 #9      _CustomZone.bindCallbackGuarded.<anonymous closure> (dart:async/zone.dart:1249:23)
[WrapWithProviderScope] 2024-12-19T11:19:20.725497 #10     _rootRun (dart:async/zone.dart:1399:13)
[WrapWithProviderScope] 2024-12-19T11:19:20.725497 #11     _CustomZone.run (dart:async/zone.dart:1301:19)
[WrapWithProviderScope] 2024-12-19T11:19:20.725497 #12     _CustomZone.bindCallback.<anonymous closure> (dart:async/zone.dart:1233:23)
[WrapWithProviderScope] 2024-12-19T11:19:20.725497 #13     Timer._createTimer.<anonymous closure> (dart:async-patch/timer_patch.dart:18:15)
[WrapWithProviderScope] 2024-12-19T11:19:20.725497 #14     _Timer._runTimers (dart:isolate-patch/timer_impl.dart:398:19)
[WrapWithProviderScope] 2024-12-19T11:19:20.725497 #15     _Timer._handleMessage (dart:isolate-patch/timer_impl.dart:429:5)
[WrapWithProviderScope] 2024-12-19T11:19:20.725497 #16     _RawReceivePort._handleMessage (dart:isolate-patch/isolate_patch.dart:184:12)
[WrapWithProviderScope] 2024-12-19T11:19:20.725497
[WrapWithConsumer] 2024-12-19T11:19:20.743178 Plugin WrapWithConsumer threw while analyzing C:\dev\esameCross\cross_platform_its_aapn_2024\pokedex\lib\src\pages\homepage.dart:
[WrapWithConsumer] 2024-12-19T11:19:20.743178 InconsistentAnalysisException: Requested result might be inconsistent with previously returned results
[WrapWithConsumer] 2024-12-19T11:19:20.743178
[WrapWithConsumer] 2024-12-19T11:19:20.743178 #0      AnalysisSessionImpl.checkConsistency (package:analyzer/src/dart/analysis/session.dart:54:7)
[WrapWithConsumer] 2024-12-19T11:19:20.743178 #1      AnalysisSessionImpl.getResolvedUnit (package:analyzer/src/dart/analysis/session.dart:129:5)
[WrapWithConsumer] 2024-12-19T11:19:20.743178 #2      ChangeBuilderImpl._createDartFileEditBuilder (package:analyzer_plugin/src/utilities/change_builder/change_builder_core.dart:287:33)
[WrapWithConsumer] 2024-12-19T11:19:20.743178 #3      ChangeBuilderImpl.addDartFileEdit (package:analyzer_plugin/src/utilities/change_builder/change_builder_core.dart:136:23)
[WrapWithConsumer] 2024-12-19T11:19:20.743178 #4      ChangeBuilderImpl.addDartFileEdit.<anonymous closure> (package:custom_lint_core/src/change_reporter.dart:241:35)
[WrapWithConsumer] 2024-12-19T11:19:20.743178 #5      new Future.<anonymous closure> (dart:async/future.dart:258:40)
[WrapWithConsumer] 2024-12-19T11:19:20.743178 #6      _rootRun (dart:async/zone.dart:1391:47)
[WrapWithConsumer] 2024-12-19T11:19:20.743178 #7      _CustomZone.run (dart:async/zone.dart:1301:19)
[WrapWithConsumer] 2024-12-19T11:19:20.743178 #8      _CustomZone.runGuarded (dart:async/zone.dart:1209:7)
[WrapWithConsumer] 2024-12-19T11:19:20.743178 #9      _CustomZone.bindCallbackGuarded.<anonymous closure> (dart:async/zone.dart:1249:23)
[WrapWithConsumer] 2024-12-19T11:19:20.743178 #10     _rootRun (dart:async/zone.dart:1399:13)
[WrapWithConsumer] 2024-12-19T11:19:20.743178 #11     _CustomZone.run (dart:async/zone.dart:1301:19)
[WrapWithConsumer] 2024-12-19T11:19:20.743178 #12     _CustomZone.bindCallback.<anonymous closure> (dart:async/zone.dart:1233:23)
[WrapWithConsumer] 2024-12-19T11:19:20.743178 #13     Timer._createTimer.<anonymous closure> (dart:async-patch/timer_patch.dart:18:15)
[WrapWithConsumer] 2024-12-19T11:19:20.743178 #14     _Timer._runTimers (dart:isolate-patch/timer_impl.dart:398:19)
[WrapWithConsumer] 2024-12-19T11:19:20.743178 #15     _Timer._handleMessage (dart:isolate-patch/timer_impl.dart:429:5)
[WrapWithConsumer] 2024-12-19T11:19:20.743178 #16     _RawReceivePort._handleMessage (dart:isolate-patch/isolate_patch.dart:184:12)
[WrapWithConsumer] 2024-12-19T11:19:20.743178
[WrapWithProviderScope] 2024-12-19T11:19:20.784584 Plugin WrapWithProviderScope threw while analyzing C:\dev\esameCross\cross_platform_its_aapn_2024\pokedex\lib\src\pages\homepage.dart:
[WrapWithProviderScope] 2024-12-19T11:19:20.784584 InconsistentAnalysisException: Requested result might be inconsistent with previously returned results
[WrapWithProviderScope] 2024-12-19T11:19:20.784584
[WrapWithProviderScope] 2024-12-19T11:19:20.784584 #0      AnalysisSessionImpl.checkConsistency (package:analyzer/src/dart/analysis/session.dart:54:7)
[WrapWithProviderScope] 2024-12-19T11:19:20.784584 #1      AnalysisSessionImpl.getResolvedUnit (package:analyzer/src/dart/analysis/session.dart:129:5)
[WrapWithProviderScope] 2024-12-19T11:19:20.784584 #2      ChangeBuilderImpl._createDartFileEditBuilder (package:analyzer_plugin/src/utilities/change_builder/change_builder_core.dart:287:33)
[WrapWithProviderScope] 2024-12-19T11:19:20.784584 #3      ChangeBuilderImpl.addDartFileEdit (package:analyzer_plugin/src/utilities/change_builder/change_builder_core.dart:136:23)
[WrapWithProviderScope] 2024-12-19T11:19:20.784584 #4      ChangeBuilderImpl.addDartFileEdit.<anonymous closure> (package:custom_lint_core/src/change_reporter.dart:241:35)
[WrapWithProviderScope] 2024-12-19T11:19:20.784584 #5      new Future.<anonymous closure> (dart:async/future.dart:258:40)
[WrapWithProviderScope] 2024-12-19T11:19:20.784584 #6      _rootRun (dart:async/zone.dart:1391:47)
[WrapWithProviderScope] 2024-12-19T11:19:20.784584 #7      _CustomZone.run (dart:async/zone.dart:1301:19)
[WrapWithProviderScope] 2024-12-19T11:19:20.784584 #8      _CustomZone.runGuarded (dart:async/zone.dart:1209:7)
[WrapWithProviderScope] 2024-12-19T11:19:20.784584 #9      _CustomZone.bindCallbackGuarded.<anonymous closure> (dart:async/zone.dart:1249:23)
[WrapWithProviderScope] 2024-12-19T11:19:20.784584 #10     _rootRun (dart:async/zone.dart:1399:13)
[WrapWithProviderScope] 2024-12-19T11:19:20.784584 #11     _CustomZone.run (dart:async/zone.dart:1301:19)
[WrapWithProviderScope] 2024-12-19T11:19:20.784584 #12     _CustomZone.bindCallback.<anonymous closure> (dart:async/zone.dart:1233:23)
[WrapWithProviderScope] 2024-12-19T11:19:20.784584 #13     Timer._createTimer.<anonymous closure> (dart:async-patch/timer_patch.dart:18:15)
[WrapWithProviderScope] 2024-12-19T11:19:20.784584 #14     _Timer._runTimers (dart:isolate-patch/timer_impl.dart:398:19)
[WrapWithProviderScope] 2024-12-19T11:19:20.784584 #15     _Timer._handleMessage (dart:isolate-patch/timer_impl.dart:429:5)
[WrapWithProviderScope] 2024-12-19T11:19:20.784584 #16     _RawReceivePort._handleMessage (dart:isolate-patch/isolate_patch.dart:184:12)
[WrapWithProviderScope] 2024-12-19T11:19:20.784584
[WrapWithConsumer] 2024-12-19T11:19:20.824566 Plugin WrapWithConsumer threw while analyzing C:\dev\esameCross\cross_platform_its_aapn_2024\pokedex\lib\src\pages\homepage.dart:
[WrapWithConsumer] 2024-12-19T11:19:20.824566 InconsistentAnalysisException: Requested result might be inconsistent with previously returned results
[WrapWithConsumer] 2024-12-19T11:19:20.824566
[WrapWithConsumer] 2024-12-19T11:19:20.824566 #0      AnalysisSessionImpl.checkConsistency (package:analyzer/src/dart/analysis/session.dart:54:7)
[WrapWithConsumer] 2024-12-19T11:19:20.824566 #1      AnalysisSessionImpl.getResolvedUnit (package:analyzer/src/dart/analysis/session.dart:129:5)
[WrapWithConsumer] 2024-12-19T11:19:20.824566 #2      ChangeBuilderImpl._createDartFileEditBuilder (package:analyzer_plugin/src/utilities/change_builder/change_builder_core.dart:287:33)
[WrapWithConsumer] 2024-12-19T11:19:20.824566 #3      ChangeBuilderImpl.addDartFileEdit (package:analyzer_plugin/src/utilities/change_builder/change_builder_core.dart:136:23)
[WrapWithConsumer] 2024-12-19T11:19:20.824566 #4      ChangeBuilderImpl.addDartFileEdit.<anonymous closure> (package:custom_lint_core/src/change_reporter.dart:241:35)
[WrapWithConsumer] 2024-12-19T11:19:20.824566 #5      new Future.<anonymous closure> (dart:async/future.dart:258:40)
[WrapWithConsumer] 2024-12-19T11:19:20.824566 #6      _rootRun (dart:async/zone.dart:1391:47)
[WrapWithConsumer] 2024-12-19T11:19:20.824566 #7      _CustomZone.run (dart:async/zone.dart:1301:19)
[WrapWithConsumer] 2024-12-19T11:19:20.824566 #8      _CustomZone.runGuarded (dart:async/zone.dart:1209:7)
[WrapWithConsumer] 2024-12-19T11:19:20.824566 #9      _CustomZone.bindCallbackGuarded.<anonymous closure> (dart:async/zone.dart:1249:23)
[WrapWithConsumer] 2024-12-19T11:19:20.824566 #10     _rootRun (dart:async/zone.dart:1399:13)
[WrapWithConsumer] 2024-12-19T11:19:20.824566 #11     _CustomZone.run (dart:async/zone.dart:1301:19)
[WrapWithConsumer] 2024-12-19T11:19:20.824566 #12     _CustomZone.bindCallback.<anonymous closure> (dart:async/zone.dart:1233:23)
[WrapWithConsumer] 2024-12-19T11:19:20.824566 #13     Timer._createTimer.<anonymous closure> (dart:async-patch/timer_patch.dart:18:15)
[WrapWithConsumer] 2024-12-19T11:19:20.824566 #14     _Timer._runTimers (dart:isolate-patch/timer_impl.dart:398:19)
[WrapWithConsumer] 2024-12-19T11:19:20.824566 #15     _Timer._handleMessage (dart:isolate-patch/timer_impl.dart:429:5)
[WrapWithConsumer] 2024-12-19T11:19:20.824566 #16     _RawReceivePort._handleMessage (dart:isolate-patch/isolate_patch.dart:184:12)
[WrapWithConsumer] 2024-12-19T11:19:20.824566
[WrapWithProviderScope] 2024-12-19T11:19:20.853327 Plugin WrapWithProviderScope threw while analyzing C:\dev\esameCross\cross_platform_its_aapn_2024\pokedex\lib\src\pages\homepage.dart:
[WrapWithProviderScope] 2024-12-19T11:19:20.853327 InconsistentAnalysisException: Requested result might be inconsistent with previously returned results
[WrapWithProviderScope] 2024-12-19T11:19:20.853327
[WrapWithProviderScope] 2024-12-19T11:19:20.853327 #0      AnalysisSessionImpl.checkConsistency (package:analyzer/src/dart/analysis/session.dart:54:7)
[WrapWithProviderScope] 2024-12-19T11:19:20.853327 #1      AnalysisSessionImpl.getResolvedUnit (package:analyzer/src/dart/analysis/session.dart:129:5)
[WrapWithProviderScope] 2024-12-19T11:19:20.853327 #2      ChangeBuilderImpl._createDartFileEditBuilder (package:analyzer_plugin/src/utilities/change_builder/change_builder_core.dart:287:33)
[WrapWithProviderScope] 2024-12-19T11:19:20.853327 #3      ChangeBuilderImpl.addDartFileEdit (package:analyzer_plugin/src/utilities/change_builder/change_builder_core.dart:136:23)
[WrapWithProviderScope] 2024-12-19T11:19:20.853327 #4      ChangeBuilderImpl.addDartFileEdit.<anonymous closure> (package:custom_lint_core/src/change_reporter.dart:241:35)
[WrapWithProviderScope] 2024-12-19T11:19:20.853327 #5      new Future.<anonymous closure> (dart:async/future.dart:258:40)
[WrapWithProviderScope] 2024-12-19T11:19:20.853327 #6      _rootRun (dart:async/zone.dart:1391:47)
[WrapWithProviderScope] 2024-12-19T11:19:20.853327 #7      _CustomZone.run (dart:async/zone.dart:1301:19)
[WrapWithProviderScope] 2024-12-19T11:19:20.853327 #8      _CustomZone.runGuarded (dart:async/zone.dart:1209:7)
[WrapWithProviderScope] 2024-12-19T11:19:20.853327 #9      _CustomZone.bindCallbackGuarded.<anonymous closure> (dart:async/zone.dart:1249:23)
[WrapWithProviderScope] 2024-12-19T11:19:20.853327 #10     _rootRun (dart:async/zone.dart:1399:13)
[WrapWithProviderScope] 2024-12-19T11:19:20.853327 #11     _CustomZone.run (dart:async/zone.dart:1301:19)
[WrapWithProviderScope] 2024-12-19T11:19:20.853327 #12     _CustomZone.bindCallback.<anonymous closure> (dart:async/zone.dart:1233:23)
[WrapWithProviderScope] 2024-12-19T11:19:20.853327 #13     Timer._createTimer.<anonymous closure> (dart:async-patch/timer_patch.dart:18:15)
[WrapWithProviderScope] 2024-12-19T11:19:20.853327 #14     _Timer._runTimers (dart:isolate-patch/timer_impl.dart:398:19)
[WrapWithProviderScope] 2024-12-19T11:19:20.853327 #15     _Timer._handleMessage (dart:isolate-patch/timer_impl.dart:429:5)
[WrapWithProviderScope] 2024-12-19T11:19:20.853327 #16     _RawReceivePort._handleMessage (dart:isolate-patch/isolate_patch.dart:184:12)
[WrapWithProviderScope] 2024-12-19T11:19:20.853327
[WrapWithConsumer] 2024-12-19T11:19:20.877357 Plugin WrapWithConsumer threw while analyzing C:\dev\esameCross\cross_platform_its_aapn_2024\pokedex\lib\src\pages\homepage.dart:
[WrapWithConsumer] 2024-12-19T11:19:20.877357 InconsistentAnalysisException: Requested result might be inconsistent with previously returned results
[WrapWithConsumer] 2024-12-19T11:19:20.877357
[WrapWithConsumer] 2024-12-19T11:19:20.877357 #0      AnalysisSessionImpl.checkConsistency (package:analyzer/src/dart/analysis/session.dart:54:7)
[WrapWithConsumer] 2024-12-19T11:19:20.877357 #1      AnalysisSessionImpl.getResolvedUnit (package:analyzer/src/dart/analysis/session.dart:129:5)
[WrapWithConsumer] 2024-12-19T11:19:20.877357 #2      ChangeBuilderImpl._createDartFileEditBuilder (package:analyzer_plugin/src/utilities/change_builder/change_builder_core.dart:287:33)
[WrapWithConsumer] 2024-12-19T11:19:20.877357 #3      ChangeBuilderImpl.addDartFileEdit (package:analyzer_plugin/src/utilities/change_builder/change_builder_core.dart:136:23)
[WrapWithConsumer] 2024-12-19T11:19:20.877357 #4      ChangeBuilderImpl.addDartFileEdit.<anonymous closure> (package:custom_lint_core/src/change_reporter.dart:241:35)
[WrapWithConsumer] 2024-12-19T11:19:20.877357 #5      new Future.<anonymous closure> (dart:async/future.dart:258:40)
[WrapWithConsumer] 2024-12-19T11:19:20.877357 #6      _rootRun (dart:async/zone.dart:1391:47)
[WrapWithConsumer] 2024-12-19T11:19:20.877357 #7      _CustomZone.run (dart:async/zone.dart:1301:19)
[WrapWithConsumer] 2024-12-19T11:19:20.877357 #8      _CustomZone.runGuarded (dart:async/zone.dart:1209:7)
[WrapWithConsumer] 2024-12-19T11:19:20.877357 #9      _CustomZone.bindCallbackGuarded.<anonymous closure> (dart:async/zone.dart:1249:23)
[WrapWithConsumer] 2024-12-19T11:19:20.877357 #10     _rootRun (dart:async/zone.dart:1399:13)
[WrapWithConsumer] 2024-12-19T11:19:20.877357 #11     _CustomZone.run (dart:async/zone.dart:1301:19)
[WrapWithConsumer] 2024-12-19T11:19:20.877357 #12     _CustomZone.bindCallback.<anonymous closure> (dart:async/zone.dart:1233:23)
[WrapWithConsumer] 2024-12-19T11:19:20.877357 #13     Timer._createTimer.<anonymous closure> (dart:async-patch/timer_patch.dart:18:15)
[WrapWithConsumer] 2024-12-19T11:19:20.877357 #14     _Timer._runTimers (dart:isolate-patch/timer_impl.dart:398:19)
[WrapWithConsumer] 2024-12-19T11:19:20.877357 #15     _Timer._handleMessage (dart:isolate-patch/timer_impl.dart:429:5)
[WrapWithConsumer] 2024-12-19T11:19:20.877357 #16     _RawReceivePort._handleMessage (dart:isolate-patch/isolate_patch.dart:184:12)
[WrapWithConsumer] 2024-12-19T11:19:20.877357
[WrapWithProviderScope] 2024-12-19T11:19:20.896170 Plugin WrapWithProviderScope threw while analyzing C:\dev\esameCross\cross_platform_its_aapn_2024\pokedex\lib\src\pages\homepage.dart:
[WrapWithProviderScope] 2024-12-19T11:19:20.896170 InconsistentAnalysisException: Requested result might be inconsistent with previously returned results
[WrapWithProviderScope] 2024-12-19T11:19:20.896170
[WrapWithProviderScope] 2024-12-19T11:19:20.896170 #0      AnalysisSessionImpl.checkConsistency (package:analyzer/src/dart/analysis/session.dart:54:7)
[WrapWithProviderScope] 2024-12-19T11:19:20.896170 #1      AnalysisSessionImpl.getResolvedUnit (package:analyzer/src/dart/analysis/session.dart:129:5)
[WrapWithProviderScope] 2024-12-19T11:19:20.896170 #2      ChangeBuilderImpl._createDartFileEditBuilder (package:analyzer_plugin/src/utilities/change_builder/change_builder_core.dart:287:33)
[WrapWithProviderScope] 2024-12-19T11:19:20.896170 #3      ChangeBuilderImpl.addDartFileEdit (package:analyzer_plugin/src/utilities/change_builder/change_builder_core.dart:136:23)
[WrapWithProviderScope] 2024-12-19T11:19:20.896170 #4      ChangeBuilderImpl.addDartFileEdit.<anonymous closure> (package:custom_lint_core/src/change_reporter.dart:241:35)
[WrapWithProviderScope] 2024-12-19T11:19:20.896170 #5      new Future.<anonymous closure> (dart:async/future.dart:258:40)
[WrapWithProviderScope] 2024-12-19T11:19:20.896170 #6      _rootRun (dart:async/zone.dart:1391:47)
[WrapWithProviderScope] 2024-12-19T11:19:20.896170 #7      _CustomZone.run (dart:async/zone.dart:1301:19)
[WrapWithProviderScope] 2024-12-19T11:19:20.896170 #8      _CustomZone.runGuarded (dart:async/zone.dart:1209:7)
[WrapWithProviderScope] 2024-12-19T11:19:20.896170 #9      _CustomZone.bindCallbackGuarded.<anonymous closure> (dart:async/zone.dart:1249:23)
[WrapWithProviderScope] 2024-12-19T11:19:20.896170 #10     _rootRun (dart:async/zone.dart:1399:13)
[WrapWithProviderScope] 2024-12-19T11:19:20.896170 #11     _CustomZone.run (dart:async/zone.dart:1301:19)
[WrapWithProviderScope] 2024-12-19T11:19:20.896170 #12     _CustomZone.bindCallback.<anonymous closure> (dart:async/zone.dart:1233:23)
[WrapWithProviderScope] 2024-12-19T11:19:20.896170 #13     Timer._createTimer.<anonymous closure> (dart:async-patch/timer_patch.dart:18:15)
[WrapWithProviderScope] 2024-12-19T11:19:20.896170 #14     _Timer._runTimers (dart:isolate-patch/timer_impl.dart:398:19)
[WrapWithProviderScope] 2024-12-19T11:19:20.896170 #15     _Timer._handleMessage (dart:isolate-patch/timer_impl.dart:429:5)
[WrapWithProviderScope] 2024-12-19T11:19:20.896170 #16     _RawReceivePort._handleMessage (dart:isolate-patch/isolate_patch.dart:184:12)
[WrapWithProviderScope] 2024-12-19T11:19:20.896170
[WrapWithConsumer] 2024-12-19T11:19:20.916227 Plugin WrapWithConsumer threw while analyzing C:\dev\esameCross\cross_platform_its_aapn_2024\pokedex\lib\src\pages\homepage.dart:
[WrapWithConsumer] 2024-12-19T11:19:20.916227 InconsistentAnalysisException: Requested result might be inconsistent with previously returned results
[WrapWithConsumer] 2024-12-19T11:19:20.916227
[WrapWithConsumer] 2024-12-19T11:19:20.916227 #0      AnalysisSessionImpl.checkConsistency (package:analyzer/src/dart/analysis/session.dart:54:7)
[WrapWithConsumer] 2024-12-19T11:19:20.916227 #1      AnalysisSessionImpl.getResolvedUnit (package:analyzer/src/dart/analysis/session.dart:129:5)
[WrapWithConsumer] 2024-12-19T11:19:20.916227 #2      ChangeBuilderImpl._createDartFileEditBuilder (package:analyzer_plugin/src/utilities/change_builder/change_builder_core.dart:287:33)
[WrapWithConsumer] 2024-12-19T11:19:20.916227 #3      ChangeBuilderImpl.addDartFileEdit (package:analyzer_plugin/src/utilities/change_builder/change_builder_core.dart:136:23)
[WrapWithConsumer] 2024-12-19T11:19:20.916227 #4      ChangeBuilderImpl.addDartFileEdit.<anonymous closure> (package:custom_lint_core/src/change_reporter.dart:241:35)
[WrapWithConsumer] 2024-12-19T11:19:20.916227 #5      new Future.<anonymous closure> (dart:async/future.dart:258:40)
[WrapWithConsumer] 2024-12-19T11:19:20.916227 #6      _rootRun (dart:async/zone.dart:1391:47)
[WrapWithConsumer] 2024-12-19T11:19:20.916227 #7      _CustomZone.run (dart:async/zone.dart:1301:19)
[WrapWithConsumer] 2024-12-19T11:19:20.916227 #8      _CustomZone.runGuarded (dart:async/zone.dart:1209:7)
[WrapWithConsumer] 2024-12-19T11:19:20.916227 #9      _CustomZone.bindCallbackGuarded.<anonymous closure> (dart:async/zone.dart:1249:23)
[WrapWithConsumer] 2024-12-19T11:19:20.916227 #10     _rootRun (dart:async/zone.dart:1399:13)
[WrapWithConsumer] 2024-12-19T11:19:20.916227 #11     _CustomZone.run (dart:async/zone.dart:1301:19)
[WrapWithConsumer] 2024-12-19T11:19:20.916227 #12     _CustomZone.bindCallback.<anonymous closure> (dart:async/zone.dart:1233:23)
[WrapWithConsumer] 2024-12-19T11:19:20.916227 #13     Timer._createTimer.<anonymous closure> (dart:async-patch/timer_patch.dart:18:15)
[WrapWithConsumer] 2024-12-19T11:19:20.916227 #14     _Timer._runTimers (dart:isolate-patch/timer_impl.dart:398:19)
[WrapWithConsumer] 2024-12-19T11:19:20.916227 #15     _Timer._handleMessage (dart:isolate-patch/timer_impl.dart:429:5)
[WrapWithConsumer] 2024-12-19T11:19:20.916227 #16     _RawReceivePort._handleMessage (dart:isolate-patch/isolate_patch.dart:184:12)
[WrapWithConsumer] 2024-12-19T11:19:20.916227
[WrapWithProviderScope] 2024-12-19T11:19:20.936036 Plugin WrapWithProviderScope threw while analyzing C:\dev\esameCross\cross_platform_its_aapn_2024\pokedex\lib\src\pages\homepage.dart:
[WrapWithProviderScope] 2024-12-19T11:19:20.936036 InconsistentAnalysisException: Requested result might be inconsistent with previously returned results
[WrapWithProviderScope] 2024-12-19T11:19:20.936036
[WrapWithProviderScope] 2024-12-19T11:19:20.936036 #0      AnalysisSessionImpl.checkConsistency (package:analyzer/src/dart/analysis/session.dart:54:7)
[WrapWithProviderScope] 2024-12-19T11:19:20.936036 #1      AnalysisSessionImpl.getResolvedUnit (package:analyzer/src/dart/analysis/session.dart:129:5)
[WrapWithProviderScope] 2024-12-19T11:19:20.936036 #2      ChangeBuilderImpl._createDartFileEditBuilder (package:analyzer_plugin/src/utilities/change_builder/change_builder_core.dart:287:33)
[WrapWithProviderScope] 2024-12-19T11:19:20.936036 #3      ChangeBuilderImpl.addDartFileEdit (package:analyzer_plugin/src/utilities/change_builder/change_builder_core.dart:136:23)
[WrapWithProviderScope] 2024-12-19T11:19:20.936036 #4      ChangeBuilderImpl.addDartFileEdit.<anonymous closure> (package:custom_lint_core/src/change_reporter.dart:241:35)
[WrapWithProviderScope] 2024-12-19T11:19:20.936036 #5      new Future.<anonymous closure> (dart:async/future.dart:258:40)
[WrapWithProviderScope] 2024-12-19T11:19:20.936036 #6      _rootRun (dart:async/zone.dart:1391:47)
[WrapWithProviderScope] 2024-12-19T11:19:20.936036 #7      _CustomZone.run (dart:async/zone.dart:1301:19)
[WrapWithProviderScope] 2024-12-19T11:19:20.936036 #8      _CustomZone.runGuarded (dart:async/zone.dart:1209:7)
[WrapWithProviderScope] 2024-12-19T11:19:20.936036 #9      _CustomZone.bindCallbackGuarded.<anonymous closure> (dart:async/zone.dart:1249:23)
[WrapWithProviderScope] 2024-12-19T11:19:20.936036 #10     _rootRun (dart:async/zone.dart:1399:13)
[WrapWithProviderScope] 2024-12-19T11:19:20.936036 #11     _CustomZone.run (dart:async/zone.dart:1301:19)
[WrapWithProviderScope] 2024-12-19T11:19:20.936036 #12     _CustomZone.bindCallback.<anonymous closure> (dart:async/zone.dart:1233:23)
[WrapWithProviderScope] 2024-12-19T11:19:20.936036 #13     Timer._createTimer.<anonymous closure> (dart:async-patch/timer_patch.dart:18:15)
[WrapWithProviderScope] 2024-12-19T11:19:20.936036 #14     _Timer._runTimers (dart:isolate-patch/timer_impl.dart:398:19)
[WrapWithProviderScope] 2024-12-19T11:19:20.936036 #15     _Timer._handleMessage (dart:isolate-patch/timer_impl.dart:429:5)
[WrapWithProviderScope] 2024-12-19T11:19:20.936036 #16     _RawReceivePort._handleMessage (dart:isolate-patch/isolate_patch.dart:184:12)
[WrapWithProviderScope] 2024-12-19T11:19:20.936036
[WrapWithConsumer] 2024-12-19T11:19:20.997454 Plugin WrapWithConsumer threw while analyzing C:\dev\esameCross\cross_platform_its_aapn_2024\pokedex\lib\src\pages\homepage.dart:
[WrapWithConsumer] 2024-12-19T11:19:20.997454 InconsistentAnalysisException: Requested result might be inconsistent with previously returned results
[WrapWithConsumer] 2024-12-19T11:19:20.997454
[WrapWithConsumer] 2024-12-19T11:19:20.997454 #0      AnalysisSessionImpl.checkConsistency (package:analyzer/src/dart/analysis/session.dart:54:7)
[WrapWithConsumer] 2024-12-19T11:19:20.997454 #1      AnalysisSessionImpl.getResolvedUnit (package:analyzer/src/dart/analysis/session.dart:129:5)
[WrapWithConsumer] 2024-12-19T11:19:20.997454 #2      ChangeBuilderImpl._createDartFileEditBuilder (package:analyzer_plugin/src/utilities/change_builder/change_builder_core.dart:287:33)
[WrapWithConsumer] 2024-12-19T11:19:20.997454 #3      ChangeBuilderImpl.addDartFileEdit (package:analyzer_plugin/src/utilities/change_builder/change_builder_core.dart:136:23)
[WrapWithConsumer] 2024-12-19T11:19:20.997454 #4      ChangeBuilderImpl.addDartFileEdit.<anonymous closure> (package:custom_lint_core/src/change_reporter.dart:241:35)
[WrapWithConsumer] 2024-12-19T11:19:20.997454 #5      new Future.<anonymous closure> (dart:async/future.dart:258:40)
[WrapWithConsumer] 2024-12-19T11:19:20.997454 #6      _rootRun (dart:async/zone.dart:1391:47)
[WrapWithConsumer] 2024-12-19T11:19:20.997454 #7      _CustomZone.run (dart:async/zone.dart:1301:19)
[WrapWithConsumer] 2024-12-19T11:19:20.997454 #8      _CustomZone.runGuarded (dart:async/zone.dart:1209:7)
[WrapWithConsumer] 2024-12-19T11:19:20.997454 #9      _CustomZone.bindCallbackGuarded.<anonymous closure> (dart:async/zone.dart:1249:23)
[WrapWithConsumer] 2024-12-19T11:19:20.997454 #10     _rootRun (dart:async/zone.dart:1399:13)
[WrapWithConsumer] 2024-12-19T11:19:20.997454 #11     _CustomZone.run (dart:async/zone.dart:1301:19)
[WrapWithConsumer] 2024-12-19T11:19:20.997454 #12     _CustomZone.bindCallback.<anonymous closure> (dart:async/zone.dart:1233:23)
[WrapWithConsumer] 2024-12-19T11:19:20.997454 #13     Timer._createTimer.<anonymous closure> (dart:async-patch/timer_patch.dart:18:15)
[WrapWithConsumer] 2024-12-19T11:19:20.997454 #14     _Timer._runTimers (dart:isolate-patch/timer_impl.dart:398:19)
[WrapWithConsumer] 2024-12-19T11:19:20.997454 #15     _Timer._handleMessage (dart:isolate-patch/timer_impl.dart:429:5)
[WrapWithConsumer] 2024-12-19T11:19:20.997454 #16     _RawReceivePort._handleMessage (dart:isolate-patch/isolate_patch.dart:184:12)
[WrapWithConsumer] 2024-12-19T11:19:20.997454
[WrapWithProviderScope] 2024-12-19T11:19:21.038468 Plugin WrapWithProviderScope threw while analyzing C:\dev\esameCross\cross_platform_its_aapn_2024\pokedex\lib\src\pages\homepage.dart:
[WrapWithProviderScope] 2024-12-19T11:19:21.038468 InconsistentAnalysisException: Requested result might be inconsistent with previously returned results
[WrapWithProviderScope] 2024-12-19T11:19:21.038468
[WrapWithProviderScope] 2024-12-19T11:19:21.038468 #0      AnalysisSessionImpl.checkConsistency (package:analyzer/src/dart/analysis/session.dart:54:7)
[WrapWithProviderScope] 2024-12-19T11:19:21.038468 #1      AnalysisSessionImpl.getResolvedUnit (package:analyzer/src/dart/analysis/session.dart:129:5)
[WrapWithProviderScope] 2024-12-19T11:19:21.038468 #2      ChangeBuilderImpl._createDartFileEditBuilder (package:analyzer_plugin/src/utilities/change_builder/change_builder_core.dart:287:33)
[WrapWithProviderScope] 2024-12-19T11:19:21.038468 #3      ChangeBuilderImpl.addDartFileEdit (package:analyzer_plugin/src/utilities/change_builder/change_builder_core.dart:136:23)
[WrapWithProviderScope] 2024-12-19T11:19:21.038468 #4      ChangeBuilderImpl.addDartFileEdit.<anonymous closure> (package:custom_lint_core/src/change_reporter.dart:241:35)
[WrapWithProviderScope] 2024-12-19T11:19:21.038468 #5      new Future.<anonymous closure> (dart:async/future.dart:258:40)
[WrapWithProviderScope] 2024-12-19T11:19:21.038468 #6      _rootRun (dart:async/zone.dart:1391:47)
[WrapWithProviderScope] 2024-12-19T11:19:21.038468 #7      _CustomZone.run (dart:async/zone.dart:1301:19)
[WrapWithProviderScope] 2024-12-19T11:19:21.038468 #8      _CustomZone.runGuarded (dart:async/zone.dart:1209:7)
[WrapWithProviderScope] 2024-12-19T11:19:21.038468 #9      _CustomZone.bindCallbackGuarded.<anonymous closure> (dart:async/zone.dart:1249:23)
[WrapWithProviderScope] 2024-12-19T11:19:21.038468 #10     _rootRun (dart:async/zone.dart:1399:13)
[WrapWithProviderScope] 2024-12-19T11:19:21.038468 #11     _CustomZone.run (dart:async/zone.dart:1301:19)
[WrapWithProviderScope] 2024-12-19T11:19:21.038468 #12     _CustomZone.bindCallback.<anonymous closure> (dart:async/zone.dart:1233:23)
[WrapWithProviderScope] 2024-12-19T11:19:21.038468 #13     Timer._createTimer.<anonymous closure> (dart:async-patch/timer_patch.dart:18:15)
[WrapWithProviderScope] 2024-12-19T11:19:21.038468 #14     _Timer._runTimers (dart:isolate-patch/timer_impl.dart:398:19)
[WrapWithProviderScope] 2024-12-19T11:19:21.038468 #15     _Timer._handleMessage (dart:isolate-patch/timer_impl.dart:429:5)
[WrapWithProviderScope] 2024-12-19T11:19:21.038468 #16     _RawReceivePort._handleMessage (dart:isolate-patch/isolate_patch.dart:184:12)
[WrapWithProviderScope] 2024-12-19T11:19:21.038468
[WrapWithConsumer] 2024-12-19T11:19:21.101129 Plugin WrapWithConsumer threw while analyzing C:\dev\esameCross\cross_platform_its_aapn_2024\pokedex\lib\src\pages\homepage.dart:
[WrapWithConsumer] 2024-12-19T11:19:21.101129 InconsistentAnalysisException: Requested result might be inconsistent with previously returned results
[WrapWithConsumer] 2024-12-19T11:19:21.101129
[WrapWithConsumer] 2024-12-19T11:19:21.101129 #0      AnalysisSessionImpl.checkConsistency (package:analyzer/src/dart/analysis/session.dart:54:7)
[WrapWithConsumer] 2024-12-19T11:19:21.101129 #1      AnalysisSessionImpl.getResolvedUnit (package:analyzer/src/dart/analysis/session.dart:129:5)
[WrapWithConsumer] 2024-12-19T11:19:21.101129 #2      ChangeBuilderImpl._createDartFileEditBuilder (package:analyzer_plugin/src/utilities/change_builder/change_builder_core.dart:287:33)
[WrapWithConsumer] 2024-12-19T11:19:21.101129 #3      ChangeBuilderImpl.addDartFileEdit (package:analyzer_plugin/src/utilities/change_builder/change_builder_core.dart:136:23)
[WrapWithConsumer] 2024-12-19T11:19:21.101129 #4      ChangeBuilderImpl.addDartFileEdit.<anonymous closure> (package:custom_lint_core/src/change_reporter.dart:241:35)
[WrapWithConsumer] 2024-12-19T11:19:21.101129 #5      new Future.<anonymous closure> (dart:async/future.dart:258:40)
[WrapWithConsumer] 2024-12-19T11:19:21.101129 #6      _rootRun (dart:async/zone.dart:1391:47)
[WrapWithConsumer] 2024-12-19T11:19:21.101129 #7      _CustomZone.run (dart:async/zone.dart:1301:19)
[WrapWithConsumer] 2024-12-19T11:19:21.101129 #8      _CustomZone.runGuarded (dart:async/zone.dart:1209:7)
[WrapWithConsumer] 2024-12-19T11:19:21.101129 #9      _CustomZone.bindCallbackGuarded.<anonymous closure> (dart:async/zone.dart:1249:23)
[WrapWithConsumer] 2024-12-19T11:19:21.101129 #10     _rootRun (dart:async/zone.dart:1399:13)
[WrapWithConsumer] 2024-12-19T11:19:21.101129 #11     _CustomZone.run (dart:async/zone.dart:1301:19)
[WrapWithConsumer] 2024-12-19T11:19:21.101129 #12     _CustomZone.bindCallback.<anonymous closure> (dart:async/zone.dart:1233:23)
[WrapWithConsumer] 2024-12-19T11:19:21.101129 #13     Timer._createTimer.<anonymous closure> (dart:async-patch/timer_patch.dart:18:15)
[WrapWithConsumer] 2024-12-19T11:19:21.101129 #14     _Timer._runTimers (dart:isolate-patch/timer_impl.dart:398:19)
[WrapWithConsumer] 2024-12-19T11:19:21.101129 #15     _Timer._handleMessage (dart:isolate-patch/timer_impl.dart:429:5)
[WrapWithConsumer] 2024-12-19T11:19:21.101129 #16     _RawReceivePort._handleMessage (dart:isolate-patch/isolate_patch.dart:184:12)
[WrapWithConsumer] 2024-12-19T11:19:21.101129
[WrapWithProviderScope] 2024-12-19T11:19:21.127557 Plugin WrapWithProviderScope threw while analyzing C:\dev\esameCross\cross_platform_its_aapn_2024\pokedex\lib\src\pages\homepage.dart:
[WrapWithProviderScope] 2024-12-19T11:19:21.127557 InconsistentAnalysisException: Requested result might be inconsistent with previously returned results
[WrapWithProviderScope] 2024-12-19T11:19:21.127557
[WrapWithProviderScope] 2024-12-19T11:19:21.127557 #0      AnalysisSessionImpl.checkConsistency (package:analyzer/src/dart/analysis/session.dart:54:7)
[WrapWithProviderScope] 2024-12-19T11:19:21.127557 #1      AnalysisSessionImpl.getResolvedUnit (package:analyzer/src/dart/analysis/session.dart:129:5)
[WrapWithProviderScope] 2024-12-19T11:19:21.127557 #2      ChangeBuilderImpl._createDartFileEditBuilder (package:analyzer_plugin/src/utilities/change_builder/change_builder_core.dart:287:33)
[WrapWithProviderScope] 2024-12-19T11:19:21.127557 #3      ChangeBuilderImpl.addDartFileEdit (package:analyzer_plugin/src/utilities/change_builder/change_builder_core.dart:136:23)
[WrapWithProviderScope] 2024-12-19T11:19:21.127557 #4      ChangeBuilderImpl.addDartFileEdit.<anonymous closure> (package:custom_lint_core/src/change_reporter.dart:241:35)
[WrapWithProviderScope] 2024-12-19T11:19:21.127557 #5      new Future.<anonymous closure> (dart:async/future.dart:258:40)
[WrapWithProviderScope] 2024-12-19T11:19:21.127557 #6      _rootRun (dart:async/zone.dart:1391:47)
[WrapWithProviderScope] 2024-12-19T11:19:21.127557 #7      _CustomZone.run (dart:async/zone.dart:1301:19)
[WrapWithProviderScope] 2024-12-19T11:19:21.127557 #8      _CustomZone.runGuarded (dart:async/zone.dart:1209:7)
[WrapWithProviderScope] 2024-12-19T11:19:21.127557 #9      _CustomZone.bindCallbackGuarded.<anonymous closure> (dart:async/zone.dart:1249:23)
[WrapWithProviderScope] 2024-12-19T11:19:21.127557 #10     _rootRun (dart:async/zone.dart:1399:13)
[WrapWithProviderScope] 2024-12-19T11:19:21.127557 #11     _CustomZone.run (dart:async/zone.dart:1301:19)
[WrapWithProviderScope] 2024-12-19T11:19:21.127557 #12     _CustomZone.bindCallback.<anonymous closure> (dart:async/zone.dart:1233:23)
[WrapWithProviderScope] 2024-12-19T11:19:21.127557 #13     Timer._createTimer.<anonymous closure> (dart:async-patch/timer_patch.dart:18:15)
[WrapWithProviderScope] 2024-12-19T11:19:21.127557 #14     _Timer._runTimers (dart:isolate-patch/timer_impl.dart:398:19)
[WrapWithProviderScope] 2024-12-19T11:19:21.127557 #15     _Timer._handleMessage (dart:isolate-patch/timer_impl.dart:429:5)
[WrapWithProviderScope] 2024-12-19T11:19:21.127557 #16     _RawReceivePort._handleMessage (dart:isolate-patch/isolate_patch.dart:184:12)
[WrapWithProviderScope] 2024-12-19T11:19:21.127557
[WrapWithConsumer] 2024-12-19T11:19:21.149091 Plugin WrapWithConsumer threw while analyzing C:\dev\esameCross\cross_platform_its_aapn_2024\pokedex\lib\src\pages\homepage.dart:
[WrapWithConsumer] 2024-12-19T11:19:21.149091 InconsistentAnalysisException: Requested result might be inconsistent with previously returned results
[WrapWithConsumer] 2024-12-19T11:19:21.149091
[WrapWithConsumer] 2024-12-19T11:19:21.149091 #0      AnalysisSessionImpl.checkConsistency (package:analyzer/src/dart/analysis/session.dart:54:7)
[WrapWithConsumer] 2024-12-19T11:19:21.149091 #1      AnalysisSessionImpl.getResolvedUnit (package:analyzer/src/dart/analysis/session.dart:129:5)
[WrapWithConsumer] 2024-12-19T11:19:21.149091 #2      ChangeBuilderImpl._createDartFileEditBuilder (package:analyzer_plugin/src/utilities/change_builder/change_builder_core.dart:287:33)
[WrapWithConsumer] 2024-12-19T11:19:21.149091 #3      ChangeBuilderImpl.addDartFileEdit (package:analyzer_plugin/src/utilities/change_builder/change_builder_core.dart:136:23)
[WrapWithConsumer] 2024-12-19T11:19:21.149091 #4      ChangeBuilderImpl.addDartFileEdit.<anonymous closure> (package:custom_lint_core/src/change_reporter.dart:241:35)
[WrapWithConsumer] 2024-12-19T11:19:21.149091 #5      new Future.<anonymous closure> (dart:async/future.dart:258:40)
[WrapWithConsumer] 2024-12-19T11:19:21.149091 #6      _rootRun (dart:async/zone.dart:1391:47)
[WrapWithConsumer] 2024-12-19T11:19:21.149091 #7      _CustomZone.run (dart:async/zone.dart:1301:19)
[WrapWithConsumer] 2024-12-19T11:19:21.149091 #8      _CustomZone.runGuarded (dart:async/zone.dart:1209:7)
[WrapWithConsumer] 2024-12-19T11:19:21.149091 #9      _CustomZone.bindCallbackGuarded.<anonymous closure> (dart:async/zone.dart:1249:23)
[WrapWithConsumer] 2024-12-19T11:19:21.149091 #10     _rootRun (dart:async/zone.dart:1399:13)
[WrapWithConsumer] 2024-12-19T11:19:21.149091 #11     _CustomZone.run (dart:async/zone.dart:1301:19)
[WrapWithConsumer] 2024-12-19T11:19:21.149091 #12     _CustomZone.bindCallback.<anonymous closure> (dart:async/zone.dart:1233:23)
[WrapWithConsumer] 2024-12-19T11:19:21.149091 #13     Timer._createTimer.<anonymous closure> (dart:async-patch/timer_patch.dart:18:15)
[WrapWithConsumer] 2024-12-19T11:19:21.149091 #14     _Timer._runTimers (dart:isolate-patch/timer_impl.dart:398:19)
[WrapWithConsumer] 2024-12-19T11:19:21.149091 #15     _Timer._handleMessage (dart:isolate-patch/timer_impl.dart:429:5)
[WrapWithConsumer] 2024-12-19T11:19:21.149091 #16     _RawReceivePort._handleMessage (dart:isolate-patch/isolate_patch.dart:184:12)
[WrapWithConsumer] 2024-12-19T11:19:21.149091
[WrapWithProviderScope] 2024-12-19T11:19:21.173139 Plugin WrapWithProviderScope threw while analyzing C:\dev\esameCross\cross_platform_its_aapn_2024\pokedex\lib\src\pages\homepage.dart:
[WrapWithProviderScope] 2024-12-19T11:19:21.173139 InconsistentAnalysisException: Requested result might be inconsistent with previously returned results
[WrapWithProviderScope] 2024-12-19T11:19:21.173139
[WrapWithProviderScope] 2024-12-19T11:19:21.173139 #0      AnalysisSessionImpl.checkConsistency (package:analyzer/src/dart/analysis/session.dart:54:7)
[WrapWithProviderScope] 2024-12-19T11:19:21.173139 #1      AnalysisSessionImpl.getResolvedUnit (package:analyzer/src/dart/analysis/session.dart:129:5)
[WrapWithProviderScope] 2024-12-19T11:19:21.173139 #2      ChangeBuilderImpl._createDartFileEditBuilder (package:analyzer_plugin/src/utilities/change_builder/change_builder_core.dart:287:33)
[WrapWithProviderScope] 2024-12-19T11:19:21.173139 #3      ChangeBuilderImpl.addDartFileEdit (package:analyzer_plugin/src/utilities/change_builder/change_builder_core.dart:136:23)
[WrapWithProviderScope] 2024-12-19T11:19:21.173139 #4      ChangeBuilderImpl.addDartFileEdit.<anonymous closure> (package:custom_lint_core/src/change_reporter.dart:241:35)
[WrapWithProviderScope] 2024-12-19T11:19:21.173139 #5      new Future.<anonymous closure> (dart:async/future.dart:258:40)
[WrapWithProviderScope] 2024-12-19T11:19:21.173139 #6      _rootRun (dart:async/zone.dart:1391:47)
[WrapWithProviderScope] 2024-12-19T11:19:21.173139 #7      _CustomZone.run (dart:async/zone.dart:1301:19)
[WrapWithProviderScope] 2024-12-19T11:19:21.173139 #8      _CustomZone.runGuarded (dart:async/zone.dart:1209:7)
[WrapWithProviderScope] 2024-12-19T11:19:21.173139 #9      _CustomZone.bindCallbackGuarded.<anonymous closure> (dart:async/zone.dart:1249:23)
[WrapWithProviderScope] 2024-12-19T11:19:21.173139 #10     _rootRun (dart:async/zone.dart:1399:13)
[WrapWithProviderScope] 2024-12-19T11:19:21.173139 #11     _CustomZone.run (dart:async/zone.dart:1301:19)
[WrapWithProviderScope] 2024-12-19T11:19:21.173139 #12     _CustomZone.bindCallback.<anonymous closure> (dart:async/zone.dart:1233:23)
[WrapWithProviderScope] 2024-12-19T11:19:21.173139 #13     Timer._createTimer.<anonymous closure> (dart:async-patch/timer_patch.dart:18:15)
[WrapWithProviderScope] 2024-12-19T11:19:21.173139 #14     _Timer._runTimers (dart:isolate-patch/timer_impl.dart:398:19)
[WrapWithProviderScope] 2024-12-19T11:19:21.173139 #15     _Timer._handleMessage (dart:isolate-patch/timer_impl.dart:429:5)
[WrapWithProviderScope] 2024-12-19T11:19:21.173139 #16     _RawReceivePort._handleMessage (dart:isolate-patch/isolate_patch.dart:184:12)
[WrapWithProviderScope] 2024-12-19T11:19:21.173139
[WrapWithConsumer] 2024-12-19T11:19:21.197183 Plugin WrapWithConsumer threw while analyzing C:\dev\esameCross\cross_platform_its_aapn_2024\pokedex\lib\src\pages\homepage.dart:
[WrapWithConsumer] 2024-12-19T11:19:21.197183 InconsistentAnalysisException: Requested result might be inconsistent with previously returned results
[WrapWithConsumer] 2024-12-19T11:19:21.197183
[WrapWithConsumer] 2024-12-19T11:19:21.197183 #0      AnalysisSessionImpl.checkConsistency (package:analyzer/src/dart/analysis/session.dart:54:7)
[WrapWithConsumer] 2024-12-19T11:19:21.197183 #1      AnalysisSessionImpl.getResolvedUnit (package:analyzer/src/dart/analysis/session.dart:129:5)
[WrapWithConsumer] 2024-12-19T11:19:21.197183 #2      ChangeBuilderImpl._createDartFileEditBuilder (package:analyzer_plugin/src/utilities/change_builder/change_builder_core.dart:287:33)
[WrapWithConsumer] 2024-12-19T11:19:21.197183 #3      ChangeBuilderImpl.addDartFileEdit (package:analyzer_plugin/src/utilities/change_builder/change_builder_core.dart:136:23)
[WrapWithConsumer] 2024-12-19T11:19:21.197183 #4      ChangeBuilderImpl.addDartFileEdit.<anonymous closure> (package:custom_lint_core/src/change_reporter.dart:241:35)
[WrapWithConsumer] 2024-12-19T11:19:21.197183 #5      new Future.<anonymous closure> (dart:async/future.dart:258:40)
[WrapWithConsumer] 2024-12-19T11:19:21.197183 #6      _rootRun (dart:async/zone.dart:1391:47)
[WrapWithConsumer] 2024-12-19T11:19:21.197183 #7      _CustomZone.run (dart:async/zone.dart:1301:19)
[WrapWithConsumer] 2024-12-19T11:19:21.197183 #8      _CustomZone.runGuarded (dart:async/zone.dart:1209:7)
[WrapWithConsumer] 2024-12-19T11:19:21.197183 #9      _CustomZone.bindCallbackGuarded.<anonymous closure> (dart:async/zone.dart:1249:23)
[WrapWithConsumer] 2024-12-19T11:19:21.197183 #10     _rootRun (dart:async/zone.dart:1399:13)
[WrapWithConsumer] 2024-12-19T11:19:21.197183 #11     _CustomZone.run (dart:async/zone.dart:1301:19)
[WrapWithConsumer] 2024-12-19T11:19:21.197183 #12     _CustomZone.bindCallback.<anonymous closure> (dart:async/zone.dart:1233:23)
[WrapWithConsumer] 2024-12-19T11:19:21.197183 #13     Timer._createTimer.<anonymous closure> (dart:async-patch/timer_patch.dart:18:15)
[WrapWithConsumer] 2024-12-19T11:19:21.197183 #14     _Timer._runTimers (dart:isolate-patch/timer_impl.dart:398:19)
[WrapWithConsumer] 2024-12-19T11:19:21.197183 #15     _Timer._handleMessage (dart:isolate-patch/timer_impl.dart:429:5)
[WrapWithConsumer] 2024-12-19T11:19:21.197183 #16     _RawReceivePort._handleMessage (dart:isolate-patch/isolate_patch.dart:184:12)
[WrapWithConsumer] 2024-12-19T11:19:21.197183
[WrapWithProviderScope] 2024-12-19T11:19:21.224576 Plugin WrapWithProviderScope threw while analyzing C:\dev\esameCross\cross_platform_its_aapn_2024\pokedex\lib\src\pages\homepage.dart:
[WrapWithProviderScope] 2024-12-19T11:19:21.224576 InconsistentAnalysisException: Requested result might be inconsistent with previously returned results
[WrapWithProviderScope] 2024-12-19T11:19:21.224576
[WrapWithProviderScope] 2024-12-19T11:19:21.224576 #0      AnalysisSessionImpl.checkConsistency (package:analyzer/src/dart/analysis/session.dart:54:7)
[WrapWithProviderScope] 2024-12-19T11:19:21.224576 #1      AnalysisSessionImpl.getResolvedUnit (package:analyzer/src/dart/analysis/session.dart:129:5)
[WrapWithProviderScope] 2024-12-19T11:19:21.224576 #2      ChangeBuilderImpl._createDartFileEditBuilder (package:analyzer_plugin/src/utilities/change_builder/change_builder_core.dart:287:33)
[WrapWithProviderScope] 2024-12-19T11:19:21.224576 #3      ChangeBuilderImpl.addDartFileEdit (package:analyzer_plugin/src/utilities/change_builder/change_builder_core.dart:136:23)
[WrapWithProviderScope] 2024-12-19T11:19:21.224576 #4      ChangeBuilderImpl.addDartFileEdit.<anonymous closure> (package:custom_lint_core/src/change_reporter.dart:241:35)
[WrapWithProviderScope] 2024-12-19T11:19:21.224576 #5      new Future.<anonymous closure> (dart:async/future.dart:258:40)
[WrapWithProviderScope] 2024-12-19T11:19:21.224576 #6      _rootRun (dart:async/zone.dart:1391:47)
[WrapWithProviderScope] 2024-12-19T11:19:21.224576 #7      _CustomZone.run (dart:async/zone.dart:1301:19)
[WrapWithProviderScope] 2024-12-19T11:19:21.224576 #8      _CustomZone.runGuarded (dart:async/zone.dart:1209:7)
[WrapWithProviderScope] 2024-12-19T11:19:21.224576 #9      _CustomZone.bindCallbackGuarded.<anonymous closure> (dart:async/zone.dart:1249:23)
[WrapWithProviderScope] 2024-12-19T11:19:21.224576 #10     _rootRun (dart:async/zone.dart:1399:13)
[WrapWithProviderScope] 2024-12-19T11:19:21.224576 #11     _CustomZone.run (dart:async/zone.dart:1301:19)
[WrapWithProviderScope] 2024-12-19T11:19:21.224576 #12     _CustomZone.bindCallback.<anonymous closure> (dart:async/zone.dart:1233:23)
[WrapWithProviderScope] 2024-12-19T11:19:21.224576 #13     Timer._createTimer.<anonymous closure> (dart:async-patch/timer_patch.dart:18:15)
[WrapWithProviderScope] 2024-12-19T11:19:21.224576 #14     _Timer._runTimers (dart:isolate-patch/timer_impl.dart:398:19)
[WrapWithProviderScope] 2024-12-19T11:19:21.224576 #15     _Timer._handleMessage (dart:isolate-patch/timer_impl.dart:429:5)
[WrapWithProviderScope] 2024-12-19T11:19:21.224576 #16     _RawReceivePort._handleMessage (dart:isolate-patch/isolate_patch.dart:184:12)
[WrapWithProviderScope] 2024-12-19T11:19:21.224576
[ConvertToStatelessBaseWidget] 2024-12-19T11:20:59.514729 Plugin ConvertToStatelessBaseWidget threw while analyzing C:\dev\esameCross\cross_platform_its_aapn_2024\pokedex\lib\src\pages\homepage.dart:
[ConvertToStatelessBaseWidget] 2024-12-19T11:20:59.514729 InconsistentAnalysisException: Requested result might be inconsistent with previously returned results
[ConvertToStatelessBaseWidget] 2024-12-19T11:20:59.514729
[ConvertToStatelessBaseWidget] 2024-12-19T11:20:59.514729 #0      AnalysisSessionImpl.checkConsistency (package:analyzer/src/dart/analysis/session.dart:54:7)
[ConvertToStatelessBaseWidget] 2024-12-19T11:20:59.514729 #1      AnalysisSessionImpl.getResolvedUnit (package:analyzer/src/dart/analysis/session.dart:129:5)
[ConvertToStatelessBaseWidget] 2024-12-19T11:20:59.514729 #2      ChangeBuilderImpl._createDartFileEditBuilder (package:analyzer_plugin/src/utilities/change_builder/change_builder_core.dart:287:33)
[ConvertToStatelessBaseWidget] 2024-12-19T11:20:59.514729 #3      ChangeBuilderImpl.addDartFileEdit (package:analyzer_plugin/src/utilities/change_builder/change_builder_core.dart:136:23)
[ConvertToStatelessBaseWidget] 2024-12-19T11:20:59.514729 #4      ChangeBuilderImpl.addDartFileEdit.<anonymous closure> (package:custom_lint_core/src/change_reporter.dart:241:35)
[ConvertToStatelessBaseWidget] 2024-12-19T11:20:59.514729 #5      new Future.<anonymous closure> (dart:async/future.dart:258:40)
[ConvertToStatelessBaseWidget] 2024-12-19T11:20:59.514729 #6      _rootRun (dart:async/zone.dart:1391:47)
[ConvertToStatelessBaseWidget] 2024-12-19T11:20:59.514729 #7      _CustomZone.run (dart:async/zone.dart:1301:19)
[ConvertToStatelessBaseWidget] 2024-12-19T11:20:59.514729 #8      _CustomZone.runGuarded (dart:async/zone.dart:1209:7)
[ConvertToStatelessBaseWidget] 2024-12-19T11:20:59.514729 #9      _CustomZone.bindCallbackGuarded.<anonymous closure> (dart:async/zone.dart:1249:23)
[ConvertToStatelessBaseWidget] 2024-12-19T11:20:59.514729 #10     _rootRun (dart:async/zone.dart:1399:13)
[ConvertToStatelessBaseWidget] 2024-12-19T11:20:59.514729 #11     _CustomZone.run (dart:async/zone.dart:1301:19)
[ConvertToStatelessBaseWidget] 2024-12-19T11:20:59.514729 #12     _CustomZone.bindCallback.<anonymous closure> (dart:async/zone.dart:1233:23)
[ConvertToStatelessBaseWidget] 2024-12-19T11:20:59.514729 #13     Timer._createTimer.<anonymous closure> (dart:async-patch/timer_patch.dart:18:15)
[ConvertToStatelessBaseWidget] 2024-12-19T11:20:59.514729 #14     _Timer._runTimers (dart:isolate-patch/timer_impl.dart:398:19)
[ConvertToStatelessBaseWidget] 2024-12-19T11:20:59.514729 #15     _Timer._handleMessage (dart:isolate-patch/timer_impl.dart:429:5)
[ConvertToStatelessBaseWidget] 2024-12-19T11:20:59.514729 #16     _RawReceivePort._handleMessage (dart:isolate-patch/isolate_patch.dart:184:12)
[ConvertToStatelessBaseWidget] 2024-12-19T11:20:59.514729
[ConvertToStatefulBaseWidget] 2024-12-19T11:20:59.518239 Plugin ConvertToStatefulBaseWidget threw while analyzing C:\dev\esameCross\cross_platform_its_aapn_2024\pokedex\lib\src\pages\homepage.dart:
[ConvertToStatefulBaseWidget] 2024-12-19T11:20:59.518239 InconsistentAnalysisException: Requested result might be inconsistent with previously returned results
[ConvertToStatefulBaseWidget] 2024-12-19T11:20:59.518239
[ConvertToStatefulBaseWidget] 2024-12-19T11:20:59.518239 #0      AnalysisSessionImpl.checkConsistency (package:analyzer/src/dart/analysis/session.dart:54:7)
[ConvertToStatefulBaseWidget] 2024-12-19T11:20:59.518239 #1      AnalysisSessionImpl.getResolvedUnit (package:analyzer/src/dart/analysis/session.dart:129:5)
[ConvertToStatefulBaseWidget] 2024-12-19T11:20:59.518239 #2      ChangeBuilderImpl._createDartFileEditBuilder (package:analyzer_plugin/src/utilities/change_builder/change_builder_core.dart:287:33)
[ConvertToStatefulBaseWidget] 2024-12-19T11:20:59.518239 #3      ChangeBuilderImpl.addDartFileEdit (package:analyzer_plugin/src/utilities/change_builder/change_builder_core.dart:136:23)
[ConvertToStatefulBaseWidget] 2024-12-19T11:20:59.518239 #4      ChangeBuilderImpl.addDartFileEdit.<anonymous closure> (package:custom_lint_core/src/change_reporter.dart:241:35)
[ConvertToStatefulBaseWidget] 2024-12-19T11:20:59.518239 #5      new Future.<anonymous closure> (dart:async/future.dart:258:40)
[ConvertToStatefulBaseWidget] 2024-12-19T11:20:59.518239 #6      _rootRun (dart:async/zone.dart:1391:47)
[ConvertToStatefulBaseWidget] 2024-12-19T11:20:59.518239 #7      _CustomZone.run (dart:async/zone.dart:1301:19)
[ConvertToStatefulBaseWidget] 2024-12-19T11:20:59.518239 #8      _CustomZone.runGuarded (dart:async/zone.dart:1209:7)
[ConvertToStatefulBaseWidget] 2024-12-19T11:20:59.518239 #9      _CustomZone.bindCallbackGuarded.<anonymous closure> (dart:async/zone.dart:1249:23)
[ConvertToStatefulBaseWidget] 2024-12-19T11:20:59.518239 #10     _rootRun (dart:async/zone.dart:1399:13)
[ConvertToStatefulBaseWidget] 2024-12-19T11:20:59.518239 #11     _CustomZone.run (dart:async/zone.dart:1301:19)
[ConvertToStatefulBaseWidget] 2024-12-19T11:20:59.518239 #12     _CustomZone.bindCallback.<anonymous closure> (dart:async/zone.dart:1233:23)
[ConvertToStatefulBaseWidget] 2024-12-19T11:20:59.518239 #13     Timer._createTimer.<anonymous closure> (dart:async-patch/timer_patch.dart:18:15)
[ConvertToStatefulBaseWidget] 2024-12-19T11:20:59.518239 #14     _Timer._runTimers (dart:isolate-patch/timer_impl.dart:398:19)
[ConvertToStatefulBaseWidget] 2024-12-19T11:20:59.518239 #15     _Timer._handleMessage (dart:isolate-patch/timer_impl.dart:429:5)
[ConvertToStatefulBaseWidget] 2024-12-19T11:20:59.518239 #16     _RawReceivePort._handleMessage (dart:isolate-patch/isolate_patch.dart:184:12)
[ConvertToStatefulBaseWidget] 2024-12-19T11:20:59.518239
[ConvertToStatefulBaseWidget] 2024-12-19T11:20:59.564729 Plugin ConvertToStatefulBaseWidget threw while analyzing C:\dev\esameCross\cross_platform_its_aapn_2024\pokedex\lib\src\pages\homepage.dart:
[ConvertToStatefulBaseWidget] 2024-12-19T11:20:59.564729 InconsistentAnalysisException: Requested result might be inconsistent with previously returned results
[ConvertToStatefulBaseWidget] 2024-12-19T11:20:59.564729
[ConvertToStatefulBaseWidget] 2024-12-19T11:20:59.564729 #0      AnalysisSessionImpl.checkConsistency (package:analyzer/src/dart/analysis/session.dart:54:7)
[ConvertToStatefulBaseWidget] 2024-12-19T11:20:59.564729 #1      AnalysisSessionImpl.getResolvedUnit (package:analyzer/src/dart/analysis/session.dart:129:5)
[ConvertToStatefulBaseWidget] 2024-12-19T11:20:59.564729 #2      ChangeBuilderImpl._createDartFileEditBuilder (package:analyzer_plugin/src/utilities/change_builder/change_builder_core.dart:287:33)
[ConvertToStatefulBaseWidget] 2024-12-19T11:20:59.564729 #3      ChangeBuilderImpl.addDartFileEdit (package:analyzer_plugin/src/utilities/change_builder/change_builder_core.dart:136:23)
[ConvertToStatefulBaseWidget] 2024-12-19T11:20:59.564729 #4      ChangeBuilderImpl.addDartFileEdit.<anonymous closure> (package:custom_lint_core/src/change_reporter.dart:241:35)
[ConvertToStatefulBaseWidget] 2024-12-19T11:20:59.564729 #5      new Future.<anonymous closure> (dart:async/future.dart:258:40)
[ConvertToStatefulBaseWidget] 2024-12-19T11:20:59.564729 #6      _rootRun (dart:async/zone.dart:1391:47)
[ConvertToStatefulBaseWidget] 2024-12-19T11:20:59.564729 #7      _CustomZone.run (dart:async/zone.dart:1301:19)
[ConvertToStatefulBaseWidget] 2024-12-19T11:20:59.564729 #8      _CustomZone.runGuarded (dart:async/zone.dart:1209:7)
[ConvertToStatefulBaseWidget] 2024-12-19T11:20:59.564729 #9      _CustomZone.bindCallbackGuarded.<anonymous closure> (dart:async/zone.dart:1249:23)
[ConvertToStatefulBaseWidget] 2024-12-19T11:20:59.564729 #10     _rootRun (dart:async/zone.dart:1399:13)
[ConvertToStatefulBaseWidget] 2024-12-19T11:20:59.564729 #11     _CustomZone.run (dart:async/zone.dart:1301:19)
[ConvertToStatefulBaseWidget] 2024-12-19T11:20:59.564729 #12     _CustomZone.bindCallback.<anonymous closure> (dart:async/zone.dart:1233:23)
[ConvertToStatefulBaseWidget] 2024-12-19T11:20:59.564729 #13     Timer._createTimer.<anonymous closure> (dart:async-patch/timer_patch.dart:18:15)
[ConvertToStatefulBaseWidget] 2024-12-19T11:20:59.564729 #14     _Timer._runTimers (dart:isolate-patch/timer_impl.dart:398:19)
[ConvertToStatefulBaseWidget] 2024-12-19T11:20:59.564729 #15     _Timer._handleMessage (dart:isolate-patch/timer_impl.dart:429:5)
[ConvertToStatefulBaseWidget] 2024-12-19T11:20:59.564729 #16     _RawReceivePort._handleMessage (dart:isolate-patch/isolate_patch.dart:184:12)
[ConvertToStatefulBaseWidget] 2024-12-19T11:20:59.564729
[WrapWithConsumer] 2024-12-19T11:20:59.595225 Plugin WrapWithConsumer threw while analyzing C:\dev\esameCross\cross_platform_its_aapn_2024\pokedex\lib\src\pages\homepage.dart:
[WrapWithConsumer] 2024-12-19T11:20:59.595225 InconsistentAnalysisException: Requested result might be inconsistent with previously returned results
[WrapWithConsumer] 2024-12-19T11:20:59.595225
[WrapWithConsumer] 2024-12-19T11:20:59.595225 #0      AnalysisSessionImpl.checkConsistency (package:analyzer/src/dart/analysis/session.dart:54:7)
[WrapWithConsumer] 2024-12-19T11:20:59.595225 #1      AnalysisSessionImpl.getResolvedUnit (package:analyzer/src/dart/analysis/session.dart:129:5)
[WrapWithConsumer] 2024-12-19T11:20:59.595225 #2      ChangeBuilderImpl._createDartFileEditBuilder (package:analyzer_plugin/src/utilities/change_builder/change_builder_core.dart:287:33)
[WrapWithConsumer] 2024-12-19T11:20:59.595225 #3      ChangeBuilderImpl.addDartFileEdit (package:analyzer_plugin/src/utilities/change_builder/change_builder_core.dart:136:23)
[WrapWithConsumer] 2024-12-19T11:20:59.595225 #4      ChangeBuilderImpl.addDartFileEdit.<anonymous closure> (package:custom_lint_core/src/change_reporter.dart:241:35)
[WrapWithConsumer] 2024-12-19T11:20:59.595225 #5      new Future.<anonymous closure> (dart:async/future.dart:258:40)
[WrapWithConsumer] 2024-12-19T11:20:59.595225 #6      _rootRun (dart:async/zone.dart:1391:47)
[WrapWithConsumer] 2024-12-19T11:20:59.595225 #7      _CustomZone.run (dart:async/zone.dart:1301:19)
[WrapWithConsumer] 2024-12-19T11:20:59.595225 #8      _CustomZone.runGuarded (dart:async/zone.dart:1209:7)
[WrapWithConsumer] 2024-12-19T11:20:59.595225 #9      _CustomZone.bindCallbackGuarded.<anonymous closure> (dart:async/zone.dart:1249:23)
[WrapWithConsumer] 2024-12-19T11:20:59.595225 #10     _rootRun (dart:async/zone.dart:1399:13)
[WrapWithConsumer] 2024-12-19T11:20:59.595225 #11     _CustomZone.run (dart:async/zone.dart:1301:19)
[WrapWithConsumer] 2024-12-19T11:20:59.595225 #12     _CustomZone.bindCallback.<anonymous closure> (dart:async/zone.dart:1233:23)
[WrapWithConsumer] 2024-12-19T11:20:59.595225 #13     Timer._createTimer.<anonymous closure> (dart:async-patch/timer_patch.dart:18:15)
[WrapWithConsumer] 2024-12-19T11:20:59.595225 #14     _Timer._runTimers (dart:isolate-patch/timer_impl.dart:398:19)
[WrapWithConsumer] 2024-12-19T11:20:59.595225 #15     _Timer._handleMessage (dart:isolate-patch/timer_impl.dart:429:5)
[WrapWithConsumer] 2024-12-19T11:20:59.595225 #16     _RawReceivePort._handleMessage (dart:isolate-patch/isolate_patch.dart:184:12)
[WrapWithConsumer] 2024-12-19T11:20:59.595225
[WrapWithProviderScope] 2024-12-19T11:20:59.620236 Plugin WrapWithProviderScope threw while analyzing C:\dev\esameCross\cross_platform_its_aapn_2024\pokedex\lib\src\pages\homepage.dart:
[WrapWithProviderScope] 2024-12-19T11:20:59.620236 InconsistentAnalysisException: Requested result might be inconsistent with previously returned results
[WrapWithProviderScope] 2024-12-19T11:20:59.620236
[WrapWithProviderScope] 2024-12-19T11:20:59.620236 #0      AnalysisSessionImpl.checkConsistency (package:analyzer/src/dart/analysis/session.dart:54:7)
[WrapWithProviderScope] 2024-12-19T11:20:59.620236 #1      AnalysisSessionImpl.getResolvedUnit (package:analyzer/src/dart/analysis/session.dart:129:5)
[WrapWithProviderScope] 2024-12-19T11:20:59.620236 #2      ChangeBuilderImpl._createDartFileEditBuilder (package:analyzer_plugin/src/utilities/change_builder/change_builder_core.dart:287:33)
[WrapWithProviderScope] 2024-12-19T11:20:59.620236 #3      ChangeBuilderImpl.addDartFileEdit (package:analyzer_plugin/src/utilities/change_builder/change_builder_core.dart:136:23)
[WrapWithProviderScope] 2024-12-19T11:20:59.620236 #4      ChangeBuilderImpl.addDartFileEdit.<anonymous closure> (package:custom_lint_core/src/change_reporter.dart:241:35)
[WrapWithProviderScope] 2024-12-19T11:20:59.620236 #5      new Future.<anonymous closure> (dart:async/future.dart:258:40)
[WrapWithProviderScope] 2024-12-19T11:20:59.620236 #6      _rootRun (dart:async/zone.dart:1391:47)
[WrapWithProviderScope] 2024-12-19T11:20:59.620236 #7      _CustomZone.run (dart:async/zone.dart:1301:19)
[WrapWithProviderScope] 2024-12-19T11:20:59.620236 #8      _CustomZone.runGuarded (dart:async/zone.dart:1209:7)
[WrapWithProviderScope] 2024-12-19T11:20:59.620236 #9      _CustomZone.bindCallbackGuarded.<anonymous closure> (dart:async/zone.dart:1249:23)
[WrapWithProviderScope] 2024-12-19T11:20:59.620236 #10     _rootRun (dart:async/zone.dart:1399:13)
[WrapWithProviderScope] 2024-12-19T11:20:59.620236 #11     _CustomZone.run (dart:async/zone.dart:1301:19)
[WrapWithProviderScope] 2024-12-19T11:20:59.620236 #12     _CustomZone.bindCallback.<anonymous closure> (dart:async/zone.dart:1233:23)
[WrapWithProviderScope] 2024-12-19T11:20:59.620236 #13     Timer._createTimer.<anonymous closure> (dart:async-patch/timer_patch.dart:18:15)
[WrapWithProviderScope] 2024-12-19T11:20:59.620236 #14     _Timer._runTimers (dart:isolate-patch/timer_impl.dart:398:19)
[WrapWithProviderScope] 2024-12-19T11:20:59.620236 #15     _Timer._handleMessage (dart:isolate-patch/timer_impl.dart:429:5)
[WrapWithProviderScope] 2024-12-19T11:20:59.620236 #16     _RawReceivePort._handleMessage (dart:isolate-patch/isolate_patch.dart:184:12)
[WrapWithProviderScope] 2024-12-19T11:20:59.620236
[WrapWithConsumer] 2024-12-19T11:20:59.643673 Plugin WrapWithConsumer threw while analyzing C:\dev\esameCross\cross_platform_its_aapn_2024\pokedex\lib\src\pages\homepage.dart:
[WrapWithConsumer] 2024-12-19T11:20:59.643673 InconsistentAnalysisException: Requested result might be inconsistent with previously returned results
[WrapWithConsumer] 2024-12-19T11:20:59.643673
[WrapWithConsumer] 2024-12-19T11:20:59.643673 #0      AnalysisSessionImpl.checkConsistency (package:analyzer/src/dart/analysis/session.dart:54:7)
[WrapWithConsumer] 2024-12-19T11:20:59.643673 #1      AnalysisSessionImpl.getResolvedUnit (package:analyzer/src/dart/analysis/session.dart:129:5)
[WrapWithConsumer] 2024-12-19T11:20:59.643673 #2      ChangeBuilderImpl._createDartFileEditBuilder (package:analyzer_plugin/src/utilities/change_builder/change_builder_core.dart:287:33)
[WrapWithConsumer] 2024-12-19T11:20:59.643673 #3      ChangeBuilderImpl.addDartFileEdit (package:analyzer_plugin/src/utilities/change_builder/change_builder_core.dart:136:23)
[WrapWithConsumer] 2024-12-19T11:20:59.643673 #4      ChangeBuilderImpl.addDartFileEdit.<anonymous closure> (package:custom_lint_core/src/change_reporter.dart:241:35)
[WrapWithConsumer] 2024-12-19T11:20:59.643673 #5      new Future.<anonymous closure> (dart:async/future.dart:258:40)
[WrapWithConsumer] 2024-12-19T11:20:59.643673 #6      _rootRun (dart:async/zone.dart:1391:47)
[WrapWithConsumer] 2024-12-19T11:20:59.643673 #7      _CustomZone.run (dart:async/zone.dart:1301:19)
[WrapWithConsumer] 2024-12-19T11:20:59.643673 #8      _CustomZone.runGuarded (dart:async/zone.dart:1209:7)
[WrapWithConsumer] 2024-12-19T11:20:59.643673 #9      _CustomZone.bindCallbackGuarded.<anonymous closure> (dart:async/zone.dart:1249:23)
[WrapWithConsumer] 2024-12-19T11:20:59.643673 #10     _rootRun (dart:async/zone.dart:1399:13)
[WrapWithConsumer] 2024-12-19T11:20:59.643673 #11     _CustomZone.run (dart:async/zone.dart:1301:19)
[WrapWithConsumer] 2024-12-19T11:20:59.643673 #12     _CustomZone.bindCallback.<anonymous closure> (dart:async/zone.dart:1233:23)
[WrapWithConsumer] 2024-12-19T11:20:59.643673 #13     Timer._createTimer.<anonymous closure> (dart:async-patch/timer_patch.dart:18:15)
[WrapWithConsumer] 2024-12-19T11:20:59.643673 #14     _Timer._runTimers (dart:isolate-patch/timer_impl.dart:398:19)
[WrapWithConsumer] 2024-12-19T11:20:59.643673 #15     _Timer._handleMessage (dart:isolate-patch/timer_impl.dart:429:5)
[WrapWithConsumer] 2024-12-19T11:20:59.643673 #16     _RawReceivePort._handleMessage (dart:isolate-patch/isolate_patch.dart:184:12)
[WrapWithConsumer] 2024-12-19T11:20:59.643673
[WrapWithProviderScope] 2024-12-19T11:20:59.664626 Plugin WrapWithProviderScope threw while analyzing C:\dev\esameCross\cross_platform_its_aapn_2024\pokedex\lib\src\pages\homepage.dart:
[WrapWithProviderScope] 2024-12-19T11:20:59.664626 InconsistentAnalysisException: Requested result might be inconsistent with previously returned results
[WrapWithProviderScope] 2024-12-19T11:20:59.664626
[WrapWithProviderScope] 2024-12-19T11:20:59.664626 #0      AnalysisSessionImpl.checkConsistency (package:analyzer/src/dart/analysis/session.dart:54:7)
[WrapWithProviderScope] 2024-12-19T11:20:59.664626 #1      AnalysisSessionImpl.getResolvedUnit (package:analyzer/src/dart/analysis/session.dart:129:5)
[WrapWithProviderScope] 2024-12-19T11:20:59.664626 #2      ChangeBuilderImpl._createDartFileEditBuilder (package:analyzer_plugin/src/utilities/change_builder/change_builder_core.dart:287:33)
[WrapWithProviderScope] 2024-12-19T11:20:59.664626 #3      ChangeBuilderImpl.addDartFileEdit (package:analyzer_plugin/src/utilities/change_builder/change_builder_core.dart:136:23)
[WrapWithProviderScope] 2024-12-19T11:20:59.664626 #4      ChangeBuilderImpl.addDartFileEdit.<anonymous closure> (package:custom_lint_core/src/change_reporter.dart:241:35)
[WrapWithProviderScope] 2024-12-19T11:20:59.664626 #5      new Future.<anonymous closure> (dart:async/future.dart:258:40)
[WrapWithProviderScope] 2024-12-19T11:20:59.664626 #6      _rootRun (dart:async/zone.dart:1391:47)
[WrapWithProviderScope] 2024-12-19T11:20:59.664626 #7      _CustomZone.run (dart:async/zone.dart:1301:19)
[WrapWithProviderScope] 2024-12-19T11:20:59.664626 #8      _CustomZone.runGuarded (dart:async/zone.dart:1209:7)
[WrapWithProviderScope] 2024-12-19T11:20:59.664626 #9      _CustomZone.bindCallbackGuarded.<anonymous closure> (dart:async/zone.dart:1249:23)
[WrapWithProviderScope] 2024-12-19T11:20:59.664626 #10     _rootRun (dart:async/zone.dart:1399:13)
[WrapWithProviderScope] 2024-12-19T11:20:59.664626 #11     _CustomZone.run (dart:async/zone.dart:1301:19)
[WrapWithProviderScope] 2024-12-19T11:20:59.664626 #12     _CustomZone.bindCallback.<anonymous closure> (dart:async/zone.dart:1233:23)
[WrapWithProviderScope] 2024-12-19T11:20:59.664626 #13     Timer._createTimer.<anonymous closure> (dart:async-patch/timer_patch.dart:18:15)
[WrapWithProviderScope] 2024-12-19T11:20:59.664626 #14     _Timer._runTimers (dart:isolate-patch/timer_impl.dart:398:19)
[WrapWithProviderScope] 2024-12-19T11:20:59.664626 #15     _Timer._handleMessage (dart:isolate-patch/timer_impl.dart:429:5)
[WrapWithProviderScope] 2024-12-19T11:20:59.664626 #16     _RawReceivePort._handleMessage (dart:isolate-patch/isolate_patch.dart:184:12)
[WrapWithProviderScope] 2024-12-19T11:20:59.664626
[WrapWithConsumer] 2024-12-19T11:20:59.688042 Plugin WrapWithConsumer threw while analyzing C:\dev\esameCross\cross_platform_its_aapn_2024\pokedex\lib\src\pages\homepage.dart:
[WrapWithConsumer] 2024-12-19T11:20:59.688042 InconsistentAnalysisException: Requested result might be inconsistent with previously returned results
[WrapWithConsumer] 2024-12-19T11:20:59.688042
[WrapWithConsumer] 2024-12-19T11:20:59.688042 #0      AnalysisSessionImpl.checkConsistency (package:analyzer/src/dart/analysis/session.dart:54:7)
[WrapWithConsumer] 2024-12-19T11:20:59.688042 #1      AnalysisSessionImpl.getResolvedUnit (package:analyzer/src/dart/analysis/session.dart:129:5)
[WrapWithConsumer] 2024-12-19T11:20:59.688042 #2      ChangeBuilderImpl._createDartFileEditBuilder (package:analyzer_plugin/src/utilities/change_builder/change_builder_core.dart:287:33)
[WrapWithConsumer] 2024-12-19T11:20:59.688042 #3      ChangeBuilderImpl.addDartFileEdit (package:analyzer_plugin/src/utilities/change_builder/change_builder_core.dart:136:23)
[WrapWithConsumer] 2024-12-19T11:20:59.688042 #4      ChangeBuilderImpl.addDartFileEdit.<anonymous closure> (package:custom_lint_core/src/change_reporter.dart:241:35)
[WrapWithConsumer] 2024-12-19T11:20:59.688042 #5      new Future.<anonymous closure> (dart:async/future.dart:258:40)
[WrapWithConsumer] 2024-12-19T11:20:59.688042 #6      _rootRun (dart:async/zone.dart:1391:47)
[WrapWithConsumer] 2024-12-19T11:20:59.688042 #7      _CustomZone.run (dart:async/zone.dart:1301:19)
[WrapWithConsumer] 2024-12-19T11:20:59.688042 #8      _CustomZone.runGuarded (dart:async/zone.dart:1209:7)
[WrapWithConsumer] 2024-12-19T11:20:59.688042 #9      _CustomZone.bindCallbackGuarded.<anonymous closure> (dart:async/zone.dart:1249:23)
[WrapWithConsumer] 2024-12-19T11:20:59.688042 #10     _rootRun (dart:async/zone.dart:1399:13)
[WrapWithConsumer] 2024-12-19T11:20:59.688042 #11     _CustomZone.run (dart:async/zone.dart:1301:19)
[WrapWithConsumer] 2024-12-19T11:20:59.688042 #12     _CustomZone.bindCallback.<anonymous closure> (dart:async/zone.dart:1233:23)
[WrapWithConsumer] 2024-12-19T11:20:59.688042 #13     Timer._createTimer.<anonymous closure> (dart:async-patch/timer_patch.dart:18:15)
[WrapWithConsumer] 2024-12-19T11:20:59.688042 #14     _Timer._runTimers (dart:isolate-patch/timer_impl.dart:398:19)
[WrapWithConsumer] 2024-12-19T11:20:59.688042 #15     _Timer._handleMessage (dart:isolate-patch/timer_impl.dart:429:5)
[WrapWithConsumer] 2024-12-19T11:20:59.688042 #16     _RawReceivePort._handleMessage (dart:isolate-patch/isolate_patch.dart:184:12)
[WrapWithConsumer] 2024-12-19T11:20:59.688042
[WrapWithProviderScope] 2024-12-19T11:20:59.710440 Plugin WrapWithProviderScope threw while analyzing C:\dev\esameCross\cross_platform_its_aapn_2024\pokedex\lib\src\pages\homepage.dart:
[WrapWithProviderScope] 2024-12-19T11:20:59.710440 InconsistentAnalysisException: Requested result might be inconsistent with previously returned results
[WrapWithProviderScope] 2024-12-19T11:20:59.710440
[WrapWithProviderScope] 2024-12-19T11:20:59.710440 #0      AnalysisSessionImpl.checkConsistency (package:analyzer/src/dart/analysis/session.dart:54:7)
[WrapWithProviderScope] 2024-12-19T11:20:59.710440 #1      AnalysisSessionImpl.getResolvedUnit (package:analyzer/src/dart/analysis/session.dart:129:5)
[WrapWithProviderScope] 2024-12-19T11:20:59.710440 #2      ChangeBuilderImpl._createDartFileEditBuilder (package:analyzer_plugin/src/utilities/change_builder/change_builder_core.dart:287:33)
[WrapWithProviderScope] 2024-12-19T11:20:59.710440 #3      ChangeBuilderImpl.addDartFileEdit (package:analyzer_plugin/src/utilities/change_builder/change_builder_core.dart:136:23)
[WrapWithProviderScope] 2024-12-19T11:20:59.710440 #4      ChangeBuilderImpl.addDartFileEdit.<anonymous closure> (package:custom_lint_core/src/change_reporter.dart:241:35)
[WrapWithProviderScope] 2024-12-19T11:20:59.710440 #5      new Future.<anonymous closure> (dart:async/future.dart:258:40)
[WrapWithProviderScope] 2024-12-19T11:20:59.710440 #6      _rootRun (dart:async/zone.dart:1391:47)
[WrapWithProviderScope] 2024-12-19T11:20:59.710440 #7      _CustomZone.run (dart:async/zone.dart:1301:19)
[WrapWithProviderScope] 2024-12-19T11:20:59.710440 #8      _CustomZone.runGuarded (dart:async/zone.dart:1209:7)
[WrapWithProviderScope] 2024-12-19T11:20:59.710440 #9      _CustomZone.bindCallbackGuarded.<anonymous closure> (dart:async/zone.dart:1249:23)
[WrapWithProviderScope] 2024-12-19T11:20:59.710440 #10     _rootRun (dart:async/zone.dart:1399:13)
[WrapWithProviderScope] 2024-12-19T11:20:59.710440 #11     _CustomZone.run (dart:async/zone.dart:1301:19)
[WrapWithProviderScope] 2024-12-19T11:20:59.710440 #12     _CustomZone.bindCallback.<anonymous closure> (dart:async/zone.dart:1233:23)
[WrapWithProviderScope] 2024-12-19T11:20:59.710440 #13     Timer._createTimer.<anonymous closure> (dart:async-patch/timer_patch.dart:18:15)
[WrapWithProviderScope] 2024-12-19T11:20:59.710440 #14     _Timer._runTimers (dart:isolate-patch/timer_impl.dart:398:19)
[WrapWithProviderScope] 2024-12-19T11:20:59.710440 #15     _Timer._handleMessage (dart:isolate-patch/timer_impl.dart:429:5)
[WrapWithProviderScope] 2024-12-19T11:20:59.710440 #16     _RawReceivePort._handleMessage (dart:isolate-patch/isolate_patch.dart:184:12)
[WrapWithProviderScope] 2024-12-19T11:20:59.710440
[WrapWithConsumer] 2024-12-19T11:20:59.728379 Plugin WrapWithConsumer threw while analyzing C:\dev\esameCross\cross_platform_its_aapn_2024\pokedex\lib\src\pages\homepage.dart:
[WrapWithConsumer] 2024-12-19T11:20:59.728379 InconsistentAnalysisException: Requested result might be inconsistent with previously returned results
[WrapWithConsumer] 2024-12-19T11:20:59.728379
[WrapWithConsumer] 2024-12-19T11:20:59.728379 #0      AnalysisSessionImpl.checkConsistency (package:analyzer/src/dart/analysis/session.dart:54:7)
[WrapWithConsumer] 2024-12-19T11:20:59.728379 #1      AnalysisSessionImpl.getResolvedUnit (package:analyzer/src/dart/analysis/session.dart:129:5)
[WrapWithConsumer] 2024-12-19T11:20:59.728379 #2      ChangeBuilderImpl._createDartFileEditBuilder (package:analyzer_plugin/src/utilities/change_builder/change_builder_core.dart:287:33)
[WrapWithConsumer] 2024-12-19T11:20:59.728379 #3      ChangeBuilderImpl.addDartFileEdit (package:analyzer_plugin/src/utilities/change_builder/change_builder_core.dart:136:23)
[WrapWithConsumer] 2024-12-19T11:20:59.728379 #4      ChangeBuilderImpl.addDartFileEdit.<anonymous closure> (package:custom_lint_core/src/change_reporter.dart:241:35)
[WrapWithConsumer] 2024-12-19T11:20:59.728379 #5      new Future.<anonymous closure> (dart:async/future.dart:258:40)
[WrapWithConsumer] 2024-12-19T11:20:59.728379 #6      _rootRun (dart:async/zone.dart:1391:47)
[WrapWithConsumer] 2024-12-19T11:20:59.728379 #7      _CustomZone.run (dart:async/zone.dart:1301:19)
[WrapWithConsumer] 2024-12-19T11:20:59.728379 #8      _CustomZone.runGuarded (dart:async/zone.dart:1209:7)
[WrapWithConsumer] 2024-12-19T11:20:59.728379 #9      _CustomZone.bindCallbackGuarded.<anonymous closure> (dart:async/zone.dart:1249:23)
[WrapWithConsumer] 2024-12-19T11:20:59.728379 #10     _rootRun (dart:async/zone.dart:1399:13)
[WrapWithConsumer] 2024-12-19T11:20:59.728379 #11     _CustomZone.run (dart:async/zone.dart:1301:19)
[WrapWithConsumer] 2024-12-19T11:20:59.728379 #12     _CustomZone.bindCallback.<anonymous closure> (dart:async/zone.dart:1233:23)
[WrapWithConsumer] 2024-12-19T11:20:59.728379 #13     Timer._createTimer.<anonymous closure> (dart:async-patch/timer_patch.dart:18:15)
[WrapWithConsumer] 2024-12-19T11:20:59.728379 #14     _Timer._runTimers (dart:isolate-patch/timer_impl.dart:398:19)
[WrapWithConsumer] 2024-12-19T11:20:59.728379 #15     _Timer._handleMessage (dart:isolate-patch/timer_impl.dart:429:5)
[WrapWithConsumer] 2024-12-19T11:20:59.728379 #16     _RawReceivePort._handleMessage (dart:isolate-patch/isolate_patch.dart:184:12)
[WrapWithConsumer] 2024-12-19T11:20:59.728379
[WrapWithProviderScope] 2024-12-19T11:20:59.743860 Plugin WrapWithProviderScope threw while analyzing C:\dev\esameCross\cross_platform_its_aapn_2024\pokedex\lib\src\pages\homepage.dart:
[WrapWithProviderScope] 2024-12-19T11:20:59.743860 InconsistentAnalysisException: Requested result might be inconsistent with previously returned results
[WrapWithProviderScope] 2024-12-19T11:20:59.743860
[WrapWithProviderScope] 2024-12-19T11:20:59.743860 #0      AnalysisSessionImpl.checkConsistency (package:analyzer/src/dart/analysis/session.dart:54:7)
[WrapWithProviderScope] 2024-12-19T11:20:59.743860 #1      AnalysisSessionImpl.getResolvedUnit (package:analyzer/src/dart/analysis/session.dart:129:5)
[WrapWithProviderScope] 2024-12-19T11:20:59.743860 #2      ChangeBuilderImpl._createDartFileEditBuilder (package:analyzer_plugin/src/utilities/change_builder/change_builder_core.dart:287:33)
[WrapWithProviderScope] 2024-12-19T11:20:59.743860 #3      ChangeBuilderImpl.addDartFileEdit (package:analyzer_plugin/src/utilities/change_builder/change_builder_core.dart:136:23)
[WrapWithProviderScope] 2024-12-19T11:20:59.743860 #4      ChangeBuilderImpl.addDartFileEdit.<anonymous closure> (package:custom_lint_core/src/change_reporter.dart:241:35)
[WrapWithProviderScope] 2024-12-19T11:20:59.743860 #5      new Future.<anonymous closure> (dart:async/future.dart:258:40)
[WrapWithProviderScope] 2024-12-19T11:20:59.743860 #6      _rootRun (dart:async/zone.dart:1391:47)
[WrapWithProviderScope] 2024-12-19T11:20:59.743860 #7      _CustomZone.run (dart:async/zone.dart:1301:19)
[WrapWithProviderScope] 2024-12-19T11:20:59.743860 #8      _CustomZone.runGuarded (dart:async/zone.dart:1209:7)
[WrapWithProviderScope] 2024-12-19T11:20:59.743860 #9      _CustomZone.bindCallbackGuarded.<anonymous closure> (dart:async/zone.dart:1249:23)
[WrapWithProviderScope] 2024-12-19T11:20:59.743860 #10     _rootRun (dart:async/zone.dart:1399:13)
[WrapWithProviderScope] 2024-12-19T11:20:59.743860 #11     _CustomZone.run (dart:async/zone.dart:1301:19)
[WrapWithProviderScope] 2024-12-19T11:20:59.743860 #12     _CustomZone.bindCallback.<anonymous closure> (dart:async/zone.dart:1233:23)
[WrapWithProviderScope] 2024-12-19T11:20:59.743860 #13     Timer._createTimer.<anonymous closure> (dart:async-patch/timer_patch.dart:18:15)
[WrapWithProviderScope] 2024-12-19T11:20:59.743860 #14     _Timer._runTimers (dart:isolate-patch/timer_impl.dart:398:19)
[WrapWithProviderScope] 2024-12-19T11:20:59.743860 #15     _Timer._handleMessage (dart:isolate-patch/timer_impl.dart:429:5)
[WrapWithProviderScope] 2024-12-19T11:20:59.743860 #16     _RawReceivePort._handleMessage (dart:isolate-patch/isolate_patch.dart:184:12)
[WrapWithProviderScope] 2024-12-19T11:20:59.743860
[WrapWithConsumer] 2024-12-19T11:20:59.758420 Plugin WrapWithConsumer threw while analyzing C:\dev\esameCross\cross_platform_its_aapn_2024\pokedex\lib\src\pages\homepage.dart:
[WrapWithConsumer] 2024-12-19T11:20:59.758420 InconsistentAnalysisException: Requested result might be inconsistent with previously returned results
[WrapWithConsumer] 2024-12-19T11:20:59.758420
[WrapWithConsumer] 2024-12-19T11:20:59.758420 #0      AnalysisSessionImpl.checkConsistency (package:analyzer/src/dart/analysis/session.dart:54:7)
[WrapWithConsumer] 2024-12-19T11:20:59.758420 #1      AnalysisSessionImpl.getResolvedUnit (package:analyzer/src/dart/analysis/session.dart:129:5)
[WrapWithConsumer] 2024-12-19T11:20:59.758420 #2      ChangeBuilderImpl._createDartFileEditBuilder (package:analyzer_plugin/src/utilities/change_builder/change_builder_core.dart:287:33)
[WrapWithConsumer] 2024-12-19T11:20:59.758420 #3      ChangeBuilderImpl.addDartFileEdit (package:analyzer_plugin/src/utilities/change_builder/change_builder_core.dart:136:23)
[WrapWithConsumer] 2024-12-19T11:20:59.758420 #4      ChangeBuilderImpl.addDartFileEdit.<anonymous closure> (package:custom_lint_core/src/change_reporter.dart:241:35)
[WrapWithConsumer] 2024-12-19T11:20:59.758420 #5      new Future.<anonymous closure> (dart:async/future.dart:258:40)
[WrapWithConsumer] 2024-12-19T11:20:59.758420 #6      _rootRun (dart:async/zone.dart:1391:47)
[WrapWithConsumer] 2024-12-19T11:20:59.758420 #7      _CustomZone.run (dart:async/zone.dart:1301:19)
[WrapWithConsumer] 2024-12-19T11:20:59.758420 #8      _CustomZone.runGuarded (dart:async/zone.dart:1209:7)
[WrapWithConsumer] 2024-12-19T11:20:59.758420 #9      _CustomZone.bindCallbackGuarded.<anonymous closure> (dart:async/zone.dart:1249:23)
[WrapWithConsumer] 2024-12-19T11:20:59.758420 #10     _rootRun (dart:async/zone.dart:1399:13)
[WrapWithConsumer] 2024-12-19T11:20:59.758420 #11     _CustomZone.run (dart:async/zone.dart:1301:19)
[WrapWithConsumer] 2024-12-19T11:20:59.758420 #12     _CustomZone.bindCallback.<anonymous closure> (dart:async/zone.dart:1233:23)
[WrapWithConsumer] 2024-12-19T11:20:59.758420 #13     Timer._createTimer.<anonymous closure> (dart:async-patch/timer_patch.dart:18:15)
[WrapWithConsumer] 2024-12-19T11:20:59.758420 #14     _Timer._runTimers (dart:isolate-patch/timer_impl.dart:398:19)
[WrapWithConsumer] 2024-12-19T11:20:59.758420 #15     _Timer._handleMessage (dart:isolate-patch/timer_impl.dart:429:5)
[WrapWithConsumer] 2024-12-19T11:20:59.758420 #16     _RawReceivePort._handleMessage (dart:isolate-patch/isolate_patch.dart:184:12)
[WrapWithConsumer] 2024-12-19T11:20:59.758420
[WrapWithProviderScope] 2024-12-19T11:20:59.772249 Plugin WrapWithProviderScope threw while analyzing C:\dev\esameCross\cross_platform_its_aapn_2024\pokedex\lib\src\pages\homepage.dart:
[WrapWithProviderScope] 2024-12-19T11:20:59.772249 InconsistentAnalysisException: Requested result might be inconsistent with previously returned results
[WrapWithProviderScope] 2024-12-19T11:20:59.772249
[WrapWithProviderScope] 2024-12-19T11:20:59.772249 #0      AnalysisSessionImpl.checkConsistency (package:analyzer/src/dart/analysis/session.dart:54:7)
[WrapWithProviderScope] 2024-12-19T11:20:59.772249 #1      AnalysisSessionImpl.getResolvedUnit (package:analyzer/src/dart/analysis/session.dart:129:5)
[WrapWithProviderScope] 2024-12-19T11:20:59.772249 #2      ChangeBuilderImpl._createDartFileEditBuilder (package:analyzer_plugin/src/utilities/change_builder/change_builder_core.dart:287:33)
[WrapWithProviderScope] 2024-12-19T11:20:59.772249 #3      ChangeBuilderImpl.addDartFileEdit (package:analyzer_plugin/src/utilities/change_builder/change_builder_core.dart:136:23)
[WrapWithProviderScope] 2024-12-19T11:20:59.772249 #4      ChangeBuilderImpl.addDartFileEdit.<anonymous closure> (package:custom_lint_core/src/change_reporter.dart:241:35)
[WrapWithProviderScope] 2024-12-19T11:20:59.772249 #5      new Future.<anonymous closure> (dart:async/future.dart:258:40)
[WrapWithProviderScope] 2024-12-19T11:20:59.772249 #6      _rootRun (dart:async/zone.dart:1391:47)
[WrapWithProviderScope] 2024-12-19T11:20:59.772249 #7      _CustomZone.run (dart:async/zone.dart:1301:19)
[WrapWithProviderScope] 2024-12-19T11:20:59.772249 #8      _CustomZone.runGuarded (dart:async/zone.dart:1209:7)
[WrapWithProviderScope] 2024-12-19T11:20:59.772249 #9      _CustomZone.bindCallbackGuarded.<anonymous closure> (dart:async/zone.dart:1249:23)
[WrapWithProviderScope] 2024-12-19T11:20:59.772249 #10     _rootRun (dart:async/zone.dart:1399:13)
[WrapWithProviderScope] 2024-12-19T11:20:59.772249 #11     _CustomZone.run (dart:async/zone.dart:1301:19)
[WrapWithProviderScope] 2024-12-19T11:20:59.772249 #12     _CustomZone.bindCallback.<anonymous closure> (dart:async/zone.dart:1233:23)
[WrapWithProviderScope] 2024-12-19T11:20:59.772249 #13     Timer._createTimer.<anonymous closure> (dart:async-patch/timer_patch.dart:18:15)
[WrapWithProviderScope] 2024-12-19T11:20:59.772249 #14     _Timer._runTimers (dart:isolate-patch/timer_impl.dart:398:19)
[WrapWithProviderScope] 2024-12-19T11:20:59.772249 #15     _Timer._handleMessage (dart:isolate-patch/timer_impl.dart:429:5)
[WrapWithProviderScope] 2024-12-19T11:20:59.772249 #16     _RawReceivePort._handleMessage (dart:isolate-patch/isolate_patch.dart:184:12)
[WrapWithProviderScope] 2024-12-19T11:20:59.772249
[WrapWithConsumer] 2024-12-19T11:20:59.787667 Plugin WrapWithConsumer threw while analyzing C:\dev\esameCross\cross_platform_its_aapn_2024\pokedex\lib\src\pages\homepage.dart:
[WrapWithConsumer] 2024-12-19T11:20:59.787667 InconsistentAnalysisException: Requested result might be inconsistent with previously returned results
[WrapWithConsumer] 2024-12-19T11:20:59.787667
[WrapWithConsumer] 2024-12-19T11:20:59.787667 #0      AnalysisSessionImpl.checkConsistency (package:analyzer/src/dart/analysis/session.dart:54:7)
[WrapWithConsumer] 2024-12-19T11:20:59.787667 #1      AnalysisSessionImpl.getResolvedUnit (package:analyzer/src/dart/analysis/session.dart:129:5)
[WrapWithConsumer] 2024-12-19T11:20:59.787667 #2      ChangeBuilderImpl._createDartFileEditBuilder (package:analyzer_plugin/src/utilities/change_builder/change_builder_core.dart:287:33)
[WrapWithConsumer] 2024-12-19T11:20:59.787667 #3      ChangeBuilderImpl.addDartFileEdit (package:analyzer_plugin/src/utilities/change_builder/change_builder_core.dart:136:23)
[WrapWithConsumer] 2024-12-19T11:20:59.787667 #4      ChangeBuilderImpl.addDartFileEdit.<anonymous closure> (package:custom_lint_core/src/change_reporter.dart:241:35)
[WrapWithConsumer] 2024-12-19T11:20:59.787667 #5      new Future.<anonymous closure> (dart:async/future.dart:258:40)
[WrapWithConsumer] 2024-12-19T11:20:59.787667 #6      _rootRun (dart:async/zone.dart:1391:47)
[WrapWithConsumer] 2024-12-19T11:20:59.787667 #7      _CustomZone.run (dart:async/zone.dart:1301:19)
[WrapWithConsumer] 2024-12-19T11:20:59.787667 #8      _CustomZone.runGuarded (dart:async/zone.dart:1209:7)
[WrapWithConsumer] 2024-12-19T11:20:59.787667 #9      _CustomZone.bindCallbackGuarded.<anonymous closure> (dart:async/zone.dart:1249:23)
[WrapWithConsumer] 2024-12-19T11:20:59.787667 #10     _rootRun (dart:async/zone.dart:1399:13)
[WrapWithConsumer] 2024-12-19T11:20:59.787667 #11     _CustomZone.run (dart:async/zone.dart:1301:19)
[WrapWithConsumer] 2024-12-19T11:20:59.787667 #12     _CustomZone.bindCallback.<anonymous closure> (dart:async/zone.dart:1233:23)
[WrapWithConsumer] 2024-12-19T11:20:59.787667 #13     Timer._createTimer.<anonymous closure> (dart:async-patch/timer_patch.dart:18:15)
[WrapWithConsumer] 2024-12-19T11:20:59.787667 #14     _Timer._runTimers (dart:isolate-patch/timer_impl.dart:398:19)
[WrapWithConsumer] 2024-12-19T11:20:59.787667 #15     _Timer._handleMessage (dart:isolate-patch/timer_impl.dart:429:5)
[WrapWithConsumer] 2024-12-19T11:20:59.787667 #16     _RawReceivePort._handleMessage (dart:isolate-patch/isolate_patch.dart:184:12)
[WrapWithConsumer] 2024-12-19T11:20:59.787667
[WrapWithProviderScope] 2024-12-19T11:20:59.802830 Plugin WrapWithProviderScope threw while analyzing C:\dev\esameCross\cross_platform_its_aapn_2024\pokedex\lib\src\pages\homepage.dart:
[WrapWithProviderScope] 2024-12-19T11:20:59.802830 InconsistentAnalysisException: Requested result might be inconsistent with previously returned results
[WrapWithProviderScope] 2024-12-19T11:20:59.802830
[WrapWithProviderScope] 2024-12-19T11:20:59.802830 #0      AnalysisSessionImpl.checkConsistency (package:analyzer/src/dart/analysis/session.dart:54:7)
[WrapWithProviderScope] 2024-12-19T11:20:59.802830 #1      AnalysisSessionImpl.getResolvedUnit (package:analyzer/src/dart/analysis/session.dart:129:5)
[WrapWithProviderScope] 2024-12-19T11:20:59.802830 #2      ChangeBuilderImpl._createDartFileEditBuilder (package:analyzer_plugin/src/utilities/change_builder/change_builder_core.dart:287:33)
[WrapWithProviderScope] 2024-12-19T11:20:59.802830 #3      ChangeBuilderImpl.addDartFileEdit (package:analyzer_plugin/src/utilities/change_builder/change_builder_core.dart:136:23)
[WrapWithProviderScope] 2024-12-19T11:20:59.802830 #4      ChangeBuilderImpl.addDartFileEdit.<anonymous closure> (package:custom_lint_core/src/change_reporter.dart:241:35)
[WrapWithProviderScope] 2024-12-19T11:20:59.802830 #5      new Future.<anonymous closure> (dart:async/future.dart:258:40)
[WrapWithProviderScope] 2024-12-19T11:20:59.802830 #6      _rootRun (dart:async/zone.dart:1391:47)
[WrapWithProviderScope] 2024-12-19T11:20:59.802830 #7      _CustomZone.run (dart:async/zone.dart:1301:19)
[WrapWithProviderScope] 2024-12-19T11:20:59.802830 #8      _CustomZone.runGuarded (dart:async/zone.dart:1209:7)
[WrapWithProviderScope] 2024-12-19T11:20:59.802830 #9      _CustomZone.bindCallbackGuarded.<anonymous closure> (dart:async/zone.dart:1249:23)
[WrapWithProviderScope] 2024-12-19T11:20:59.802830 #10     _rootRun (dart:async/zone.dart:1399:13)
[WrapWithProviderScope] 2024-12-19T11:20:59.802830 #11     _CustomZone.run (dart:async/zone.dart:1301:19)
[WrapWithProviderScope] 2024-12-19T11:20:59.802830 #12     _CustomZone.bindCallback.<anonymous closure> (dart:async/zone.dart:1233:23)
[WrapWithProviderScope] 2024-12-19T11:20:59.802830 #13     Timer._createTimer.<anonymous closure> (dart:async-patch/timer_patch.dart:18:15)
[WrapWithProviderScope] 2024-12-19T11:20:59.802830 #14     _Timer._runTimers (dart:isolate-patch/timer_impl.dart:398:19)
[WrapWithProviderScope] 2024-12-19T11:20:59.802830 #15     _Timer._handleMessage (dart:isolate-patch/timer_impl.dart:429:5)
[WrapWithProviderScope] 2024-12-19T11:20:59.802830 #16     _RawReceivePort._handleMessage (dart:isolate-patch/isolate_patch.dart:184:12)
[WrapWithProviderScope] 2024-12-19T11:20:59.802830
[WrapWithConsumer] 2024-12-19T11:20:59.819240 Plugin WrapWithConsumer threw while analyzing C:\dev\esameCross\cross_platform_its_aapn_2024\pokedex\lib\src\pages\homepage.dart:
[WrapWithConsumer] 2024-12-19T11:20:59.819240 InconsistentAnalysisException: Requested result might be inconsistent with previously returned results
[WrapWithConsumer] 2024-12-19T11:20:59.819240
[WrapWithConsumer] 2024-12-19T11:20:59.819240 #0      AnalysisSessionImpl.checkConsistency (package:analyzer/src/dart/analysis/session.dart:54:7)
[WrapWithConsumer] 2024-12-19T11:20:59.819240 #1      AnalysisSessionImpl.getResolvedUnit (package:analyzer/src/dart/analysis/session.dart:129:5)
[WrapWithConsumer] 2024-12-19T11:20:59.819240 #2      ChangeBuilderImpl._createDartFileEditBuilder (package:analyzer_plugin/src/utilities/change_builder/change_builder_core.dart:287:33)
[WrapWithConsumer] 2024-12-19T11:20:59.819240 #3      ChangeBuilderImpl.addDartFileEdit (package:analyzer_plugin/src/utilities/change_builder/change_builder_core.dart:136:23)
[WrapWithConsumer] 2024-12-19T11:20:59.819240 #4      ChangeBuilderImpl.addDartFileEdit.<anonymous closure> (package:custom_lint_core/src/change_reporter.dart:241:35)
[WrapWithConsumer] 2024-12-19T11:20:59.819240 #5      new Future.<anonymous closure> (dart:async/future.dart:258:40)
[WrapWithConsumer] 2024-12-19T11:20:59.819240 #6      _rootRun (dart:async/zone.dart:1391:47)
[WrapWithConsumer] 2024-12-19T11:20:59.819240 #7      _CustomZone.run (dart:async/zone.dart:1301:19)
[WrapWithConsumer] 2024-12-19T11:20:59.819240 #8      _CustomZone.runGuarded (dart:async/zone.dart:1209:7)
[WrapWithConsumer] 2024-12-19T11:20:59.819240 #9      _CustomZone.bindCallbackGuarded.<anonymous closure> (dart:async/zone.dart:1249:23)
[WrapWithConsumer] 2024-12-19T11:20:59.819240 #10     _rootRun (dart:async/zone.dart:1399:13)
[WrapWithConsumer] 2024-12-19T11:20:59.819240 #11     _CustomZone.run (dart:async/zone.dart:1301:19)
[WrapWithConsumer] 2024-12-19T11:20:59.819240 #12     _CustomZone.bindCallback.<anonymous closure> (dart:async/zone.dart:1233:23)
[WrapWithConsumer] 2024-12-19T11:20:59.819240 #13     Timer._createTimer.<anonymous closure> (dart:async-patch/timer_patch.dart:18:15)
[WrapWithConsumer] 2024-12-19T11:20:59.819240 #14     _Timer._runTimers (dart:isolate-patch/timer_impl.dart:398:19)
[WrapWithConsumer] 2024-12-19T11:20:59.819240 #15     _Timer._handleMessage (dart:isolate-patch/timer_impl.dart:429:5)
[WrapWithConsumer] 2024-12-19T11:20:59.819240 #16     _RawReceivePort._handleMessage (dart:isolate-patch/isolate_patch.dart:184:12)
[WrapWithConsumer] 2024-12-19T11:20:59.819240
[WrapWithProviderScope] 2024-12-19T11:20:59.835702 Plugin WrapWithProviderScope threw while analyzing C:\dev\esameCross\cross_platform_its_aapn_2024\pokedex\lib\src\pages\homepage.dart:
[WrapWithProviderScope] 2024-12-19T11:20:59.835702 InconsistentAnalysisException: Requested result might be inconsistent with previously returned results
[WrapWithProviderScope] 2024-12-19T11:20:59.835702
[WrapWithProviderScope] 2024-12-19T11:20:59.835702 #0      AnalysisSessionImpl.checkConsistency (package:analyzer/src/dart/analysis/session.dart:54:7)
[WrapWithProviderScope] 2024-12-19T11:20:59.835702 #1      AnalysisSessionImpl.getResolvedUnit (package:analyzer/src/dart/analysis/session.dart:129:5)
[WrapWithProviderScope] 2024-12-19T11:20:59.835702 #2      ChangeBuilderImpl._createDartFileEditBuilder (package:analyzer_plugin/src/utilities/change_builder/change_builder_core.dart:287:33)
[WrapWithProviderScope] 2024-12-19T11:20:59.835702 #3      ChangeBuilderImpl.addDartFileEdit (package:analyzer_plugin/src/utilities/change_builder/change_builder_core.dart:136:23)
[WrapWithProviderScope] 2024-12-19T11:20:59.835702 #4      ChangeBuilderImpl.addDartFileEdit.<anonymous closure> (package:custom_lint_core/src/change_reporter.dart:241:35)
[WrapWithProviderScope] 2024-12-19T11:20:59.835702 #5      new Future.<anonymous closure> (dart:async/future.dart:258:40)
[WrapWithProviderScope] 2024-12-19T11:20:59.835702 #6      _rootRun (dart:async/zone.dart:1391:47)
[WrapWithProviderScope] 2024-12-19T11:20:59.835702 #7      _CustomZone.run (dart:async/zone.dart:1301:19)
[WrapWithProviderScope] 2024-12-19T11:20:59.835702 #8      _CustomZone.runGuarded (dart:async/zone.dart:1209:7)
[WrapWithProviderScope] 2024-12-19T11:20:59.835702 #9      _CustomZone.bindCallbackGuarded.<anonymous closure> (dart:async/zone.dart:1249:23)
[WrapWithProviderScope] 2024-12-19T11:20:59.835702 #10     _rootRun (dart:async/zone.dart:1399:13)
[WrapWithProviderScope] 2024-12-19T11:20:59.835702 #11     _CustomZone.run (dart:async/zone.dart:1301:19)
[WrapWithProviderScope] 2024-12-19T11:20:59.835702 #12     _CustomZone.bindCallback.<anonymous closure> (dart:async/zone.dart:1233:23)
[WrapWithProviderScope] 2024-12-19T11:20:59.835702 #13     Timer._createTimer.<anonymous closure> (dart:async-patch/timer_patch.dart:18:15)
[WrapWithProviderScope] 2024-12-19T11:20:59.835702 #14     _Timer._runTimers (dart:isolate-patch/timer_impl.dart:398:19)
[WrapWithProviderScope] 2024-12-19T11:20:59.835702 #15     _Timer._handleMessage (dart:isolate-patch/timer_impl.dart:429:5)
[WrapWithProviderScope] 2024-12-19T11:20:59.835702 #16     _RawReceivePort._handleMessage (dart:isolate-patch/isolate_patch.dart:184:12)
[WrapWithProviderScope] 2024-12-19T11:20:59.835702
[WrapWithConsumer] 2024-12-19T11:20:59.853026 Plugin WrapWithConsumer threw while analyzing C:\dev\esameCross\cross_platform_its_aapn_2024\pokedex\lib\src\pages\homepage.dart:
[WrapWithConsumer] 2024-12-19T11:20:59.853026 InconsistentAnalysisException: Requested result might be inconsistent with previously returned results
[WrapWithConsumer] 2024-12-19T11:20:59.853026
[WrapWithConsumer] 2024-12-19T11:20:59.853026 #0      AnalysisSessionImpl.checkConsistency (package:analyzer/src/dart/analysis/session.dart:54:7)
[WrapWithConsumer] 2024-12-19T11:20:59.853026 #1      AnalysisSessionImpl.getResolvedUnit (package:analyzer/src/dart/analysis/session.dart:129:5)
[WrapWithConsumer] 2024-12-19T11:20:59.853026 #2      ChangeBuilderImpl._createDartFileEditBuilder (package:analyzer_plugin/src/utilities/change_builder/change_builder_core.dart:287:33)
[WrapWithConsumer] 2024-12-19T11:20:59.853026 #3      ChangeBuilderImpl.addDartFileEdit (package:analyzer_plugin/src/utilities/change_builder/change_builder_core.dart:136:23)
[WrapWithConsumer] 2024-12-19T11:20:59.853026 #4      ChangeBuilderImpl.addDartFileEdit.<anonymous closure> (package:custom_lint_core/src/change_reporter.dart:241:35)
[WrapWithConsumer] 2024-12-19T11:20:59.853026 #5      new Future.<anonymous closure> (dart:async/future.dart:258:40)
[WrapWithConsumer] 2024-12-19T11:20:59.853026 #6      _rootRun (dart:async/zone.dart:1391:47)
[WrapWithConsumer] 2024-12-19T11:20:59.853026 #7      _CustomZone.run (dart:async/zone.dart:1301:19)
[WrapWithConsumer] 2024-12-19T11:20:59.853026 #8      _CustomZone.runGuarded (dart:async/zone.dart:1209:7)
[WrapWithConsumer] 2024-12-19T11:20:59.853026 #9      _CustomZone.bindCallbackGuarded.<anonymous closure> (dart:async/zone.dart:1249:23)
[WrapWithConsumer] 2024-12-19T11:20:59.853026 #10     _rootRun (dart:async/zone.dart:1399:13)
[WrapWithConsumer] 2024-12-19T11:20:59.853026 #11     _CustomZone.run (dart:async/zone.dart:1301:19)
[WrapWithConsumer] 2024-12-19T11:20:59.853026 #12     _CustomZone.bindCallback.<anonymous closure> (dart:async/zone.dart:1233:23)
[WrapWithConsumer] 2024-12-19T11:20:59.853026 #13     Timer._createTimer.<anonymous closure> (dart:async-patch/timer_patch.dart:18:15)
[WrapWithConsumer] 2024-12-19T11:20:59.853026 #14     _Timer._runTimers (dart:isolate-patch/timer_impl.dart:398:19)
[WrapWithConsumer] 2024-12-19T11:20:59.853026 #15     _Timer._handleMessage (dart:isolate-patch/timer_impl.dart:429:5)
[WrapWithConsumer] 2024-12-19T11:20:59.853026 #16     _RawReceivePort._handleMessage (dart:isolate-patch/isolate_patch.dart:184:12)
[WrapWithConsumer] 2024-12-19T11:20:59.853026
[WrapWithProviderScope] 2024-12-19T11:20:59.870031 Plugin WrapWithProviderScope threw while analyzing C:\dev\esameCross\cross_platform_its_aapn_2024\pokedex\lib\src\pages\homepage.dart:
[WrapWithProviderScope] 2024-12-19T11:20:59.870031 InconsistentAnalysisException: Requested result might be inconsistent with previously returned results
[WrapWithProviderScope] 2024-12-19T11:20:59.870031
[WrapWithProviderScope] 2024-12-19T11:20:59.870031 #0      AnalysisSessionImpl.checkConsistency (package:analyzer/src/dart/analysis/session.dart:54:7)
[WrapWithProviderScope] 2024-12-19T11:20:59.870031 #1      AnalysisSessionImpl.getResolvedUnit (package:analyzer/src/dart/analysis/session.dart:129:5)
[WrapWithProviderScope] 2024-12-19T11:20:59.870031 #2      ChangeBuilderImpl._createDartFileEditBuilder (package:analyzer_plugin/src/utilities/change_builder/change_builder_core.dart:287:33)
[WrapWithProviderScope] 2024-12-19T11:20:59.870031 #3      ChangeBuilderImpl.addDartFileEdit (package:analyzer_plugin/src/utilities/change_builder/change_builder_core.dart:136:23)
[WrapWithProviderScope] 2024-12-19T11:20:59.870031 #4      ChangeBuilderImpl.addDartFileEdit.<anonymous closure> (package:custom_lint_core/src/change_reporter.dart:241:35)
[WrapWithProviderScope] 2024-12-19T11:20:59.870031 #5      new Future.<anonymous closure> (dart:async/future.dart:258:40)
[WrapWithProviderScope] 2024-12-19T11:20:59.870031 #6      _rootRun (dart:async/zone.dart:1391:47)
[WrapWithProviderScope] 2024-12-19T11:20:59.870031 #7      _CustomZone.run (dart:async/zone.dart:1301:19)
[WrapWithProviderScope] 2024-12-19T11:20:59.870031 #8      _CustomZone.runGuarded (dart:async/zone.dart:1209:7)
[WrapWithProviderScope] 2024-12-19T11:20:59.870031 #9      _CustomZone.bindCallbackGuarded.<anonymous closure> (dart:async/zone.dart:1249:23)
[WrapWithProviderScope] 2024-12-19T11:20:59.870031 #10     _rootRun (dart:async/zone.dart:1399:13)
[WrapWithProviderScope] 2024-12-19T11:20:59.870031 #11     _CustomZone.run (dart:async/zone.dart:1301:19)
[WrapWithProviderScope] 2024-12-19T11:20:59.870031 #12     _CustomZone.bindCallback.<anonymous closure> (dart:async/zone.dart:1233:23)
[WrapWithProviderScope] 2024-12-19T11:20:59.870031 #13     Timer._createTimer.<anonymous closure> (dart:async-patch/timer_patch.dart:18:15)
[WrapWithProviderScope] 2024-12-19T11:20:59.870031 #14     _Timer._runTimers (dart:isolate-patch/timer_impl.dart:398:19)
[WrapWithProviderScope] 2024-12-19T11:20:59.870031 #15     _Timer._handleMessage (dart:isolate-patch/timer_impl.dart:429:5)
[WrapWithProviderScope] 2024-12-19T11:20:59.870031 #16     _RawReceivePort._handleMessage (dart:isolate-patch/isolate_patch.dart:184:12)
[WrapWithProviderScope] 2024-12-19T11:20:59.870031
[WrapWithConsumer] 2024-12-19T11:20:59.888550 Plugin WrapWithConsumer threw while analyzing C:\dev\esameCross\cross_platform_its_aapn_2024\pokedex\lib\src\pages\homepage.dart:
[WrapWithConsumer] 2024-12-19T11:20:59.888550 InconsistentAnalysisException: Requested result might be inconsistent with previously returned results
[WrapWithConsumer] 2024-12-19T11:20:59.888550
[WrapWithConsumer] 2024-12-19T11:20:59.888550 #0      AnalysisSessionImpl.checkConsistency (package:analyzer/src/dart/analysis/session.dart:54:7)
[WrapWithConsumer] 2024-12-19T11:20:59.888550 #1      AnalysisSessionImpl.getResolvedUnit (package:analyzer/src/dart/analysis/session.dart:129:5)
[WrapWithConsumer] 2024-12-19T11:20:59.888550 #2      ChangeBuilderImpl._createDartFileEditBuilder (package:analyzer_plugin/src/utilities/change_builder/change_builder_core.dart:287:33)
[WrapWithConsumer] 2024-12-19T11:20:59.888550 #3      ChangeBuilderImpl.addDartFileEdit (package:analyzer_plugin/src/utilities/change_builder/change_builder_core.dart:136:23)
[WrapWithConsumer] 2024-12-19T11:20:59.888550 #4      ChangeBuilderImpl.addDartFileEdit.<anonymous closure> (package:custom_lint_core/src/change_reporter.dart:241:35)
[WrapWithConsumer] 2024-12-19T11:20:59.888550 #5      new Future.<anonymous closure> (dart:async/future.dart:258:40)
[WrapWithConsumer] 2024-12-19T11:20:59.888550 #6      _rootRun (dart:async/zone.dart:1391:47)
[WrapWithConsumer] 2024-12-19T11:20:59.888550 #7      _CustomZone.run (dart:async/zone.dart:1301:19)
[WrapWithConsumer] 2024-12-19T11:20:59.888550 #8      _CustomZone.runGuarded (dart:async/zone.dart:1209:7)
[WrapWithConsumer] 2024-12-19T11:20:59.888550 #9      _CustomZone.bindCallbackGuarded.<anonymous closure> (dart:async/zone.dart:1249:23)
[WrapWithConsumer] 2024-12-19T11:20:59.888550 #10     _rootRun (dart:async/zone.dart:1399:13)
[WrapWithConsumer] 2024-12-19T11:20:59.888550 #11     _CustomZone.run (dart:async/zone.dart:1301:19)
[WrapWithConsumer] 2024-12-19T11:20:59.888550 #12     _CustomZone.bindCallback.<anonymous closure> (dart:async/zone.dart:1233:23)
[WrapWithConsumer] 2024-12-19T11:20:59.888550 #13     Timer._createTimer.<anonymous closure> (dart:async-patch/timer_patch.dart:18:15)
[WrapWithConsumer] 2024-12-19T11:20:59.888550 #14     _Timer._runTimers (dart:isolate-patch/timer_impl.dart:398:19)
[WrapWithConsumer] 2024-12-19T11:20:59.888550 #15     _Timer._handleMessage (dart:isolate-patch/timer_impl.dart:429:5)
[WrapWithConsumer] 2024-12-19T11:20:59.888550 #16     _RawReceivePort._handleMessage (dart:isolate-patch/isolate_patch.dart:184:12)
[WrapWithConsumer] 2024-12-19T11:20:59.888550
[WrapWithProviderScope] 2024-12-19T11:20:59.905485 Plugin WrapWithProviderScope threw while analyzing C:\dev\esameCross\cross_platform_its_aapn_2024\pokedex\lib\src\pages\homepage.dart:
[WrapWithProviderScope] 2024-12-19T11:20:59.905485 InconsistentAnalysisException: Requested result might be inconsistent with previously returned results
[WrapWithProviderScope] 2024-12-19T11:20:59.905485
[WrapWithProviderScope] 2024-12-19T11:20:59.905485 #0      AnalysisSessionImpl.checkConsistency (package:analyzer/src/dart/analysis/session.dart:54:7)
[WrapWithProviderScope] 2024-12-19T11:20:59.905485 #1      AnalysisSessionImpl.getResolvedUnit (package:analyzer/src/dart/analysis/session.dart:129:5)
[WrapWithProviderScope] 2024-12-19T11:20:59.905485 #2      ChangeBuilderImpl._createDartFileEditBuilder (package:analyzer_plugin/src/utilities/change_builder/change_builder_core.dart:287:33)
[WrapWithProviderScope] 2024-12-19T11:20:59.905485 #3      ChangeBuilderImpl.addDartFileEdit (package:analyzer_plugin/src/utilities/change_builder/change_builder_core.dart:136:23)
[WrapWithProviderScope] 2024-12-19T11:20:59.905485 #4      ChangeBuilderImpl.addDartFileEdit.<anonymous closure> (package:custom_lint_core/src/change_reporter.dart:241:35)
[WrapWithProviderScope] 2024-12-19T11:20:59.905485 #5      new Future.<anonymous closure> (dart:async/future.dart:258:40)
[WrapWithProviderScope] 2024-12-19T11:20:59.905485 #6      _rootRun (dart:async/zone.dart:1391:47)
[WrapWithProviderScope] 2024-12-19T11:20:59.905485 #7      _CustomZone.run (dart:async/zone.dart:1301:19)
[WrapWithProviderScope] 2024-12-19T11:20:59.905485 #8      _CustomZone.runGuarded (dart:async/zone.dart:1209:7)
[WrapWithProviderScope] 2024-12-19T11:20:59.905485 #9      _CustomZone.bindCallbackGuarded.<anonymous closure> (dart:async/zone.dart:1249:23)
[WrapWithProviderScope] 2024-12-19T11:20:59.905485 #10     _rootRun (dart:async/zone.dart:1399:13)
[WrapWithProviderScope] 2024-12-19T11:20:59.905485 #11     _CustomZone.run (dart:async/zone.dart:1301:19)
[WrapWithProviderScope] 2024-12-19T11:20:59.905485 #12     _CustomZone.bindCallback.<anonymous closure> (dart:async/zone.dart:1233:23)
[WrapWithProviderScope] 2024-12-19T11:20:59.905485 #13     Timer._createTimer.<anonymous closure> (dart:async-patch/timer_patch.dart:18:15)
[WrapWithProviderScope] 2024-12-19T11:20:59.905485 #14     _Timer._runTimers (dart:isolate-patch/timer_impl.dart:398:19)
[WrapWithProviderScope] 2024-12-19T11:20:59.905485 #15     _Timer._handleMessage (dart:isolate-patch/timer_impl.dart:429:5)
[WrapWithProviderScope] 2024-12-19T11:20:59.905485 #16     _RawReceivePort._handleMessage (dart:isolate-patch/isolate_patch.dart:184:12)
[WrapWithProviderScope] 2024-12-19T11:20:59.905485
[WrapWithConsumer] 2024-12-19T11:20:59.922872 Plugin WrapWithConsumer threw while analyzing C:\dev\esameCross\cross_platform_its_aapn_2024\pokedex\lib\src\pages\homepage.dart:
[WrapWithConsumer] 2024-12-19T11:20:59.922872 InconsistentAnalysisException: Requested result might be inconsistent with previously returned results
[WrapWithConsumer] 2024-12-19T11:20:59.922872
[WrapWithConsumer] 2024-12-19T11:20:59.922872 #0      AnalysisSessionImpl.checkConsistency (package:analyzer/src/dart/analysis/session.dart:54:7)
[WrapWithConsumer] 2024-12-19T11:20:59.922872 #1      AnalysisSessionImpl.getResolvedUnit (package:analyzer/src/dart/analysis/session.dart:129:5)
[WrapWithConsumer] 2024-12-19T11:20:59.922872 #2      ChangeBuilderImpl._createDartFileEditBuilder (package:analyzer_plugin/src/utilities/change_builder/change_builder_core.dart:287:33)
[WrapWithConsumer] 2024-12-19T11:20:59.922872 #3      ChangeBuilderImpl.addDartFileEdit (package:analyzer_plugin/src/utilities/change_builder/change_builder_core.dart:136:23)
[WrapWithConsumer] 2024-12-19T11:20:59.922872 #4      ChangeBuilderImpl.addDartFileEdit.<anonymous closure> (package:custom_lint_core/src/change_reporter.dart:241:35)
[WrapWithConsumer] 2024-12-19T11:20:59.922872 #5      new Future.<anonymous closure> (dart:async/future.dart:258:40)
[WrapWithConsumer] 2024-12-19T11:20:59.922872 #6      _rootRun (dart:async/zone.dart:1391:47)
[WrapWithConsumer] 2024-12-19T11:20:59.922872 #7      _CustomZone.run (dart:async/zone.dart:1301:19)
[WrapWithConsumer] 2024-12-19T11:20:59.922872 #8      _CustomZone.runGuarded (dart:async/zone.dart:1209:7)
[WrapWithConsumer] 2024-12-19T11:20:59.922872 #9      _CustomZone.bindCallbackGuarded.<anonymous closure> (dart:async/zone.dart:1249:23)
[WrapWithConsumer] 2024-12-19T11:20:59.922872 #10     _rootRun (dart:async/zone.dart:1399:13)
[WrapWithConsumer] 2024-12-19T11:20:59.922872 #11     _CustomZone.run (dart:async/zone.dart:1301:19)
[WrapWithConsumer] 2024-12-19T11:20:59.922872 #12     _CustomZone.bindCallback.<anonymous closure> (dart:async/zone.dart:1233:23)
[WrapWithConsumer] 2024-12-19T11:20:59.922872 #13     Timer._createTimer.<anonymous closure> (dart:async-patch/timer_patch.dart:18:15)
[WrapWithConsumer] 2024-12-19T11:20:59.922872 #14     _Timer._runTimers (dart:isolate-patch/timer_impl.dart:398:19)
[WrapWithConsumer] 2024-12-19T11:20:59.922872 #15     _Timer._handleMessage (dart:isolate-patch/timer_impl.dart:429:5)
[WrapWithConsumer] 2024-12-19T11:20:59.922872 #16     _RawReceivePort._handleMessage (dart:isolate-patch/isolate_patch.dart:184:12)
[WrapWithConsumer] 2024-12-19T11:20:59.922872
[WrapWithProviderScope] 2024-12-19T11:20:59.937235 Plugin WrapWithProviderScope threw while analyzing C:\dev\esameCross\cross_platform_its_aapn_2024\pokedex\lib\src\pages\homepage.dart:
[WrapWithProviderScope] 2024-12-19T11:20:59.937235 InconsistentAnalysisException: Requested result might be inconsistent with previously returned results
[WrapWithProviderScope] 2024-12-19T11:20:59.937235
[WrapWithProviderScope] 2024-12-19T11:20:59.937235 #0      AnalysisSessionImpl.checkConsistency (package:analyzer/src/dart/analysis/session.dart:54:7)
[WrapWithProviderScope] 2024-12-19T11:20:59.937235 #1      AnalysisSessionImpl.getResolvedUnit (package:analyzer/src/dart/analysis/session.dart:129:5)
[WrapWithProviderScope] 2024-12-19T11:20:59.937235 #2      ChangeBuilderImpl._createDartFileEditBuilder (package:analyzer_plugin/src/utilities/change_builder/change_builder_core.dart:287:33)
[WrapWithProviderScope] 2024-12-19T11:20:59.937235 #3      ChangeBuilderImpl.addDartFileEdit (package:analyzer_plugin/src/utilities/change_builder/change_builder_core.dart:136:23)
[WrapWithProviderScope] 2024-12-19T11:20:59.937235 #4      ChangeBuilderImpl.addDartFileEdit.<anonymous closure> (package:custom_lint_core/src/change_reporter.dart:241:35)
[WrapWithProviderScope] 2024-12-19T11:20:59.937235 #5      new Future.<anonymous closure> (dart:async/future.dart:258:40)
[WrapWithProviderScope] 2024-12-19T11:20:59.937235 #6      _rootRun (dart:async/zone.dart:1391:47)
[WrapWithProviderScope] 2024-12-19T11:20:59.937235 #7      _CustomZone.run (dart:async/zone.dart:1301:19)
[WrapWithProviderScope] 2024-12-19T11:20:59.937235 #8      _CustomZone.runGuarded (dart:async/zone.dart:1209:7)
[WrapWithProviderScope] 2024-12-19T11:20:59.937235 #9      _CustomZone.bindCallbackGuarded.<anonymous closure> (dart:async/zone.dart:1249:23)
[WrapWithProviderScope] 2024-12-19T11:20:59.937235 #10     _rootRun (dart:async/zone.dart:1399:13)
[WrapWithProviderScope] 2024-12-19T11:20:59.937235 #11     _CustomZone.run (dart:async/zone.dart:1301:19)
[WrapWithProviderScope] 2024-12-19T11:20:59.937235 #12     _CustomZone.bindCallback.<anonymous closure> (dart:async/zone.dart:1233:23)
[WrapWithProviderScope] 2024-12-19T11:20:59.937235 #13     Timer._createTimer.<anonymous closure> (dart:async-patch/timer_patch.dart:18:15)
[WrapWithProviderScope] 2024-12-19T11:20:59.937235 #14     _Timer._runTimers (dart:isolate-patch/timer_impl.dart:398:19)
[WrapWithProviderScope] 2024-12-19T11:20:59.937235 #15     _Timer._handleMessage (dart:isolate-patch/timer_impl.dart:429:5)
[WrapWithProviderScope] 2024-12-19T11:20:59.937235 #16     _RawReceivePort._handleMessage (dart:isolate-patch/isolate_patch.dart:184:12)
[WrapWithProviderScope] 2024-12-19T11:20:59.937235
[WrapWithConsumer] 2024-12-19T11:20:59.951456 Plugin WrapWithConsumer threw while analyzing C:\dev\esameCross\cross_platform_its_aapn_2024\pokedex\lib\src\pages\homepage.dart:
[WrapWithConsumer] 2024-12-19T11:20:59.951456 InconsistentAnalysisException: Requested result might be inconsistent with previously returned results
[WrapWithConsumer] 2024-12-19T11:20:59.951456
[WrapWithConsumer] 2024-12-19T11:20:59.951456 #0      AnalysisSessionImpl.checkConsistency (package:analyzer/src/dart/analysis/session.dart:54:7)
[WrapWithConsumer] 2024-12-19T11:20:59.951456 #1      AnalysisSessionImpl.getResolvedUnit (package:analyzer/src/dart/analysis/session.dart:129:5)
[WrapWithConsumer] 2024-12-19T11:20:59.951456 #2      ChangeBuilderImpl._createDartFileEditBuilder (package:analyzer_plugin/src/utilities/change_builder/change_builder_core.dart:287:33)
[WrapWithConsumer] 2024-12-19T11:20:59.951456 #3      ChangeBuilderImpl.addDartFileEdit (package:analyzer_plugin/src/utilities/change_builder/change_builder_core.dart:136:23)
[WrapWithConsumer] 2024-12-19T11:20:59.951456 #4      ChangeBuilderImpl.addDartFileEdit.<anonymous closure> (package:custom_lint_core/src/change_reporter.dart:241:35)
[WrapWithConsumer] 2024-12-19T11:20:59.951456 #5      new Future.<anonymous closure> (dart:async/future.dart:258:40)
[WrapWithConsumer] 2024-12-19T11:20:59.951456 #6      _rootRun (dart:async/zone.dart:1391:47)
[WrapWithConsumer] 2024-12-19T11:20:59.951456 #7      _CustomZone.run (dart:async/zone.dart:1301:19)
[WrapWithConsumer] 2024-12-19T11:20:59.951456 #8      _CustomZone.runGuarded (dart:async/zone.dart:1209:7)
[WrapWithConsumer] 2024-12-19T11:20:59.951456 #9      _CustomZone.bindCallbackGuarded.<anonymous closure> (dart:async/zone.dart:1249:23)
[WrapWithConsumer] 2024-12-19T11:20:59.951456 #10     _rootRun (dart:async/zone.dart:1399:13)
[WrapWithConsumer] 2024-12-19T11:20:59.951456 #11     _CustomZone.run (dart:async/zone.dart:1301:19)
[WrapWithConsumer] 2024-12-19T11:20:59.951456 #12     _CustomZone.bindCallback.<anonymous closure> (dart:async/zone.dart:1233:23)
[WrapWithConsumer] 2024-12-19T11:20:59.951456 #13     Timer._createTimer.<anonymous closure> (dart:async-patch/timer_patch.dart:18:15)
[WrapWithConsumer] 2024-12-19T11:20:59.951456 #14     _Timer._runTimers (dart:isolate-patch/timer_impl.dart:398:19)
[WrapWithConsumer] 2024-12-19T11:20:59.951456 #15     _Timer._handleMessage (dart:isolate-patch/timer_impl.dart:429:5)
[WrapWithConsumer] 2024-12-19T11:20:59.951456 #16     _RawReceivePort._handleMessage (dart:isolate-patch/isolate_patch.dart:184:12)
[WrapWithConsumer] 2024-12-19T11:20:59.951456
[WrapWithProviderScope] 2024-12-19T11:20:59.969351 Plugin WrapWithProviderScope threw while analyzing C:\dev\esameCross\cross_platform_its_aapn_2024\pokedex\lib\src\pages\homepage.dart:
[WrapWithProviderScope] 2024-12-19T11:20:59.969351 InconsistentAnalysisException: Requested result might be inconsistent with previously returned results
[WrapWithProviderScope] 2024-12-19T11:20:59.969351
[WrapWithProviderScope] 2024-12-19T11:20:59.969351 #0      AnalysisSessionImpl.checkConsistency (package:analyzer/src/dart/analysis/session.dart:54:7)
[WrapWithProviderScope] 2024-12-19T11:20:59.969351 #1      AnalysisSessionImpl.getResolvedUnit (package:analyzer/src/dart/analysis/session.dart:129:5)
[WrapWithProviderScope] 2024-12-19T11:20:59.969351 #2      ChangeBuilderImpl._createDartFileEditBuilder (package:analyzer_plugin/src/utilities/change_builder/change_builder_core.dart:287:33)
[WrapWithProviderScope] 2024-12-19T11:20:59.969351 #3      ChangeBuilderImpl.addDartFileEdit (package:analyzer_plugin/src/utilities/change_builder/change_builder_core.dart:136:23)
[WrapWithProviderScope] 2024-12-19T11:20:59.969351 #4      ChangeBuilderImpl.addDartFileEdit.<anonymous closure> (package:custom_lint_core/src/change_reporter.dart:241:35)
[WrapWithProviderScope] 2024-12-19T11:20:59.969351 #5      new Future.<anonymous closure> (dart:async/future.dart:258:40)
[WrapWithProviderScope] 2024-12-19T11:20:59.969351 #6      _rootRun (dart:async/zone.dart:1391:47)
[WrapWithProviderScope] 2024-12-19T11:20:59.969351 #7      _CustomZone.run (dart:async/zone.dart:1301:19)
[WrapWithProviderScope] 2024-12-19T11:20:59.969351 #8      _CustomZone.runGuarded (dart:async/zone.dart:1209:7)
[WrapWithProviderScope] 2024-12-19T11:20:59.969351 #9      _CustomZone.bindCallbackGuarded.<anonymous closure> (dart:async/zone.dart:1249:23)
[WrapWithProviderScope] 2024-12-19T11:20:59.969351 #10     _rootRun (dart:async/zone.dart:1399:13)
[WrapWithProviderScope] 2024-12-19T11:20:59.969351 #11     _CustomZone.run (dart:async/zone.dart:1301:19)
[WrapWithProviderScope] 2024-12-19T11:20:59.969351 #12     _CustomZone.bindCallback.<anonymous closure> (dart:async/zone.dart:1233:23)
[WrapWithProviderScope] 2024-12-19T11:20:59.969351 #13     Timer._createTimer.<anonymous closure> (dart:async-patch/timer_patch.dart:18:15)
[WrapWithProviderScope] 2024-12-19T11:20:59.969351 #14     _Timer._runTimers (dart:isolate-patch/timer_impl.dart:398:19)
[WrapWithProviderScope] 2024-12-19T11:20:59.969351 #15     _Timer._handleMessage (dart:isolate-patch/timer_impl.dart:429:5)
[WrapWithProviderScope] 2024-12-19T11:20:59.969351 #16     _RawReceivePort._handleMessage (dart:isolate-patch/isolate_patch.dart:184:12)
[WrapWithProviderScope] 2024-12-19T11:20:59.969351
[WrapWithConsumer] 2024-12-19T11:20:59.988577 Plugin WrapWithConsumer threw while analyzing C:\dev\esameCross\cross_platform_its_aapn_2024\pokedex\lib\src\pages\homepage.dart:
[WrapWithConsumer] 2024-12-19T11:20:59.988577 InconsistentAnalysisException: Requested result might be inconsistent with previously returned results
[WrapWithConsumer] 2024-12-19T11:20:59.988577
[WrapWithConsumer] 2024-12-19T11:20:59.988577 #0      AnalysisSessionImpl.checkConsistency (package:analyzer/src/dart/analysis/session.dart:54:7)
[WrapWithConsumer] 2024-12-19T11:20:59.988577 #1      AnalysisSessionImpl.getResolvedUnit (package:analyzer/src/dart/analysis/session.dart:129:5)
[WrapWithConsumer] 2024-12-19T11:20:59.988577 #2      ChangeBuilderImpl._createDartFileEditBuilder (package:analyzer_plugin/src/utilities/change_builder/change_builder_core.dart:287:33)
[WrapWithConsumer] 2024-12-19T11:20:59.988577 #3      ChangeBuilderImpl.addDartFileEdit (package:analyzer_plugin/src/utilities/change_builder/change_builder_core.dart:136:23)
[WrapWithConsumer] 2024-12-19T11:20:59.988577 #4      ChangeBuilderImpl.addDartFileEdit.<anonymous closure> (package:custom_lint_core/src/change_reporter.dart:241:35)
[WrapWithConsumer] 2024-12-19T11:20:59.988577 #5      new Future.<anonymous closure> (dart:async/future.dart:258:40)
[WrapWithConsumer] 2024-12-19T11:20:59.988577 #6      _rootRun (dart:async/zone.dart:1391:47)
[WrapWithConsumer] 2024-12-19T11:20:59.988577 #7      _CustomZone.run (dart:async/zone.dart:1301:19)
[WrapWithConsumer] 2024-12-19T11:20:59.988577 #8      _CustomZone.runGuarded (dart:async/zone.dart:1209:7)
[WrapWithConsumer] 2024-12-19T11:20:59.988577 #9      _CustomZone.bindCallbackGuarded.<anonymous closure> (dart:async/zone.dart:1249:23)
[WrapWithConsumer] 2024-12-19T11:20:59.988577 #10     _rootRun (dart:async/zone.dart:1399:13)
[WrapWithConsumer] 2024-12-19T11:20:59.988577 #11     _CustomZone.run (dart:async/zone.dart:1301:19)
[WrapWithConsumer] 2024-12-19T11:20:59.988577 #12     _CustomZone.bindCallback.<anonymous closure> (dart:async/zone.dart:1233:23)
[WrapWithConsumer] 2024-12-19T11:20:59.988577 #13     Timer._createTimer.<anonymous closure> (dart:async-patch/timer_patch.dart:18:15)
[WrapWithConsumer] 2024-12-19T11:20:59.988577 #14     _Timer._runTimers (dart:isolate-patch/timer_impl.dart:398:19)
[WrapWithConsumer] 2024-12-19T11:20:59.988577 #15     _Timer._handleMessage (dart:isolate-patch/timer_impl.dart:429:5)
[WrapWithConsumer] 2024-12-19T11:20:59.988577 #16     _RawReceivePort._handleMessage (dart:isolate-patch/isolate_patch.dart:184:12)
[WrapWithConsumer] 2024-12-19T11:20:59.988577
[WrapWithProviderScope] 2024-12-19T11:21:00.030130 Plugin WrapWithProviderScope threw while analyzing C:\dev\esameCross\cross_platform_its_aapn_2024\pokedex\lib\src\pages\homepage.dart:
[WrapWithProviderScope] 2024-12-19T11:21:00.030130 InconsistentAnalysisException: Requested result might be inconsistent with previously returned results
[WrapWithProviderScope] 2024-12-19T11:21:00.030130
[WrapWithProviderScope] 2024-12-19T11:21:00.030130 #0      AnalysisSessionImpl.checkConsistency (package:analyzer/src/dart/analysis/session.dart:54:7)
[WrapWithProviderScope] 2024-12-19T11:21:00.030130 #1      AnalysisSessionImpl.getResolvedUnit (package:analyzer/src/dart/analysis/session.dart:129:5)
[WrapWithProviderScope] 2024-12-19T11:21:00.030130 #2      ChangeBuilderImpl._createDartFileEditBuilder (package:analyzer_plugin/src/utilities/change_builder/change_builder_core.dart:287:33)
[WrapWithProviderScope] 2024-12-19T11:21:00.030130 #3      ChangeBuilderImpl.addDartFileEdit (package:analyzer_plugin/src/utilities/change_builder/change_builder_core.dart:136:23)
[WrapWithProviderScope] 2024-12-19T11:21:00.030130 #4      ChangeBuilderImpl.addDartFileEdit.<anonymous closure> (package:custom_lint_core/src/change_reporter.dart:241:35)
[WrapWithProviderScope] 2024-12-19T11:21:00.030130 #5      new Future.<anonymous closure> (dart:async/future.dart:258:40)
[WrapWithProviderScope] 2024-12-19T11:21:00.030130 #6      _rootRun (dart:async/zone.dart:1391:47)
[WrapWithProviderScope] 2024-12-19T11:21:00.030130 #7      _CustomZone.run (dart:async/zone.dart:1301:19)
[WrapWithProviderScope] 2024-12-19T11:21:00.030130 #8      _CustomZone.runGuarded (dart:async/zone.dart:1209:7)
[WrapWithProviderScope] 2024-12-19T11:21:00.030130 #9      _CustomZone.bindCallbackGuarded.<anonymous closure> (dart:async/zone.dart:1249:23)
[WrapWithProviderScope] 2024-12-19T11:21:00.030130 #10     _rootRun (dart:async/zone.dart:1399:13)
[WrapWithProviderScope] 2024-12-19T11:21:00.030130 #11     _CustomZone.run (dart:async/zone.dart:1301:19)
[WrapWithProviderScope] 2024-12-19T11:21:00.030130 #12     _CustomZone.bindCallback.<anonymous closure> (dart:async/zone.dart:1233:23)
[WrapWithProviderScope] 2024-12-19T11:21:00.030130 #13     Timer._createTimer.<anonymous closure> (dart:async-patch/timer_patch.dart:18:15)
[WrapWithProviderScope] 2024-12-19T11:21:00.030130 #14     _Timer._runTimers (dart:isolate-patch/timer_impl.dart:398:19)
[WrapWithProviderScope] 2024-12-19T11:21:00.030130 #15     _Timer._handleMessage (dart:isolate-patch/timer_impl.dart:429:5)
[WrapWithProviderScope] 2024-12-19T11:21:00.030130 #16     _RawReceivePort._handleMessage (dart:isolate-patch/isolate_patch.dart:184:12)
[WrapWithProviderScope] 2024-12-19T11:21:00.030130
[WrapWithConsumer] 2024-12-19T11:25:57.979347 Plugin WrapWithConsumer threw while analyzing C:\dev\esameCross\cross_platform_its_aapn_2024\pokedex\lib\src\providers\pokemon_provider.dart:
[WrapWithConsumer] 2024-12-19T11:25:57.979347 InconsistentAnalysisException: Requested result might be inconsistent with previously returned results
[WrapWithConsumer] 2024-12-19T11:25:57.979347
[WrapWithConsumer] 2024-12-19T11:25:57.979347 #0      AnalysisSessionImpl.checkConsistency (package:analyzer/src/dart/analysis/session.dart:54:7)
[WrapWithConsumer] 2024-12-19T11:25:57.979347 #1      AnalysisSessionImpl.getResolvedUnit (package:analyzer/src/dart/analysis/session.dart:129:5)
[WrapWithConsumer] 2024-12-19T11:25:57.979347 #2      ChangeBuilderImpl._createDartFileEditBuilder (package:analyzer_plugin/src/utilities/change_builder/change_builder_core.dart:287:33)
[WrapWithConsumer] 2024-12-19T11:25:57.979347 #3      ChangeBuilderImpl.addDartFileEdit (package:analyzer_plugin/src/utilities/change_builder/change_builder_core.dart:136:23)
[WrapWithConsumer] 2024-12-19T11:25:57.979347 #4      ChangeBuilderImpl.addDartFileEdit.<anonymous closure> (package:custom_lint_core/src/change_reporter.dart:241:35)
[WrapWithConsumer] 2024-12-19T11:25:57.979347 #5      new Future.<anonymous closure> (dart:async/future.dart:258:40)
[WrapWithConsumer] 2024-12-19T11:25:57.979347 #6      _rootRun (dart:async/zone.dart:1391:47)
[WrapWithConsumer] 2024-12-19T11:25:57.979347 #7      _CustomZone.run (dart:async/zone.dart:1301:19)
[WrapWithConsumer] 2024-12-19T11:25:57.979347 #8      _CustomZone.runGuarded (dart:async/zone.dart:1209:7)
[WrapWithConsumer] 2024-12-19T11:25:57.979347 #9      _CustomZone.bindCallbackGuarded.<anonymous closure> (dart:async/zone.dart:1249:23)
[WrapWithConsumer] 2024-12-19T11:25:57.979347 #10     _rootRun (dart:async/zone.dart:1399:13)
[WrapWithConsumer] 2024-12-19T11:25:57.979347 #11     _CustomZone.run (dart:async/zone.dart:1301:19)
[WrapWithConsumer] 2024-12-19T11:25:57.979347 #12     _CustomZone.bindCallback.<anonymous closure> (dart:async/zone.dart:1233:23)
[WrapWithConsumer] 2024-12-19T11:25:57.979347 #13     Timer._createTimer.<anonymous closure> (dart:async-patch/timer_patch.dart:18:15)
[WrapWithConsumer] 2024-12-19T11:25:57.979347 #14     _Timer._runTimers (dart:isolate-patch/timer_impl.dart:398:19)
[WrapWithConsumer] 2024-12-19T11:25:57.979347 #15     _Timer._handleMessage (dart:isolate-patch/timer_impl.dart:429:5)
[WrapWithConsumer] 2024-12-19T11:25:57.979347 #16     _RawReceivePort._handleMessage (dart:isolate-patch/isolate_patch.dart:184:12)
[WrapWithConsumer] 2024-12-19T11:25:57.979347
[ConvertToStatelessBaseWidget] 2024-12-19T11:48:07.629769 Plugin ConvertToStatelessBaseWidget threw while analyzing C:\dev\esameCross\cross_platform_its_aapn_2024\pokedex\lib\src\pages\details_page.dart:
[ConvertToStatelessBaseWidget] 2024-12-19T11:48:07.629769 InconsistentAnalysisException: Requested result might be inconsistent with previously returned results
[ConvertToStatelessBaseWidget] 2024-12-19T11:48:07.629769
[ConvertToStatelessBaseWidget] 2024-12-19T11:48:07.629769 #0      AnalysisSessionImpl.checkConsistency (package:analyzer/src/dart/analysis/session.dart:54:7)
[ConvertToStatelessBaseWidget] 2024-12-19T11:48:07.629769 #1      AnalysisSessionImpl.getResolvedUnit (package:analyzer/src/dart/analysis/session.dart:129:5)
[ConvertToStatelessBaseWidget] 2024-12-19T11:48:07.629769 #2      ChangeBuilderImpl._createDartFileEditBuilder (package:analyzer_plugin/src/utilities/change_builder/change_builder_core.dart:287:33)
[ConvertToStatelessBaseWidget] 2024-12-19T11:48:07.629769 #3      ChangeBuilderImpl.addDartFileEdit (package:analyzer_plugin/src/utilities/change_builder/change_builder_core.dart:136:23)
[ConvertToStatelessBaseWidget] 2024-12-19T11:48:07.629769 #4      ChangeBuilderImpl.addDartFileEdit.<anonymous closure> (package:custom_lint_core/src/change_reporter.dart:241:35)
[ConvertToStatelessBaseWidget] 2024-12-19T11:48:07.629769 #5      new Future.<anonymous closure> (dart:async/future.dart:258:40)
[ConvertToStatelessBaseWidget] 2024-12-19T11:48:07.629769 #6      _rootRun (dart:async/zone.dart:1391:47)
[ConvertToStatelessBaseWidget] 2024-12-19T11:48:07.629769 #7      _CustomZone.run (dart:async/zone.dart:1301:19)
[ConvertToStatelessBaseWidget] 2024-12-19T11:48:07.629769 #8      _CustomZone.runGuarded (dart:async/zone.dart:1209:7)
[ConvertToStatelessBaseWidget] 2024-12-19T11:48:07.629769 #9      _CustomZone.bindCallbackGuarded.<anonymous closure> (dart:async/zone.dart:1249:23)
[ConvertToStatelessBaseWidget] 2024-12-19T11:48:07.629769 #10     _rootRun (dart:async/zone.dart:1399:13)
[ConvertToStatelessBaseWidget] 2024-12-19T11:48:07.629769 #11     _CustomZone.run (dart:async/zone.dart:1301:19)
[ConvertToStatelessBaseWidget] 2024-12-19T11:48:07.629769 #12     _CustomZone.bindCallback.<anonymous closure> (dart:async/zone.dart:1233:23)
[ConvertToStatelessBaseWidget] 2024-12-19T11:48:07.629769 #13     Timer._createTimer.<anonymous closure> (dart:async-patch/timer_patch.dart:18:15)
[ConvertToStatelessBaseWidget] 2024-12-19T11:48:07.629769 #14     _Timer._runTimers (dart:isolate-patch/timer_impl.dart:398:19)
[ConvertToStatelessBaseWidget] 2024-12-19T11:48:07.629769 #15     _Timer._handleMessage (dart:isolate-patch/timer_impl.dart:429:5)
[ConvertToStatelessBaseWidget] 2024-12-19T11:48:07.629769 #16     _RawReceivePort._handleMessage (dart:isolate-patch/isolate_patch.dart:184:12)
[ConvertToStatelessBaseWidget] 2024-12-19T11:48:07.629769
[ConvertToStatefulBaseWidget] 2024-12-19T11:48:07.634758 Plugin ConvertToStatefulBaseWidget threw while analyzing C:\dev\esameCross\cross_platform_its_aapn_2024\pokedex\lib\src\pages\details_page.dart:
[ConvertToStatefulBaseWidget] 2024-12-19T11:48:07.634758 InconsistentAnalysisException: Requested result might be inconsistent with previously returned results
[ConvertToStatefulBaseWidget] 2024-12-19T11:48:07.634758
[ConvertToStatefulBaseWidget] 2024-12-19T11:48:07.634758 #0      AnalysisSessionImpl.checkConsistency (package:analyzer/src/dart/analysis/session.dart:54:7)
[ConvertToStatefulBaseWidget] 2024-12-19T11:48:07.634758 #1      AnalysisSessionImpl.getResolvedUnit (package:analyzer/src/dart/analysis/session.dart:129:5)
[ConvertToStatefulBaseWidget] 2024-12-19T11:48:07.634758 #2      ChangeBuilderImpl._createDartFileEditBuilder (package:analyzer_plugin/src/utilities/change_builder/change_builder_core.dart:287:33)
[ConvertToStatefulBaseWidget] 2024-12-19T11:48:07.634758 #3      ChangeBuilderImpl.addDartFileEdit (package:analyzer_plugin/src/utilities/change_builder/change_builder_core.dart:136:23)
[ConvertToStatefulBaseWidget] 2024-12-19T11:48:07.634758 #4      ChangeBuilderImpl.addDartFileEdit.<anonymous closure> (package:custom_lint_core/src/change_reporter.dart:241:35)
[ConvertToStatefulBaseWidget] 2024-12-19T11:48:07.634758 #5      new Future.<anonymous closure> (dart:async/future.dart:258:40)
[ConvertToStatefulBaseWidget] 2024-12-19T11:48:07.634758 #6      _rootRun (dart:async/zone.dart:1391:47)
[ConvertToStatefulBaseWidget] 2024-12-19T11:48:07.634758 #7      _CustomZone.run (dart:async/zone.dart:1301:19)
[ConvertToStatefulBaseWidget] 2024-12-19T11:48:07.634758 #8      _CustomZone.runGuarded (dart:async/zone.dart:1209:7)
[ConvertToStatefulBaseWidget] 2024-12-19T11:48:07.634758 #9      _CustomZone.bindCallbackGuarded.<anonymous closure> (dart:async/zone.dart:1249:23)
[ConvertToStatefulBaseWidget] 2024-12-19T11:48:07.634758 #10     _rootRun (dart:async/zone.dart:1399:13)
[ConvertToStatefulBaseWidget] 2024-12-19T11:48:07.634758 #11     _CustomZone.run (dart:async/zone.dart:1301:19)
[ConvertToStatefulBaseWidget] 2024-12-19T11:48:07.634758 #12     _CustomZone.bindCallback.<anonymous closure> (dart:async/zone.dart:1233:23)
[ConvertToStatefulBaseWidget] 2024-12-19T11:48:07.634758 #13     Timer._createTimer.<anonymous closure> (dart:async-patch/timer_patch.dart:18:15)
[ConvertToStatefulBaseWidget] 2024-12-19T11:48:07.634758 #14     _Timer._runTimers (dart:isolate-patch/timer_impl.dart:398:19)
[ConvertToStatefulBaseWidget] 2024-12-19T11:48:07.634758 #15     _Timer._handleMessage (dart:isolate-patch/timer_impl.dart:429:5)
[ConvertToStatefulBaseWidget] 2024-12-19T11:48:07.634758 #16     _RawReceivePort._handleMessage (dart:isolate-patch/isolate_patch.dart:184:12)
[ConvertToStatefulBaseWidget] 2024-12-19T11:48:07.634758
[ConvertToStatefulBaseWidget] 2024-12-19T11:48:07.653019 Plugin ConvertToStatefulBaseWidget threw while analyzing C:\dev\esameCross\cross_platform_its_aapn_2024\pokedex\lib\src\pages\details_page.dart:
[ConvertToStatefulBaseWidget] 2024-12-19T11:48:07.653019 InconsistentAnalysisException: Requested result might be inconsistent with previously returned results
[ConvertToStatefulBaseWidget] 2024-12-19T11:48:07.653019
[ConvertToStatefulBaseWidget] 2024-12-19T11:48:07.653019 #0      AnalysisSessionImpl.checkConsistency (package:analyzer/src/dart/analysis/session.dart:54:7)
[ConvertToStatefulBaseWidget] 2024-12-19T11:48:07.653019 #1      AnalysisSessionImpl.getResolvedUnit (package:analyzer/src/dart/analysis/session.dart:129:5)
[ConvertToStatefulBaseWidget] 2024-12-19T11:48:07.653019 #2      ChangeBuilderImpl._createDartFileEditBuilder (package:analyzer_plugin/src/utilities/change_builder/change_builder_core.dart:287:33)
[ConvertToStatefulBaseWidget] 2024-12-19T11:48:07.653019 #3      ChangeBuilderImpl.addDartFileEdit (package:analyzer_plugin/src/utilities/change_builder/change_builder_core.dart:136:23)
[ConvertToStatefulBaseWidget] 2024-12-19T11:48:07.653019 #4      ChangeBuilderImpl.addDartFileEdit.<anonymous closure> (package:custom_lint_core/src/change_reporter.dart:241:35)
[ConvertToStatefulBaseWidget] 2024-12-19T11:48:07.653019 #5      new Future.<anonymous closure> (dart:async/future.dart:258:40)
[ConvertToStatefulBaseWidget] 2024-12-19T11:48:07.653019 #6      _rootRun (dart:async/zone.dart:1391:47)
[ConvertToStatefulBaseWidget] 2024-12-19T11:48:07.653019 #7      _CustomZone.run (dart:async/zone.dart:1301:19)
[ConvertToStatefulBaseWidget] 2024-12-19T11:48:07.653019 #8      _CustomZone.runGuarded (dart:async/zone.dart:1209:7)
[ConvertToStatefulBaseWidget] 2024-12-19T11:48:07.653019 #9      _CustomZone.bindCallbackGuarded.<anonymous closure> (dart:async/zone.dart:1249:23)
[ConvertToStatefulBaseWidget] 2024-12-19T11:48:07.653019 #10     _rootRun (dart:async/zone.dart:1399:13)
[ConvertToStatefulBaseWidget] 2024-12-19T11:48:07.653019 #11     _CustomZone.run (dart:async/zone.dart:1301:19)
[ConvertToStatefulBaseWidget] 2024-12-19T11:48:07.653019 #12     _CustomZone.bindCallback.<anonymous closure> (dart:async/zone.dart:1233:23)
[ConvertToStatefulBaseWidget] 2024-12-19T11:48:07.653019 #13     Timer._createTimer.<anonymous closure> (dart:async-patch/timer_patch.dart:18:15)
[ConvertToStatefulBaseWidget] 2024-12-19T11:48:07.653019 #14     _Timer._runTimers (dart:isolate-patch/timer_impl.dart:398:19)
[ConvertToStatefulBaseWidget] 2024-12-19T11:48:07.653019 #15     _Timer._handleMessage (dart:isolate-patch/timer_impl.dart:429:5)
[ConvertToStatefulBaseWidget] 2024-12-19T11:48:07.653019 #16     _RawReceivePort._handleMessage (dart:isolate-patch/isolate_patch.dart:184:12)
[ConvertToStatefulBaseWidget] 2024-12-19T11:48:07.653019
[WrapWithConsumer] 2024-12-19T11:48:07.702419 Plugin WrapWithConsumer threw while analyzing C:\dev\esameCross\cross_platform_its_aapn_2024\pokedex\lib\src\pages\details_page.dart:
[WrapWithConsumer] 2024-12-19T11:48:07.702419 InconsistentAnalysisException: Requested result might be inconsistent with previously returned results
[WrapWithConsumer] 2024-12-19T11:48:07.702419
[WrapWithConsumer] 2024-12-19T11:48:07.702419 #0      AnalysisSessionImpl.checkConsistency (package:analyzer/src/dart/analysis/session.dart:54:7)
[WrapWithConsumer] 2024-12-19T11:48:07.702419 #1      AnalysisSessionImpl.getResolvedUnit (package:analyzer/src/dart/analysis/session.dart:129:5)
[WrapWithConsumer] 2024-12-19T11:48:07.702419 #2      ChangeBuilderImpl._createDartFileEditBuilder (package:analyzer_plugin/src/utilities/change_builder/change_builder_core.dart:287:33)
[WrapWithConsumer] 2024-12-19T11:48:07.702419 #3      ChangeBuilderImpl.addDartFileEdit (package:analyzer_plugin/src/utilities/change_builder/change_builder_core.dart:136:23)
[WrapWithConsumer] 2024-12-19T11:48:07.702419 #4      ChangeBuilderImpl.addDartFileEdit.<anonymous closure> (package:custom_lint_core/src/change_reporter.dart:241:35)
[WrapWithConsumer] 2024-12-19T11:48:07.702419 #5      new Future.<anonymous closure> (dart:async/future.dart:258:40)
[WrapWithConsumer] 2024-12-19T11:48:07.702419 #6      _rootRun (dart:async/zone.dart:1391:47)
[WrapWithConsumer] 2024-12-19T11:48:07.702419 #7      _CustomZone.run (dart:async/zone.dart:1301:19)
[WrapWithConsumer] 2024-12-19T11:48:07.702419 #8      _CustomZone.runGuarded (dart:async/zone.dart:1209:7)
[WrapWithConsumer] 2024-12-19T11:48:07.702419 #9      _CustomZone.bindCallbackGuarded.<anonymous closure> (dart:async/zone.dart:1249:23)
[WrapWithConsumer] 2024-12-19T11:48:07.702419 #10     _rootRun (dart:async/zone.dart:1399:13)
[WrapWithConsumer] 2024-12-19T11:48:07.702419 #11     _CustomZone.run (dart:async/zone.dart:1301:19)
[WrapWithConsumer] 2024-12-19T11:48:07.702419 #12     _CustomZone.bindCallback.<anonymous closure> (dart:async/zone.dart:1233:23)
[WrapWithConsumer] 2024-12-19T11:48:07.702419 #13     Timer._createTimer.<anonymous closure> (dart:async-patch/timer_patch.dart:18:15)
[WrapWithConsumer] 2024-12-19T11:48:07.702419 #14     _Timer._runTimers (dart:isolate-patch/timer_impl.dart:398:19)
[WrapWithConsumer] 2024-12-19T11:48:07.702419 #15     _Timer._handleMessage (dart:isolate-patch/timer_impl.dart:429:5)
[WrapWithConsumer] 2024-12-19T11:48:07.702419 #16     _RawReceivePort._handleMessage (dart:isolate-patch/isolate_patch.dart:184:12)
[WrapWithConsumer] 2024-12-19T11:48:07.702419
[WrapWithProviderScope] 2024-12-19T11:48:07.716639 Plugin WrapWithProviderScope threw while analyzing C:\dev\esameCross\cross_platform_its_aapn_2024\pokedex\lib\src\pages\details_page.dart:
[WrapWithProviderScope] 2024-12-19T11:48:07.716639 InconsistentAnalysisException: Requested result might be inconsistent with previously returned results
[WrapWithProviderScope] 2024-12-19T11:48:07.716639
[WrapWithProviderScope] 2024-12-19T11:48:07.716639 #0      AnalysisSessionImpl.checkConsistency (package:analyzer/src/dart/analysis/session.dart:54:7)
[WrapWithProviderScope] 2024-12-19T11:48:07.716639 #1      AnalysisSessionImpl.getResolvedUnit (package:analyzer/src/dart/analysis/session.dart:129:5)
[WrapWithProviderScope] 2024-12-19T11:48:07.716639 #2      ChangeBuilderImpl._createDartFileEditBuilder (package:analyzer_plugin/src/utilities/change_builder/change_builder_core.dart:287:33)
[WrapWithProviderScope] 2024-12-19T11:48:07.716639 #3      ChangeBuilderImpl.addDartFileEdit (package:analyzer_plugin/src/utilities/change_builder/change_builder_core.dart:136:23)
[WrapWithProviderScope] 2024-12-19T11:48:07.716639 #4      ChangeBuilderImpl.addDartFileEdit.<anonymous closure> (package:custom_lint_core/src/change_reporter.dart:241:35)
[WrapWithProviderScope] 2024-12-19T11:48:07.716639 #5      new Future.<anonymous closure> (dart:async/future.dart:258:40)
[WrapWithProviderScope] 2024-12-19T11:48:07.716639 #6      _rootRun (dart:async/zone.dart:1391:47)
[WrapWithProviderScope] 2024-12-19T11:48:07.716639 #7      _CustomZone.run (dart:async/zone.dart:1301:19)
[WrapWithProviderScope] 2024-12-19T11:48:07.716639 #8      _CustomZone.runGuarded (dart:async/zone.dart:1209:7)
[WrapWithProviderScope] 2024-12-19T11:48:07.716639 #9      _CustomZone.bindCallbackGuarded.<anonymous closure> (dart:async/zone.dart:1249:23)
[WrapWithProviderScope] 2024-12-19T11:48:07.716639 #10     _rootRun (dart:async/zone.dart:1399:13)
[WrapWithProviderScope] 2024-12-19T11:48:07.716639 #11     _CustomZone.run (dart:async/zone.dart:1301:19)
[WrapWithProviderScope] 2024-12-19T11:48:07.716639 #12     _CustomZone.bindCallback.<anonymous closure> (dart:async/zone.dart:1233:23)
[WrapWithProviderScope] 2024-12-19T11:48:07.716639 #13     Timer._createTimer.<anonymous closure> (dart:async-patch/timer_patch.dart:18:15)
[WrapWithProviderScope] 2024-12-19T11:48:07.716639 #14     _Timer._runTimers (dart:isolate-patch/timer_impl.dart:398:19)
[WrapWithProviderScope] 2024-12-19T11:48:07.716639 #15     _Timer._handleMessage (dart:isolate-patch/timer_impl.dart:429:5)
[WrapWithProviderScope] 2024-12-19T11:48:07.716639 #16     _RawReceivePort._handleMessage (dart:isolate-patch/isolate_patch.dart:184:12)
[WrapWithProviderScope] 2024-12-19T11:48:07.716639
[WrapWithConsumer] 2024-12-19T11:48:07.740478 Plugin WrapWithConsumer threw while analyzing C:\dev\esameCross\cross_platform_its_aapn_2024\pokedex\lib\src\pages\details_page.dart:
[WrapWithConsumer] 2024-12-19T11:48:07.740478 InconsistentAnalysisException: Requested result might be inconsistent with previously returned results
[WrapWithConsumer] 2024-12-19T11:48:07.740478
[WrapWithConsumer] 2024-12-19T11:48:07.740478 #0      AnalysisSessionImpl.checkConsistency (package:analyzer/src/dart/analysis/session.dart:54:7)
[WrapWithConsumer] 2024-12-19T11:48:07.740478 #1      AnalysisSessionImpl.getResolvedUnit (package:analyzer/src/dart/analysis/session.dart:129:5)
[WrapWithConsumer] 2024-12-19T11:48:07.740478 #2      ChangeBuilderImpl._createDartFileEditBuilder (package:analyzer_plugin/src/utilities/change_builder/change_builder_core.dart:287:33)
[WrapWithConsumer] 2024-12-19T11:48:07.740478 #3      ChangeBuilderImpl.addDartFileEdit (package:analyzer_plugin/src/utilities/change_builder/change_builder_core.dart:136:23)
[WrapWithConsumer] 2024-12-19T11:48:07.740478 #4      ChangeBuilderImpl.addDartFileEdit.<anonymous closure> (package:custom_lint_core/src/change_reporter.dart:241:35)
[WrapWithConsumer] 2024-12-19T11:48:07.740478 #5      new Future.<anonymous closure> (dart:async/future.dart:258:40)
[WrapWithConsumer] 2024-12-19T11:48:07.740478 #6      _rootRun (dart:async/zone.dart:1391:47)
[WrapWithConsumer] 2024-12-19T11:48:07.740478 #7      _CustomZone.run (dart:async/zone.dart:1301:19)
[WrapWithConsumer] 2024-12-19T11:48:07.740478 #8      _CustomZone.runGuarded (dart:async/zone.dart:1209:7)
[WrapWithConsumer] 2024-12-19T11:48:07.740478 #9      _CustomZone.bindCallbackGuarded.<anonymous closure> (dart:async/zone.dart:1249:23)
[WrapWithConsumer] 2024-12-19T11:48:07.740478 #10     _rootRun (dart:async/zone.dart:1399:13)
[WrapWithConsumer] 2024-12-19T11:48:07.740478 #11     _CustomZone.run (dart:async/zone.dart:1301:19)
[WrapWithConsumer] 2024-12-19T11:48:07.740478 #12     _CustomZone.bindCallback.<anonymous closure> (dart:async/zone.dart:1233:23)
[WrapWithConsumer] 2024-12-19T11:48:07.740478 #13     Timer._createTimer.<anonymous closure> (dart:async-patch/timer_patch.dart:18:15)
[WrapWithConsumer] 2024-12-19T11:48:07.740478 #14     _Timer._runTimers (dart:isolate-patch/timer_impl.dart:398:19)
[WrapWithConsumer] 2024-12-19T11:48:07.740478 #15     _Timer._handleMessage (dart:isolate-patch/timer_impl.dart:429:5)
[WrapWithConsumer] 2024-12-19T11:48:07.740478 #16     _RawReceivePort._handleMessage (dart:isolate-patch/isolate_patch.dart:184:12)
[WrapWithConsumer] 2024-12-19T11:48:07.740478
[WrapWithProviderScope] 2024-12-19T11:48:07.761013 Plugin WrapWithProviderScope threw while analyzing C:\dev\esameCross\cross_platform_its_aapn_2024\pokedex\lib\src\pages\details_page.dart:
[WrapWithProviderScope] 2024-12-19T11:48:07.761013 InconsistentAnalysisException: Requested result might be inconsistent with previously returned results
[WrapWithProviderScope] 2024-12-19T11:48:07.761013
[WrapWithProviderScope] 2024-12-19T11:48:07.761013 #0      AnalysisSessionImpl.checkConsistency (package:analyzer/src/dart/analysis/session.dart:54:7)
[WrapWithProviderScope] 2024-12-19T11:48:07.761013 #1      AnalysisSessionImpl.getResolvedUnit (package:analyzer/src/dart/analysis/session.dart:129:5)
[WrapWithProviderScope] 2024-12-19T11:48:07.761013 #2      ChangeBuilderImpl._createDartFileEditBuilder (package:analyzer_plugin/src/utilities/change_builder/change_builder_core.dart:287:33)
[WrapWithProviderScope] 2024-12-19T11:48:07.761013 #3      ChangeBuilderImpl.addDartFileEdit (package:analyzer_plugin/src/utilities/change_builder/change_builder_core.dart:136:23)
[WrapWithProviderScope] 2024-12-19T11:48:07.761013 #4      ChangeBuilderImpl.addDartFileEdit.<anonymous closure> (package:custom_lint_core/src/change_reporter.dart:241:35)
[WrapWithProviderScope] 2024-12-19T11:48:07.761013 #5      new Future.<anonymous closure> (dart:async/future.dart:258:40)
[WrapWithProviderScope] 2024-12-19T11:48:07.761013 #6      _rootRun (dart:async/zone.dart:1391:47)
[WrapWithProviderScope] 2024-12-19T11:48:07.761013 #7      _CustomZone.run (dart:async/zone.dart:1301:19)
[WrapWithProviderScope] 2024-12-19T11:48:07.761013 #8      _CustomZone.runGuarded (dart:async/zone.dart:1209:7)
[WrapWithProviderScope] 2024-12-19T11:48:07.761013 #9      _CustomZone.bindCallbackGuarded.<anonymous closure> (dart:async/zone.dart:1249:23)
[WrapWithProviderScope] 2024-12-19T11:48:07.761013 #10     _rootRun (dart:async/zone.dart:1399:13)
[WrapWithProviderScope] 2024-12-19T11:48:07.761013 #11     _CustomZone.run (dart:async/zone.dart:1301:19)
[WrapWithProviderScope] 2024-12-19T11:48:07.761013 #12     _CustomZone.bindCallback.<anonymous closure> (dart:async/zone.dart:1233:23)
[WrapWithProviderScope] 2024-12-19T11:48:07.761013 #13     Timer._createTimer.<anonymous closure> (dart:async-patch/timer_patch.dart:18:15)
[WrapWithProviderScope] 2024-12-19T11:48:07.761013 #14     _Timer._runTimers (dart:isolate-patch/timer_impl.dart:398:19)
[WrapWithProviderScope] 2024-12-19T11:48:07.761013 #15     _Timer._handleMessage (dart:isolate-patch/timer_impl.dart:429:5)
[WrapWithProviderScope] 2024-12-19T11:48:07.761013 #16     _RawReceivePort._handleMessage (dart:isolate-patch/isolate_patch.dart:184:12)
[WrapWithProviderScope] 2024-12-19T11:48:07.761013
[WrapWithConsumer] 2024-12-19T11:48:07.780452 Plugin WrapWithConsumer threw while analyzing C:\dev\esameCross\cross_platform_its_aapn_2024\pokedex\lib\src\pages\details_page.dart:
[WrapWithConsumer] 2024-12-19T11:48:07.780452 InconsistentAnalysisException: Requested result might be inconsistent with previously returned results
[WrapWithConsumer] 2024-12-19T11:48:07.780452
[WrapWithConsumer] 2024-12-19T11:48:07.780452 #0      AnalysisSessionImpl.checkConsistency (package:analyzer/src/dart/analysis/session.dart:54:7)
[WrapWithConsumer] 2024-12-19T11:48:07.780452 #1      AnalysisSessionImpl.getResolvedUnit (package:analyzer/src/dart/analysis/session.dart:129:5)
[WrapWithConsumer] 2024-12-19T11:48:07.780452 #2      ChangeBuilderImpl._createDartFileEditBuilder (package:analyzer_plugin/src/utilities/change_builder/change_builder_core.dart:287:33)
[WrapWithConsumer] 2024-12-19T11:48:07.780452 #3      ChangeBuilderImpl.addDartFileEdit (package:analyzer_plugin/src/utilities/change_builder/change_builder_core.dart:136:23)
[WrapWithConsumer] 2024-12-19T11:48:07.780452 #4      ChangeBuilderImpl.addDartFileEdit.<anonymous closure> (package:custom_lint_core/src/change_reporter.dart:241:35)
[WrapWithConsumer] 2024-12-19T11:48:07.780452 #5      new Future.<anonymous closure> (dart:async/future.dart:258:40)
[WrapWithConsumer] 2024-12-19T11:48:07.780452 #6      _rootRun (dart:async/zone.dart:1391:47)
[WrapWithConsumer] 2024-12-19T11:48:07.780452 #7      _CustomZone.run (dart:async/zone.dart:1301:19)
[WrapWithConsumer] 2024-12-19T11:48:07.780452 #8      _CustomZone.runGuarded (dart:async/zone.dart:1209:7)
[WrapWithConsumer] 2024-12-19T11:48:07.780452 #9      _CustomZone.bindCallbackGuarded.<anonymous closure> (dart:async/zone.dart:1249:23)
[WrapWithConsumer] 2024-12-19T11:48:07.780452 #10     _rootRun (dart:async/zone.dart:1399:13)
[WrapWithConsumer] 2024-12-19T11:48:07.780452 #11     _CustomZone.run (dart:async/zone.dart:1301:19)
[WrapWithConsumer] 2024-12-19T11:48:07.780452 #12     _CustomZone.bindCallback.<anonymous closure> (dart:async/zone.dart:1233:23)
[WrapWithConsumer] 2024-12-19T11:48:07.780452 #13     Timer._createTimer.<anonymous closure> (dart:async-patch/timer_patch.dart:18:15)
[WrapWithConsumer] 2024-12-19T11:48:07.780452 #14     _Timer._runTimers (dart:isolate-patch/timer_impl.dart:398:19)
[WrapWithConsumer] 2024-12-19T11:48:07.780452 #15     _Timer._handleMessage (dart:isolate-patch/timer_impl.dart:429:5)
[WrapWithConsumer] 2024-12-19T11:48:07.780452 #16     _RawReceivePort._handleMessage (dart:isolate-patch/isolate_patch.dart:184:12)
[WrapWithConsumer] 2024-12-19T11:48:07.780452
[WrapWithProviderScope] 2024-12-19T11:48:07.816336 Plugin WrapWithProviderScope threw while analyzing C:\dev\esameCross\cross_platform_its_aapn_2024\pokedex\lib\src\pages\details_page.dart:
[WrapWithProviderScope] 2024-12-19T11:48:07.816336 InconsistentAnalysisException: Requested result might be inconsistent with previously returned results
[WrapWithProviderScope] 2024-12-19T11:48:07.816336
[WrapWithProviderScope] 2024-12-19T11:48:07.816336 #0      AnalysisSessionImpl.checkConsistency (package:analyzer/src/dart/analysis/session.dart:54:7)
[WrapWithProviderScope] 2024-12-19T11:48:07.816336 #1      AnalysisSessionImpl.getResolvedUnit (package:analyzer/src/dart/analysis/session.dart:129:5)
[WrapWithProviderScope] 2024-12-19T11:48:07.816336 #2      ChangeBuilderImpl._createDartFileEditBuilder (package:analyzer_plugin/src/utilities/change_builder/change_builder_core.dart:287:33)
[WrapWithProviderScope] 2024-12-19T11:48:07.816336 #3      ChangeBuilderImpl.addDartFileEdit (package:analyzer_plugin/src/utilities/change_builder/change_builder_core.dart:136:23)
[WrapWithProviderScope] 2024-12-19T11:48:07.816336 #4      ChangeBuilderImpl.addDartFileEdit.<anonymous closure> (package:custom_lint_core/src/change_reporter.dart:241:35)
[WrapWithProviderScope] 2024-12-19T11:48:07.816336 #5      new Future.<anonymous closure> (dart:async/future.dart:258:40)
[WrapWithProviderScope] 2024-12-19T11:48:07.816336 #6      _rootRun (dart:async/zone.dart:1391:47)
[WrapWithProviderScope] 2024-12-19T11:48:07.816336 #7      _CustomZone.run (dart:async/zone.dart:1301:19)
[WrapWithProviderScope] 2024-12-19T11:48:07.816336 #8      _CustomZone.runGuarded (dart:async/zone.dart:1209:7)
[WrapWithProviderScope] 2024-12-19T11:48:07.816336 #9      _CustomZone.bindCallbackGuarded.<anonymous closure> (dart:async/zone.dart:1249:23)
[WrapWithProviderScope] 2024-12-19T11:48:07.816336 #10     _rootRun (dart:async/zone.dart:1399:13)
[WrapWithProviderScope] 2024-12-19T11:48:07.816336 #11     _CustomZone.run (dart:async/zone.dart:1301:19)
[WrapWithProviderScope] 2024-12-19T11:48:07.816336 #12     _CustomZone.bindCallback.<anonymous closure> (dart:async/zone.dart:1233:23)
[WrapWithProviderScope] 2024-12-19T11:48:07.816336 #13     Timer._createTimer.<anonymous closure> (dart:async-patch/timer_patch.dart:18:15)
[WrapWithProviderScope] 2024-12-19T11:48:07.816336 #14     _Timer._runTimers (dart:isolate-patch/timer_impl.dart:398:19)
[WrapWithProviderScope] 2024-12-19T11:48:07.816336 #15     _Timer._handleMessage (dart:isolate-patch/timer_impl.dart:429:5)
[WrapWithProviderScope] 2024-12-19T11:48:07.816336 #16     _RawReceivePort._handleMessage (dart:isolate-patch/isolate_patch.dart:184:12)
[WrapWithProviderScope] 2024-12-19T11:48:07.816336
[WrapWithConsumer] 2024-12-19T11:48:07.854202 Plugin WrapWithConsumer threw while analyzing C:\dev\esameCross\cross_platform_its_aapn_2024\pokedex\lib\src\pages\details_page.dart:
[WrapWithConsumer] 2024-12-19T11:48:07.854202 InconsistentAnalysisException: Requested result might be inconsistent with previously returned results
[WrapWithConsumer] 2024-12-19T11:48:07.854202
[WrapWithConsumer] 2024-12-19T11:48:07.854202 #0      AnalysisSessionImpl.checkConsistency (package:analyzer/src/dart/analysis/session.dart:54:7)
[WrapWithConsumer] 2024-12-19T11:48:07.854202 #1      AnalysisSessionImpl.getResolvedUnit (package:analyzer/src/dart/analysis/session.dart:129:5)
[WrapWithConsumer] 2024-12-19T11:48:07.854202 #2      ChangeBuilderImpl._createDartFileEditBuilder (package:analyzer_plugin/src/utilities/change_builder/change_builder_core.dart:287:33)
[WrapWithConsumer] 2024-12-19T11:48:07.854202 #3      ChangeBuilderImpl.addDartFileEdit (package:analyzer_plugin/src/utilities/change_builder/change_builder_core.dart:136:23)
[WrapWithConsumer] 2024-12-19T11:48:07.854202 #4      ChangeBuilderImpl.addDartFileEdit.<anonymous closure> (package:custom_lint_core/src/change_reporter.dart:241:35)
[WrapWithConsumer] 2024-12-19T11:48:07.854202 #5      new Future.<anonymous closure> (dart:async/future.dart:258:40)
[WrapWithConsumer] 2024-12-19T11:48:07.854202 #6      _rootRun (dart:async/zone.dart:1391:47)
[WrapWithConsumer] 2024-12-19T11:48:07.854202 #7      _CustomZone.run (dart:async/zone.dart:1301:19)
[WrapWithConsumer] 2024-12-19T11:48:07.854202 #8      _CustomZone.runGuarded (dart:async/zone.dart:1209:7)
[WrapWithConsumer] 2024-12-19T11:48:07.854202 #9      _CustomZone.bindCallbackGuarded.<anonymous closure> (dart:async/zone.dart:1249:23)
[WrapWithConsumer] 2024-12-19T11:48:07.854202 #10     _rootRun (dart:async/zone.dart:1399:13)
[WrapWithConsumer] 2024-12-19T11:48:07.854202 #11     _CustomZone.run (dart:async/zone.dart:1301:19)
[WrapWithConsumer] 2024-12-19T11:48:07.854202 #12     _CustomZone.bindCallback.<anonymous closure> (dart:async/zone.dart:1233:23)
[WrapWithConsumer] 2024-12-19T11:48:07.854202 #13     Timer._createTimer.<anonymous closure> (dart:async-patch/timer_patch.dart:18:15)
[WrapWithConsumer] 2024-12-19T11:48:07.854202 #14     _Timer._runTimers (dart:isolate-patch/timer_impl.dart:398:19)
[WrapWithConsumer] 2024-12-19T11:48:07.854202 #15     _Timer._handleMessage (dart:isolate-patch/timer_impl.dart:429:5)
[WrapWithConsumer] 2024-12-19T11:48:07.854202 #16     _RawReceivePort._handleMessage (dart:isolate-patch/isolate_patch.dart:184:12)
[WrapWithConsumer] 2024-12-19T11:48:07.854202
[WrapWithProviderScope] 2024-12-19T11:48:07.877986 Plugin WrapWithProviderScope threw while analyzing C:\dev\esameCross\cross_platform_its_aapn_2024\pokedex\lib\src\pages\details_page.dart:
[WrapWithProviderScope] 2024-12-19T11:48:07.877986 InconsistentAnalysisException: Requested result might be inconsistent with previously returned results
[WrapWithProviderScope] 2024-12-19T11:48:07.877986
[WrapWithProviderScope] 2024-12-19T11:48:07.877986 #0      AnalysisSessionImpl.checkConsistency (package:analyzer/src/dart/analysis/session.dart:54:7)
[WrapWithProviderScope] 2024-12-19T11:48:07.877986 #1      AnalysisSessionImpl.getResolvedUnit (package:analyzer/src/dart/analysis/session.dart:129:5)
[WrapWithProviderScope] 2024-12-19T11:48:07.877986 #2      ChangeBuilderImpl._createDartFileEditBuilder (package:analyzer_plugin/src/utilities/change_builder/change_builder_core.dart:287:33)
[WrapWithProviderScope] 2024-12-19T11:48:07.877986 #3      ChangeBuilderImpl.addDartFileEdit (package:analyzer_plugin/src/utilities/change_builder/change_builder_core.dart:136:23)
[WrapWithProviderScope] 2024-12-19T11:48:07.877986 #4      ChangeBuilderImpl.addDartFileEdit.<anonymous closure> (package:custom_lint_core/src/change_reporter.dart:241:35)
[WrapWithProviderScope] 2024-12-19T11:48:07.877986 #5      new Future.<anonymous closure> (dart:async/future.dart:258:40)
[WrapWithProviderScope] 2024-12-19T11:48:07.877986 #6      _rootRun (dart:async/zone.dart:1391:47)
[WrapWithProviderScope] 2024-12-19T11:48:07.877986 #7      _CustomZone.run (dart:async/zone.dart:1301:19)
[WrapWithProviderScope] 2024-12-19T11:48:07.877986 #8      _CustomZone.runGuarded (dart:async/zone.dart:1209:7)
[WrapWithProviderScope] 2024-12-19T11:48:07.877986 #9      _CustomZone.bindCallbackGuarded.<anonymous closure> (dart:async/zone.dart:1249:23)
[WrapWithProviderScope] 2024-12-19T11:48:07.877986 #10     _rootRun (dart:async/zone.dart:1399:13)
[WrapWithProviderScope] 2024-12-19T11:48:07.877986 #11     _CustomZone.run (dart:async/zone.dart:1301:19)
[WrapWithProviderScope] 2024-12-19T11:48:07.877986 #12     _CustomZone.bindCallback.<anonymous closure> (dart:async/zone.dart:1233:23)
[WrapWithProviderScope] 2024-12-19T11:48:07.877986 #13     Timer._createTimer.<anonymous closure> (dart:async-patch/timer_patch.dart:18:15)
[WrapWithProviderScope] 2024-12-19T11:48:07.877986 #14     _Timer._runTimers (dart:isolate-patch/timer_impl.dart:398:19)
[WrapWithProviderScope] 2024-12-19T11:48:07.877986 #15     _Timer._handleMessage (dart:isolate-patch/timer_impl.dart:429:5)
[WrapWithProviderScope] 2024-12-19T11:48:07.877986 #16     _RawReceivePort._handleMessage (dart:isolate-patch/isolate_patch.dart:184:12)
[WrapWithProviderScope] 2024-12-19T11:48:07.877986
[WrapWithConsumer] 2024-12-19T11:48:07.909049 Plugin WrapWithConsumer threw while analyzing C:\dev\esameCross\cross_platform_its_aapn_2024\pokedex\lib\src\pages\details_page.dart:
[WrapWithConsumer] 2024-12-19T11:48:07.909049 InconsistentAnalysisException: Requested result might be inconsistent with previously returned results
[WrapWithConsumer] 2024-12-19T11:48:07.909049
[WrapWithConsumer] 2024-12-19T11:48:07.909049 #0      AnalysisSessionImpl.checkConsistency (package:analyzer/src/dart/analysis/session.dart:54:7)
[WrapWithConsumer] 2024-12-19T11:48:07.909049 #1      AnalysisSessionImpl.getResolvedUnit (package:analyzer/src/dart/analysis/session.dart:129:5)
[WrapWithConsumer] 2024-12-19T11:48:07.909049 #2      ChangeBuilderImpl._createDartFileEditBuilder (package:analyzer_plugin/src/utilities/change_builder/change_builder_core.dart:287:33)
[WrapWithConsumer] 2024-12-19T11:48:07.909049 #3      ChangeBuilderImpl.addDartFileEdit (package:analyzer_plugin/src/utilities/change_builder/change_builder_core.dart:136:23)
[WrapWithConsumer] 2024-12-19T11:48:07.909049 #4      ChangeBuilderImpl.addDartFileEdit.<anonymous closure> (package:custom_lint_core/src/change_reporter.dart:241:35)
[WrapWithConsumer] 2024-12-19T11:48:07.909049 #5      new Future.<anonymous closure> (dart:async/future.dart:258:40)
[WrapWithConsumer] 2024-12-19T11:48:07.909049 #6      _rootRun (dart:async/zone.dart:1391:47)
[WrapWithConsumer] 2024-12-19T11:48:07.909049 #7      _CustomZone.run (dart:async/zone.dart:1301:19)
[WrapWithConsumer] 2024-12-19T11:48:07.909049 #8      _CustomZone.runGuarded (dart:async/zone.dart:1209:7)
[WrapWithConsumer] 2024-12-19T11:48:07.909049 #9      _CustomZone.bindCallbackGuarded.<anonymous closure> (dart:async/zone.dart:1249:23)
[WrapWithConsumer] 2024-12-19T11:48:07.909049 #10     _rootRun (dart:async/zone.dart:1399:13)
[WrapWithConsumer] 2024-12-19T11:48:07.909049 #11     _CustomZone.run (dart:async/zone.dart:1301:19)
[WrapWithConsumer] 2024-12-19T11:48:07.909049 #12     _CustomZone.bindCallback.<anonymous closure> (dart:async/zone.dart:1233:23)
[WrapWithConsumer] 2024-12-19T11:48:07.909049 #13     Timer._createTimer.<anonymous closure> (dart:async-patch/timer_patch.dart:18:15)
[WrapWithConsumer] 2024-12-19T11:48:07.909049 #14     _Timer._runTimers (dart:isolate-patch/timer_impl.dart:398:19)
[WrapWithConsumer] 2024-12-19T11:48:07.909049 #15     _Timer._handleMessage (dart:isolate-patch/timer_impl.dart:429:5)
[WrapWithConsumer] 2024-12-19T11:48:07.909049 #16     _RawReceivePort._handleMessage (dart:isolate-patch/isolate_patch.dart:184:12)
[WrapWithConsumer] 2024-12-19T11:48:07.909049
[WrapWithProviderScope] 2024-12-19T11:48:07.969515 Plugin WrapWithProviderScope threw while analyzing C:\dev\esameCross\cross_platform_its_aapn_2024\pokedex\lib\src\pages\details_page.dart:
[WrapWithProviderScope] 2024-12-19T11:48:07.969515 InconsistentAnalysisException: Requested result might be inconsistent with previously returned results
[WrapWithProviderScope] 2024-12-19T11:48:07.969515
[WrapWithProviderScope] 2024-12-19T11:48:07.969515 #0      AnalysisSessionImpl.checkConsistency (package:analyzer/src/dart/analysis/session.dart:54:7)
[WrapWithProviderScope] 2024-12-19T11:48:07.969515 #1      AnalysisSessionImpl.getResolvedUnit (package:analyzer/src/dart/analysis/session.dart:129:5)
[WrapWithProviderScope] 2024-12-19T11:48:07.969515 #2      ChangeBuilderImpl._createDartFileEditBuilder (package:analyzer_plugin/src/utilities/change_builder/change_builder_core.dart:287:33)
[WrapWithProviderScope] 2024-12-19T11:48:07.969515 #3      ChangeBuilderImpl.addDartFileEdit (package:analyzer_plugin/src/utilities/change_builder/change_builder_core.dart:136:23)
[WrapWithProviderScope] 2024-12-19T11:48:07.969515 #4      ChangeBuilderImpl.addDartFileEdit.<anonymous closure> (package:custom_lint_core/src/change_reporter.dart:241:35)
[WrapWithProviderScope] 2024-12-19T11:48:07.969515 #5      new Future.<anonymous closure> (dart:async/future.dart:258:40)
[WrapWithProviderScope] 2024-12-19T11:48:07.969515 #6      _rootRun (dart:async/zone.dart:1391:47)
[WrapWithProviderScope] 2024-12-19T11:48:07.969515 #7      _CustomZone.run (dart:async/zone.dart:1301:19)
[WrapWithProviderScope] 2024-12-19T11:48:07.969515 #8      _CustomZone.runGuarded (dart:async/zone.dart:1209:7)
[WrapWithProviderScope] 2024-12-19T11:48:07.969515 #9      _CustomZone.bindCallbackGuarded.<anonymous closure> (dart:async/zone.dart:1249:23)
[WrapWithProviderScope] 2024-12-19T11:48:07.969515 #10     _rootRun (dart:async/zone.dart:1399:13)
[WrapWithProviderScope] 2024-12-19T11:48:07.969515 #11     _CustomZone.run (dart:async/zone.dart:1301:19)
[WrapWithProviderScope] 2024-12-19T11:48:07.969515 #12     _CustomZone.bindCallback.<anonymous closure> (dart:async/zone.dart:1233:23)
[WrapWithProviderScope] 2024-12-19T11:48:07.969515 #13     Timer._createTimer.<anonymous closure> (dart:async-patch/timer_patch.dart:18:15)
[WrapWithProviderScope] 2024-12-19T11:48:07.969515 #14     _Timer._runTimers (dart:isolate-patch/timer_impl.dart:398:19)
[WrapWithProviderScope] 2024-12-19T11:48:07.969515 #15     _Timer._handleMessage (dart:isolate-patch/timer_impl.dart:429:5)
[WrapWithProviderScope] 2024-12-19T11:48:07.969515 #16     _RawReceivePort._handleMessage (dart:isolate-patch/isolate_patch.dart:184:12)
[WrapWithProviderScope] 2024-12-19T11:48:07.969515
[WrapWithConsumer] 2024-12-19T11:48:08.086081 Plugin WrapWithConsumer threw while analyzing C:\dev\esameCross\cross_platform_its_aapn_2024\pokedex\lib\src\pages\details_page.dart:
[WrapWithConsumer] 2024-12-19T11:48:08.086081 InconsistentAnalysisException: Requested result might be inconsistent with previously returned results
[WrapWithConsumer] 2024-12-19T11:48:08.086081
[WrapWithConsumer] 2024-12-19T11:48:08.086081 #0      AnalysisSessionImpl.checkConsistency (package:analyzer/src/dart/analysis/session.dart:54:7)
[WrapWithConsumer] 2024-12-19T11:48:08.086081 #1      AnalysisSessionImpl.getResolvedUnit (package:analyzer/src/dart/analysis/session.dart:129:5)
[WrapWithConsumer] 2024-12-19T11:48:08.086081 #2      ChangeBuilderImpl._createDartFileEditBuilder (package:analyzer_plugin/src/utilities/change_builder/change_builder_core.dart:287:33)
[WrapWithConsumer] 2024-12-19T11:48:08.086081 #3      ChangeBuilderImpl.addDartFileEdit (package:analyzer_plugin/src/utilities/change_builder/change_builder_core.dart:136:23)
[WrapWithConsumer] 2024-12-19T11:48:08.086081 #4      ChangeBuilderImpl.addDartFileEdit.<anonymous closure> (package:custom_lint_core/src/change_reporter.dart:241:35)
[WrapWithConsumer] 2024-12-19T11:48:08.086081 #5      new Future.<anonymous closure> (dart:async/future.dart:258:40)
[WrapWithConsumer] 2024-12-19T11:48:08.086081 #6      _rootRun (dart:async/zone.dart:1391:47)
[WrapWithConsumer] 2024-12-19T11:48:08.086081 #7      _CustomZone.run (dart:async/zone.dart:1301:19)
[WrapWithConsumer] 2024-12-19T11:48:08.086081 #8      _CustomZone.runGuarded (dart:async/zone.dart:1209:7)
[WrapWithConsumer] 2024-12-19T11:48:08.086081 #9      _CustomZone.bindCallbackGuarded.<anonymous closure> (dart:async/zone.dart:1249:23)
[WrapWithConsumer] 2024-12-19T11:48:08.086081 #10     _rootRun (dart:async/zone.dart:1399:13)
[WrapWithConsumer] 2024-12-19T11:48:08.086081 #11     _CustomZone.run (dart:async/zone.dart:1301:19)
[WrapWithConsumer] 2024-12-19T11:48:08.086081 #12     _CustomZone.bindCallback.<anonymous closure> (dart:async/zone.dart:1233:23)
[WrapWithConsumer] 2024-12-19T11:48:08.086081 #13     Timer._createTimer.<anonymous closure> (dart:async-patch/timer_patch.dart:18:15)
[WrapWithConsumer] 2024-12-19T11:48:08.086081 #14     _Timer._runTimers (dart:isolate-patch/timer_impl.dart:398:19)
[WrapWithConsumer] 2024-12-19T11:48:08.086081 #15     _Timer._handleMessage (dart:isolate-patch/timer_impl.dart:429:5)
[WrapWithConsumer] 2024-12-19T11:48:08.086081 #16     _RawReceivePort._handleMessage (dart:isolate-patch/isolate_patch.dart:184:12)
[WrapWithConsumer] 2024-12-19T11:48:08.086081
[WrapWithProviderScope] 2024-12-19T11:48:08.134807 Plugin WrapWithProviderScope threw while analyzing C:\dev\esameCross\cross_platform_its_aapn_2024\pokedex\lib\src\pages\details_page.dart:
[WrapWithProviderScope] 2024-12-19T11:48:08.134807 InconsistentAnalysisException: Requested result might be inconsistent with previously returned results
[WrapWithProviderScope] 2024-12-19T11:48:08.134807
[WrapWithProviderScope] 2024-12-19T11:48:08.134807 #0      AnalysisSessionImpl.checkConsistency (package:analyzer/src/dart/analysis/session.dart:54:7)
[WrapWithProviderScope] 2024-12-19T11:48:08.134807 #1      AnalysisSessionImpl.getResolvedUnit (package:analyzer/src/dart/analysis/session.dart:129:5)
[WrapWithProviderScope] 2024-12-19T11:48:08.134807 #2      ChangeBuilderImpl._createDartFileEditBuilder (package:analyzer_plugin/src/utilities/change_builder/change_builder_core.dart:287:33)
[WrapWithProviderScope] 2024-12-19T11:48:08.134807 #3      ChangeBuilderImpl.addDartFileEdit (package:analyzer_plugin/src/utilities/change_builder/change_builder_core.dart:136:23)
[WrapWithProviderScope] 2024-12-19T11:48:08.134807 #4      ChangeBuilderImpl.addDartFileEdit.<anonymous closure> (package:custom_lint_core/src/change_reporter.dart:241:35)
[WrapWithProviderScope] 2024-12-19T11:48:08.134807 #5      new Future.<anonymous closure> (dart:async/future.dart:258:40)
[WrapWithProviderScope] 2024-12-19T11:48:08.134807 #6      _rootRun (dart:async/zone.dart:1391:47)
[WrapWithProviderScope] 2024-12-19T11:48:08.134807 #7      _CustomZone.run (dart:async/zone.dart:1301:19)
[WrapWithProviderScope] 2024-12-19T11:48:08.134807 #8      _CustomZone.runGuarded (dart:async/zone.dart:1209:7)
[WrapWithProviderScope] 2024-12-19T11:48:08.134807 #9      _CustomZone.bindCallbackGuarded.<anonymous closure> (dart:async/zone.dart:1249:23)
[WrapWithProviderScope] 2024-12-19T11:48:08.134807 #10     _rootRun (dart:async/zone.dart:1399:13)
[WrapWithProviderScope] 2024-12-19T11:48:08.134807 #11     _CustomZone.run (dart:async/zone.dart:1301:19)
[WrapWithProviderScope] 2024-12-19T11:48:08.134807 #12     _CustomZone.bindCallback.<anonymous closure> (dart:async/zone.dart:1233:23)
[WrapWithProviderScope] 2024-12-19T11:48:08.134807 #13     Timer._createTimer.<anonymous closure> (dart:async-patch/timer_patch.dart:18:15)
[WrapWithProviderScope] 2024-12-19T11:48:08.134807 #14     _Timer._runTimers (dart:isolate-patch/timer_impl.dart:398:19)
[WrapWithProviderScope] 2024-12-19T11:48:08.134807 #15     _Timer._handleMessage (dart:isolate-patch/timer_impl.dart:429:5)
[WrapWithProviderScope] 2024-12-19T11:48:08.134807 #16     _RawReceivePort._handleMessage (dart:isolate-patch/isolate_patch.dart:184:12)
[WrapWithProviderScope] 2024-12-19T11:48:08.134807
[WrapWithConsumer] 2024-12-19T11:48:08.151972 Plugin WrapWithConsumer threw while analyzing C:\dev\esameCross\cross_platform_its_aapn_2024\pokedex\lib\src\pages\details_page.dart:
[WrapWithConsumer] 2024-12-19T11:48:08.151972 InconsistentAnalysisException: Requested result might be inconsistent with previously returned results
[WrapWithConsumer] 2024-12-19T11:48:08.151972
[WrapWithConsumer] 2024-12-19T11:48:08.151972 #0      AnalysisSessionImpl.checkConsistency (package:analyzer/src/dart/analysis/session.dart:54:7)
[WrapWithConsumer] 2024-12-19T11:48:08.151972 #1      AnalysisSessionImpl.getResolvedUnit (package:analyzer/src/dart/analysis/session.dart:129:5)
[WrapWithConsumer] 2024-12-19T11:48:08.151972 #2      ChangeBuilderImpl._createDartFileEditBuilder (package:analyzer_plugin/src/utilities/change_builder/change_builder_core.dart:287:33)
[WrapWithConsumer] 2024-12-19T11:48:08.151972 #3      ChangeBuilderImpl.addDartFileEdit (package:analyzer_plugin/src/utilities/change_builder/change_builder_core.dart:136:23)
[WrapWithConsumer] 2024-12-19T11:48:08.151972 #4      ChangeBuilderImpl.addDartFileEdit.<anonymous closure> (package:custom_lint_core/src/change_reporter.dart:241:35)
[WrapWithConsumer] 2024-12-19T11:48:08.151972 #5      new Future.<anonymous closure> (dart:async/future.dart:258:40)
[WrapWithConsumer] 2024-12-19T11:48:08.151972 #6      _rootRun (dart:async/zone.dart:1391:47)
[WrapWithConsumer] 2024-12-19T11:48:08.151972 #7      _CustomZone.run (dart:async/zone.dart:1301:19)
[WrapWithConsumer] 2024-12-19T11:48:08.151972 #8      _CustomZone.runGuarded (dart:async/zone.dart:1209:7)
[WrapWithConsumer] 2024-12-19T11:48:08.151972 #9      _CustomZone.bindCallbackGuarded.<anonymous closure> (dart:async/zone.dart:1249:23)
[WrapWithConsumer] 2024-12-19T11:48:08.151972 #10     _rootRun (dart:async/zone.dart:1399:13)
[WrapWithConsumer] 2024-12-19T11:48:08.151972 #11     _CustomZone.run (dart:async/zone.dart:1301:19)
[WrapWithConsumer] 2024-12-19T11:48:08.151972 #12     _CustomZone.bindCallback.<anonymous closure> (dart:async/zone.dart:1233:23)
[WrapWithConsumer] 2024-12-19T11:48:08.151972 #13     Timer._createTimer.<anonymous closure> (dart:async-patch/timer_patch.dart:18:15)
[WrapWithConsumer] 2024-12-19T11:48:08.151972 #14     _Timer._runTimers (dart:isolate-patch/timer_impl.dart:398:19)
[WrapWithConsumer] 2024-12-19T11:48:08.151972 #15     _Timer._handleMessage (dart:isolate-patch/timer_impl.dart:429:5)
[WrapWithConsumer] 2024-12-19T11:48:08.151972 #16     _RawReceivePort._handleMessage (dart:isolate-patch/isolate_patch.dart:184:12)
[WrapWithConsumer] 2024-12-19T11:48:08.151972
[WrapWithProviderScope] 2024-12-19T11:48:08.171039 Plugin WrapWithProviderScope threw while analyzing C:\dev\esameCross\cross_platform_its_aapn_2024\pokedex\lib\src\pages\details_page.dart:
[WrapWithProviderScope] 2024-12-19T11:48:08.171039 InconsistentAnalysisException: Requested result might be inconsistent with previously returned results
[WrapWithProviderScope] 2024-12-19T11:48:08.171039
[WrapWithProviderScope] 2024-12-19T11:48:08.171039 #0      AnalysisSessionImpl.checkConsistency (package:analyzer/src/dart/analysis/session.dart:54:7)
[WrapWithProviderScope] 2024-12-19T11:48:08.171039 #1      AnalysisSessionImpl.getResolvedUnit (package:analyzer/src/dart/analysis/session.dart:129:5)
[WrapWithProviderScope] 2024-12-19T11:48:08.171039 #2      ChangeBuilderImpl._createDartFileEditBuilder (package:analyzer_plugin/src/utilities/change_builder/change_builder_core.dart:287:33)
[WrapWithProviderScope] 2024-12-19T11:48:08.171039 #3      ChangeBuilderImpl.addDartFileEdit (package:analyzer_plugin/src/utilities/change_builder/change_builder_core.dart:136:23)
[WrapWithProviderScope] 2024-12-19T11:48:08.171039 #4      ChangeBuilderImpl.addDartFileEdit.<anonymous closure> (package:custom_lint_core/src/change_reporter.dart:241:35)
[WrapWithProviderScope] 2024-12-19T11:48:08.171039 #5      new Future.<anonymous closure> (dart:async/future.dart:258:40)
[WrapWithProviderScope] 2024-12-19T11:48:08.171039 #6      _rootRun (dart:async/zone.dart:1391:47)
[WrapWithProviderScope] 2024-12-19T11:48:08.171039 #7      _CustomZone.run (dart:async/zone.dart:1301:19)
[WrapWithProviderScope] 2024-12-19T11:48:08.171039 #8      _CustomZone.runGuarded (dart:async/zone.dart:1209:7)
[WrapWithProviderScope] 2024-12-19T11:48:08.171039 #9      _CustomZone.bindCallbackGuarded.<anonymous closure> (dart:async/zone.dart:1249:23)
[WrapWithProviderScope] 2024-12-19T11:48:08.171039 #10     _rootRun (dart:async/zone.dart:1399:13)
[WrapWithProviderScope] 2024-12-19T11:48:08.171039 #11     _CustomZone.run (dart:async/zone.dart:1301:19)
[WrapWithProviderScope] 2024-12-19T11:48:08.171039 #12     _CustomZone.bindCallback.<anonymous closure> (dart:async/zone.dart:1233:23)
[WrapWithProviderScope] 2024-12-19T11:48:08.171039 #13     Timer._createTimer.<anonymous closure> (dart:async-patch/timer_patch.dart:18:15)
[WrapWithProviderScope] 2024-12-19T11:48:08.171039 #14     _Timer._runTimers (dart:isolate-patch/timer_impl.dart:398:19)
[WrapWithProviderScope] 2024-12-19T11:48:08.171039 #15     _Timer._handleMessage (dart:isolate-patch/timer_impl.dart:429:5)
[WrapWithProviderScope] 2024-12-19T11:48:08.171039 #16     _RawReceivePort._handleMessage (dart:isolate-patch/isolate_patch.dart:184:12)
[WrapWithProviderScope] 2024-12-19T11:48:08.171039
[WrapWithConsumer] 2024-12-19T11:48:08.199524 Plugin WrapWithConsumer threw while analyzing C:\dev\esameCross\cross_platform_its_aapn_2024\pokedex\lib\src\pages\details_page.dart:
[WrapWithConsumer] 2024-12-19T11:48:08.199524 InconsistentAnalysisException: Requested result might be inconsistent with previously returned results
[WrapWithConsumer] 2024-12-19T11:48:08.199524
[WrapWithConsumer] 2024-12-19T11:48:08.199524 #0      AnalysisSessionImpl.checkConsistency (package:analyzer/src/dart/analysis/session.dart:54:7)
[WrapWithConsumer] 2024-12-19T11:48:08.199524 #1      AnalysisSessionImpl.getResolvedUnit (package:analyzer/src/dart/analysis/session.dart:129:5)
[WrapWithConsumer] 2024-12-19T11:48:08.199524 #2      ChangeBuilderImpl._createDartFileEditBuilder (package:analyzer_plugin/src/utilities/change_builder/change_builder_core.dart:287:33)
[WrapWithConsumer] 2024-12-19T11:48:08.199524 #3      ChangeBuilderImpl.addDartFileEdit (package:analyzer_plugin/src/utilities/change_builder/change_builder_core.dart:136:23)
[WrapWithConsumer] 2024-12-19T11:48:08.199524 #4      ChangeBuilderImpl.addDartFileEdit.<anonymous closure> (package:custom_lint_core/src/change_reporter.dart:241:35)
[WrapWithConsumer] 2024-12-19T11:48:08.199524 #5      new Future.<anonymous closure> (dart:async/future.dart:258:40)
[WrapWithConsumer] 2024-12-19T11:48:08.199524 #6      _rootRun (dart:async/zone.dart:1391:47)
[WrapWithConsumer] 2024-12-19T11:48:08.199524 #7      _CustomZone.run (dart:async/zone.dart:1301:19)
[WrapWithConsumer] 2024-12-19T11:48:08.199524 #8      _CustomZone.runGuarded (dart:async/zone.dart:1209:7)
[WrapWithConsumer] 2024-12-19T11:48:08.199524 #9      _CustomZone.bindCallbackGuarded.<anonymous closure> (dart:async/zone.dart:1249:23)
[WrapWithConsumer] 2024-12-19T11:48:08.199524 #10     _rootRun (dart:async/zone.dart:1399:13)
[WrapWithConsumer] 2024-12-19T11:48:08.199524 #11     _CustomZone.run (dart:async/zone.dart:1301:19)
[WrapWithConsumer] 2024-12-19T11:48:08.199524 #12     _CustomZone.bindCallback.<anonymous closure> (dart:async/zone.dart:1233:23)
[WrapWithConsumer] 2024-12-19T11:48:08.199524 #13     Timer._createTimer.<anonymous closure> (dart:async-patch/timer_patch.dart:18:15)
[WrapWithConsumer] 2024-12-19T11:48:08.199524 #14     _Timer._runTimers (dart:isolate-patch/timer_impl.dart:398:19)
[WrapWithConsumer] 2024-12-19T11:48:08.199524 #15     _Timer._handleMessage (dart:isolate-patch/timer_impl.dart:429:5)
[WrapWithConsumer] 2024-12-19T11:48:08.199524 #16     _RawReceivePort._handleMessage (dart:isolate-patch/isolate_patch.dart:184:12)
[WrapWithConsumer] 2024-12-19T11:48:08.199524
[WrapWithProviderScope] 2024-12-19T11:48:08.243792 Plugin WrapWithProviderScope threw while analyzing C:\dev\esameCross\cross_platform_its_aapn_2024\pokedex\lib\src\pages\details_page.dart:
[WrapWithProviderScope] 2024-12-19T11:48:08.243792 InconsistentAnalysisException: Requested result might be inconsistent with previously returned results
[WrapWithProviderScope] 2024-12-19T11:48:08.243792
[WrapWithProviderScope] 2024-12-19T11:48:08.243792 #0      AnalysisSessionImpl.checkConsistency (package:analyzer/src/dart/analysis/session.dart:54:7)
[WrapWithProviderScope] 2024-12-19T11:48:08.243792 #1      AnalysisSessionImpl.getResolvedUnit (package:analyzer/src/dart/analysis/session.dart:129:5)
[WrapWithProviderScope] 2024-12-19T11:48:08.243792 #2      ChangeBuilderImpl._createDartFileEditBuilder (package:analyzer_plugin/src/utilities/change_builder/change_builder_core.dart:287:33)
[WrapWithProviderScope] 2024-12-19T11:48:08.243792 #3      ChangeBuilderImpl.addDartFileEdit (package:analyzer_plugin/src/utilities/change_builder/change_builder_core.dart:136:23)
[WrapWithProviderScope] 2024-12-19T11:48:08.243792 #4      ChangeBuilderImpl.addDartFileEdit.<anonymous closure> (package:custom_lint_core/src/change_reporter.dart:241:35)
[WrapWithProviderScope] 2024-12-19T11:48:08.243792 #5      new Future.<anonymous closure> (dart:async/future.dart:258:40)
[WrapWithProviderScope] 2024-12-19T11:48:08.243792 #6      _rootRun (dart:async/zone.dart:1391:47)
[WrapWithProviderScope] 2024-12-19T11:48:08.243792 #7      _CustomZone.run (dart:async/zone.dart:1301:19)
[WrapWithProviderScope] 2024-12-19T11:48:08.243792 #8      _CustomZone.runGuarded (dart:async/zone.dart:1209:7)
[WrapWithProviderScope] 2024-12-19T11:48:08.243792 #9      _CustomZone.bindCallbackGuarded.<anonymous closure> (dart:async/zone.dart:1249:23)
[WrapWithProviderScope] 2024-12-19T11:48:08.243792 #10     _rootRun (dart:async/zone.dart:1399:13)
[WrapWithProviderScope] 2024-12-19T11:48:08.243792 #11     _CustomZone.run (dart:async/zone.dart:1301:19)
[WrapWithProviderScope] 2024-12-19T11:48:08.243792 #12     _CustomZone.bindCallback.<anonymous closure> (dart:async/zone.dart:1233:23)
[WrapWithProviderScope] 2024-12-19T11:48:08.243792 #13     Timer._createTimer.<anonymous closure> (dart:async-patch/timer_patch.dart:18:15)
[WrapWithProviderScope] 2024-12-19T11:48:08.243792 #14     _Timer._runTimers (dart:isolate-patch/timer_impl.dart:398:19)
[WrapWithProviderScope] 2024-12-19T11:48:08.243792 #15     _Timer._handleMessage (dart:isolate-patch/timer_impl.dart:429:5)
[WrapWithProviderScope] 2024-12-19T11:48:08.243792 #16     _RawReceivePort._handleMessage (dart:isolate-patch/isolate_patch.dart:184:12)
[WrapWithProviderScope] 2024-12-19T11:48:08.243792
[WrapWithConsumer] 2024-12-19T11:48:08.298912 Plugin WrapWithConsumer threw while analyzing C:\dev\esameCross\cross_platform_its_aapn_2024\pokedex\lib\src\pages\details_page.dart:
[WrapWithConsumer] 2024-12-19T11:48:08.298912 InconsistentAnalysisException: Requested result might be inconsistent with previously returned results
[WrapWithConsumer] 2024-12-19T11:48:08.298912
[WrapWithConsumer] 2024-12-19T11:48:08.298912 #0      AnalysisSessionImpl.checkConsistency (package:analyzer/src/dart/analysis/session.dart:54:7)
[WrapWithConsumer] 2024-12-19T11:48:08.298912 #1      AnalysisSessionImpl.getResolvedUnit (package:analyzer/src/dart/analysis/session.dart:129:5)
[WrapWithConsumer] 2024-12-19T11:48:08.298912 #2      ChangeBuilderImpl._createDartFileEditBuilder (package:analyzer_plugin/src/utilities/change_builder/change_builder_core.dart:287:33)
[WrapWithConsumer] 2024-12-19T11:48:08.298912 #3      ChangeBuilderImpl.addDartFileEdit (package:analyzer_plugin/src/utilities/change_builder/change_builder_core.dart:136:23)
[WrapWithConsumer] 2024-12-19T11:48:08.298912 #4      ChangeBuilderImpl.addDartFileEdit.<anonymous closure> (package:custom_lint_core/src/change_reporter.dart:241:35)
[WrapWithConsumer] 2024-12-19T11:48:08.298912 #5      new Future.<anonymous closure> (dart:async/future.dart:258:40)
[WrapWithConsumer] 2024-12-19T11:48:08.298912 #6      _rootRun (dart:async/zone.dart:1391:47)
[WrapWithConsumer] 2024-12-19T11:48:08.298912 #7      _CustomZone.run (dart:async/zone.dart:1301:19)
[WrapWithConsumer] 2024-12-19T11:48:08.298912 #8      _CustomZone.runGuarded (dart:async/zone.dart:1209:7)
[WrapWithConsumer] 2024-12-19T11:48:08.298912 #9      _CustomZone.bindCallbackGuarded.<anonymous closure> (dart:async/zone.dart:1249:23)
[WrapWithConsumer] 2024-12-19T11:48:08.298912 #10     _rootRun (dart:async/zone.dart:1399:13)
[WrapWithConsumer] 2024-12-19T11:48:08.298912 #11     _CustomZone.run (dart:async/zone.dart:1301:19)
[WrapWithConsumer] 2024-12-19T11:48:08.298912 #12     _CustomZone.bindCallback.<anonymous closure> (dart:async/zone.dart:1233:23)
[WrapWithConsumer] 2024-12-19T11:48:08.298912 #13     Timer._createTimer.<anonymous closure> (dart:async-patch/timer_patch.dart:18:15)
[WrapWithConsumer] 2024-12-19T11:48:08.298912 #14     _Timer._runTimers (dart:isolate-patch/timer_impl.dart:398:19)
[WrapWithConsumer] 2024-12-19T11:48:08.298912 #15     _Timer._handleMessage (dart:isolate-patch/timer_impl.dart:429:5)
[WrapWithConsumer] 2024-12-19T11:48:08.298912 #16     _RawReceivePort._handleMessage (dart:isolate-patch/isolate_patch.dart:184:12)
[WrapWithConsumer] 2024-12-19T11:48:08.298912
[WrapWithProviderScope] 2024-12-19T11:48:08.377399 Plugin WrapWithProviderScope threw while analyzing C:\dev\esameCross\cross_platform_its_aapn_2024\pokedex\lib\src\pages\details_page.dart:
[WrapWithProviderScope] 2024-12-19T11:48:08.377399 InconsistentAnalysisException: Requested result might be inconsistent with previously returned results
[WrapWithProviderScope] 2024-12-19T11:48:08.377399
[WrapWithProviderScope] 2024-12-19T11:48:08.377399 #0      AnalysisSessionImpl.checkConsistency (package:analyzer/src/dart/analysis/session.dart:54:7)
[WrapWithProviderScope] 2024-12-19T11:48:08.377399 #1      AnalysisSessionImpl.getResolvedUnit (package:analyzer/src/dart/analysis/session.dart:129:5)
[WrapWithProviderScope] 2024-12-19T11:48:08.377399 #2      ChangeBuilderImpl._createDartFileEditBuilder (package:analyzer_plugin/src/utilities/change_builder/change_builder_core.dart:287:33)
[WrapWithProviderScope] 2024-12-19T11:48:08.377399 #3      ChangeBuilderImpl.addDartFileEdit (package:analyzer_plugin/src/utilities/change_builder/change_builder_core.dart:136:23)
[WrapWithProviderScope] 2024-12-19T11:48:08.377399 #4      ChangeBuilderImpl.addDartFileEdit.<anonymous closure> (package:custom_lint_core/src/change_reporter.dart:241:35)
[WrapWithProviderScope] 2024-12-19T11:48:08.377399 #5      new Future.<anonymous closure> (dart:async/future.dart:258:40)
[WrapWithProviderScope] 2024-12-19T11:48:08.377399 #6      _rootRun (dart:async/zone.dart:1391:47)
[WrapWithProviderScope] 2024-12-19T11:48:08.377399 #7      _CustomZone.run (dart:async/zone.dart:1301:19)
[WrapWithProviderScope] 2024-12-19T11:48:08.377399 #8      _CustomZone.runGuarded (dart:async/zone.dart:1209:7)
[WrapWithProviderScope] 2024-12-19T11:48:08.377399 #9      _CustomZone.bindCallbackGuarded.<anonymous closure> (dart:async/zone.dart:1249:23)
[WrapWithProviderScope] 2024-12-19T11:48:08.377399 #10     _rootRun (dart:async/zone.dart:1399:13)
[WrapWithProviderScope] 2024-12-19T11:48:08.377399 #11     _CustomZone.run (dart:async/zone.dart:1301:19)
[WrapWithProviderScope] 2024-12-19T11:48:08.377399 #12     _CustomZone.bindCallback.<anonymous closure> (dart:async/zone.dart:1233:23)
[WrapWithProviderScope] 2024-12-19T11:48:08.377399 #13     Timer._createTimer.<anonymous closure> (dart:async-patch/timer_patch.dart:18:15)
[WrapWithProviderScope] 2024-12-19T11:48:08.377399 #14     _Timer._runTimers (dart:isolate-patch/timer_impl.dart:398:19)
[WrapWithProviderScope] 2024-12-19T11:48:08.377399 #15     _Timer._handleMessage (dart:isolate-patch/timer_impl.dart:429:5)
[WrapWithProviderScope] 2024-12-19T11:48:08.377399 #16     _RawReceivePort._handleMessage (dart:isolate-patch/isolate_patch.dart:184:12)
[WrapWithProviderScope] 2024-12-19T11:48:08.377399
[WrapWithConsumer] 2024-12-19T11:48:08.404442 Plugin WrapWithConsumer threw while analyzing C:\dev\esameCross\cross_platform_its_aapn_2024\pokedex\lib\src\pages\details_page.dart:
[WrapWithConsumer] 2024-12-19T11:48:08.404442 InconsistentAnalysisException: Requested result might be inconsistent with previously returned results
[WrapWithConsumer] 2024-12-19T11:48:08.404442
[WrapWithConsumer] 2024-12-19T11:48:08.404442 #0      AnalysisSessionImpl.checkConsistency (package:analyzer/src/dart/analysis/session.dart:54:7)
[WrapWithConsumer] 2024-12-19T11:48:08.404442 #1      AnalysisSessionImpl.getResolvedUnit (package:analyzer/src/dart/analysis/session.dart:129:5)
[WrapWithConsumer] 2024-12-19T11:48:08.404442 #2      ChangeBuilderImpl._createDartFileEditBuilder (package:analyzer_plugin/src/utilities/change_builder/change_builder_core.dart:287:33)
[WrapWithConsumer] 2024-12-19T11:48:08.404442 #3      ChangeBuilderImpl.addDartFileEdit (package:analyzer_plugin/src/utilities/change_builder/change_builder_core.dart:136:23)
[WrapWithConsumer] 2024-12-19T11:48:08.404442 #4      ChangeBuilderImpl.addDartFileEdit.<anonymous closure> (package:custom_lint_core/src/change_reporter.dart:241:35)
[WrapWithConsumer] 2024-12-19T11:48:08.404442 #5      new Future.<anonymous closure> (dart:async/future.dart:258:40)
[WrapWithConsumer] 2024-12-19T11:48:08.404442 #6      _rootRun (dart:async/zone.dart:1391:47)
[WrapWithConsumer] 2024-12-19T11:48:08.404442 #7      _CustomZone.run (dart:async/zone.dart:1301:19)
[WrapWithConsumer] 2024-12-19T11:48:08.404442 #8      _CustomZone.runGuarded (dart:async/zone.dart:1209:7)
[WrapWithConsumer] 2024-12-19T11:48:08.404442 #9      _CustomZone.bindCallbackGuarded.<anonymous closure> (dart:async/zone.dart:1249:23)
[WrapWithConsumer] 2024-12-19T11:48:08.404442 #10     _rootRun (dart:async/zone.dart:1399:13)
[WrapWithConsumer] 2024-12-19T11:48:08.404442 #11     _CustomZone.run (dart:async/zone.dart:1301:19)
[WrapWithConsumer] 2024-12-19T11:48:08.404442 #12     _CustomZone.bindCallback.<anonymous closure> (dart:async/zone.dart:1233:23)
[WrapWithConsumer] 2024-12-19T11:48:08.404442 #13     Timer._createTimer.<anonymous closure> (dart:async-patch/timer_patch.dart:18:15)
[WrapWithConsumer] 2024-12-19T11:48:08.404442 #14     _Timer._runTimers (dart:isolate-patch/timer_impl.dart:398:19)
[WrapWithConsumer] 2024-12-19T11:48:08.404442 #15     _Timer._handleMessage (dart:isolate-patch/timer_impl.dart:429:5)
[WrapWithConsumer] 2024-12-19T11:48:08.404442 #16     _RawReceivePort._handleMessage (dart:isolate-patch/isolate_patch.dart:184:12)
[WrapWithConsumer] 2024-12-19T11:48:08.404442
[WrapWithProviderScope] 2024-12-19T11:48:08.427541 Plugin WrapWithProviderScope threw while analyzing C:\dev\esameCross\cross_platform_its_aapn_2024\pokedex\lib\src\pages\details_page.dart:
[WrapWithProviderScope] 2024-12-19T11:48:08.427541 InconsistentAnalysisException: Requested result might be inconsistent with previously returned results
[WrapWithProviderScope] 2024-12-19T11:48:08.427541
[WrapWithProviderScope] 2024-12-19T11:48:08.427541 #0      AnalysisSessionImpl.checkConsistency (package:analyzer/src/dart/analysis/session.dart:54:7)
[WrapWithProviderScope] 2024-12-19T11:48:08.427541 #1      AnalysisSessionImpl.getResolvedUnit (package:analyzer/src/dart/analysis/session.dart:129:5)
[WrapWithProviderScope] 2024-12-19T11:48:08.427541 #2      ChangeBuilderImpl._createDartFileEditBuilder (package:analyzer_plugin/src/utilities/change_builder/change_builder_core.dart:287:33)
[WrapWithProviderScope] 2024-12-19T11:48:08.427541 #3      ChangeBuilderImpl.addDartFileEdit (package:analyzer_plugin/src/utilities/change_builder/change_builder_core.dart:136:23)
[WrapWithProviderScope] 2024-12-19T11:48:08.427541 #4      ChangeBuilderImpl.addDartFileEdit.<anonymous closure> (package:custom_lint_core/src/change_reporter.dart:241:35)
[WrapWithProviderScope] 2024-12-19T11:48:08.427541 #5      new Future.<anonymous closure> (dart:async/future.dart:258:40)
[WrapWithProviderScope] 2024-12-19T11:48:08.427541 #6      _rootRun (dart:async/zone.dart:1391:47)
[WrapWithProviderScope] 2024-12-19T11:48:08.427541 #7      _CustomZone.run (dart:async/zone.dart:1301:19)
[WrapWithProviderScope] 2024-12-19T11:48:08.427541 #8      _CustomZone.runGuarded (dart:async/zone.dart:1209:7)
[WrapWithProviderScope] 2024-12-19T11:48:08.427541 #9      _CustomZone.bindCallbackGuarded.<anonymous closure> (dart:async/zone.dart:1249:23)
[WrapWithProviderScope] 2024-12-19T11:48:08.427541 #10     _rootRun (dart:async/zone.dart:1399:13)
[WrapWithProviderScope] 2024-12-19T11:48:08.427541 #11     _CustomZone.run (dart:async/zone.dart:1301:19)
[WrapWithProviderScope] 2024-12-19T11:48:08.427541 #12     _CustomZone.bindCallback.<anonymous closure> (dart:async/zone.dart:1233:23)
[WrapWithProviderScope] 2024-12-19T11:48:08.427541 #13     Timer._createTimer.<anonymous closure> (dart:async-patch/timer_patch.dart:18:15)
[WrapWithProviderScope] 2024-12-19T11:48:08.427541 #14     _Timer._runTimers (dart:isolate-patch/timer_impl.dart:398:19)
[WrapWithProviderScope] 2024-12-19T11:48:08.427541 #15     _Timer._handleMessage (dart:isolate-patch/timer_impl.dart:429:5)
[WrapWithProviderScope] 2024-12-19T11:48:08.427541 #16     _RawReceivePort._handleMessage (dart:isolate-patch/isolate_patch.dart:184:12)
[WrapWithProviderScope] 2024-12-19T11:48:08.427541
[WrapWithConsumer] 2024-12-19T11:48:08.449502 Plugin WrapWithConsumer threw while analyzing C:\dev\esameCross\cross_platform_its_aapn_2024\pokedex\lib\src\pages\details_page.dart:
[WrapWithConsumer] 2024-12-19T11:48:08.449502 InconsistentAnalysisException: Requested result might be inconsistent with previously returned results
[WrapWithConsumer] 2024-12-19T11:48:08.449502
[WrapWithConsumer] 2024-12-19T11:48:08.449502 #0      AnalysisSessionImpl.checkConsistency (package:analyzer/src/dart/analysis/session.dart:54:7)
[WrapWithConsumer] 2024-12-19T11:48:08.449502 #1      AnalysisSessionImpl.getResolvedUnit (package:analyzer/src/dart/analysis/session.dart:129:5)
[WrapWithConsumer] 2024-12-19T11:48:08.449502 #2      ChangeBuilderImpl._createDartFileEditBuilder (package:analyzer_plugin/src/utilities/change_builder/change_builder_core.dart:287:33)
[WrapWithConsumer] 2024-12-19T11:48:08.449502 #3      ChangeBuilderImpl.addDartFileEdit (package:analyzer_plugin/src/utilities/change_builder/change_builder_core.dart:136:23)
[WrapWithConsumer] 2024-12-19T11:48:08.449502 #4      ChangeBuilderImpl.addDartFileEdit.<anonymous closure> (package:custom_lint_core/src/change_reporter.dart:241:35)
[WrapWithConsumer] 2024-12-19T11:48:08.449502 #5      new Future.<anonymous closure> (dart:async/future.dart:258:40)
[WrapWithConsumer] 2024-12-19T11:48:08.449502 #6      _rootRun (dart:async/zone.dart:1391:47)
[WrapWithConsumer] 2024-12-19T11:48:08.449502 #7      _CustomZone.run (dart:async/zone.dart:1301:19)
[WrapWithConsumer] 2024-12-19T11:48:08.449502 #8      _CustomZone.runGuarded (dart:async/zone.dart:1209:7)
[WrapWithConsumer] 2024-12-19T11:48:08.449502 #9      _CustomZone.bindCallbackGuarded.<anonymous closure> (dart:async/zone.dart:1249:23)
[WrapWithConsumer] 2024-12-19T11:48:08.449502 #10     _rootRun (dart:async/zone.dart:1399:13)
[WrapWithConsumer] 2024-12-19T11:48:08.449502 #11     _CustomZone.run (dart:async/zone.dart:1301:19)
[WrapWithConsumer] 2024-12-19T11:48:08.449502 #12     _CustomZone.bindCallback.<anonymous closure> (dart:async/zone.dart:1233:23)
[WrapWithConsumer] 2024-12-19T11:48:08.449502 #13     Timer._createTimer.<anonymous closure> (dart:async-patch/timer_patch.dart:18:15)
[WrapWithConsumer] 2024-12-19T11:48:08.449502 #14     _Timer._runTimers (dart:isolate-patch/timer_impl.dart:398:19)
[WrapWithConsumer] 2024-12-19T11:48:08.449502 #15     _Timer._handleMessage (dart:isolate-patch/timer_impl.dart:429:5)
[WrapWithConsumer] 2024-12-19T11:48:08.449502 #16     _RawReceivePort._handleMessage (dart:isolate-patch/isolate_patch.dart:184:12)
[WrapWithConsumer] 2024-12-19T11:48:08.449502
[WrapWithProviderScope] 2024-12-19T11:48:08.470785 Plugin WrapWithProviderScope threw while analyzing C:\dev\esameCross\cross_platform_its_aapn_2024\pokedex\lib\src\pages\details_page.dart:
[WrapWithProviderScope] 2024-12-19T11:48:08.470785 InconsistentAnalysisException: Requested result might be inconsistent with previously returned results
[WrapWithProviderScope] 2024-12-19T11:48:08.470785
[WrapWithProviderScope] 2024-12-19T11:48:08.470785 #0      AnalysisSessionImpl.checkConsistency (package:analyzer/src/dart/analysis/session.dart:54:7)
[WrapWithProviderScope] 2024-12-19T11:48:08.470785 #1      AnalysisSessionImpl.getResolvedUnit (package:analyzer/src/dart/analysis/session.dart:129:5)
[WrapWithProviderScope] 2024-12-19T11:48:08.470785 #2      ChangeBuilderImpl._createDartFileEditBuilder (package:analyzer_plugin/src/utilities/change_builder/change_builder_core.dart:287:33)
[WrapWithProviderScope] 2024-12-19T11:48:08.470785 #3      ChangeBuilderImpl.addDartFileEdit (package:analyzer_plugin/src/utilities/change_builder/change_builder_core.dart:136:23)
[WrapWithProviderScope] 2024-12-19T11:48:08.470785 #4      ChangeBuilderImpl.addDartFileEdit.<anonymous closure> (package:custom_lint_core/src/change_reporter.dart:241:35)
[WrapWithProviderScope] 2024-12-19T11:48:08.470785 #5      new Future.<anonymous closure> (dart:async/future.dart:258:40)
[WrapWithProviderScope] 2024-12-19T11:48:08.470785 #6      _rootRun (dart:async/zone.dart:1391:47)
[WrapWithProviderScope] 2024-12-19T11:48:08.470785 #7      _CustomZone.run (dart:async/zone.dart:1301:19)
[WrapWithProviderScope] 2024-12-19T11:48:08.470785 #8      _CustomZone.runGuarded (dart:async/zone.dart:1209:7)
[WrapWithProviderScope] 2024-12-19T11:48:08.470785 #9      _CustomZone.bindCallbackGuarded.<anonymous closure> (dart:async/zone.dart:1249:23)
[WrapWithProviderScope] 2024-12-19T11:48:08.470785 #10     _rootRun (dart:async/zone.dart:1399:13)
[WrapWithProviderScope] 2024-12-19T11:48:08.470785 #11     _CustomZone.run (dart:async/zone.dart:1301:19)
[WrapWithProviderScope] 2024-12-19T11:48:08.470785 #12     _CustomZone.bindCallback.<anonymous closure> (dart:async/zone.dart:1233:23)
[WrapWithProviderScope] 2024-12-19T11:48:08.470785 #13     Timer._createTimer.<anonymous closure> (dart:async-patch/timer_patch.dart:18:15)
[WrapWithProviderScope] 2024-12-19T11:48:08.470785 #14     _Timer._runTimers (dart:isolate-patch/timer_impl.dart:398:19)
[WrapWithProviderScope] 2024-12-19T11:48:08.470785 #15     _Timer._handleMessage (dart:isolate-patch/timer_impl.dart:429:5)
[WrapWithProviderScope] 2024-12-19T11:48:08.470785 #16     _RawReceivePort._handleMessage (dart:isolate-patch/isolate_patch.dart:184:12)
[WrapWithProviderScope] 2024-12-19T11:48:08.470785
[WrapWithConsumer] 2024-12-19T11:48:08.489304 Plugin WrapWithConsumer threw while analyzing C:\dev\esameCross\cross_platform_its_aapn_2024\pokedex\lib\src\pages\details_page.dart:
[WrapWithConsumer] 2024-12-19T11:48:08.489304 InconsistentAnalysisException: Requested result might be inconsistent with previously returned results
[WrapWithConsumer] 2024-12-19T11:48:08.489304
[WrapWithConsumer] 2024-12-19T11:48:08.489304 #0      AnalysisSessionImpl.checkConsistency (package:analyzer/src/dart/analysis/session.dart:54:7)
[WrapWithConsumer] 2024-12-19T11:48:08.489304 #1      AnalysisSessionImpl.getResolvedUnit (package:analyzer/src/dart/analysis/session.dart:129:5)
[WrapWithConsumer] 2024-12-19T11:48:08.489304 #2      ChangeBuilderImpl._createDartFileEditBuilder (package:analyzer_plugin/src/utilities/change_builder/change_builder_core.dart:287:33)
[WrapWithConsumer] 2024-12-19T11:48:08.489304 #3      ChangeBuilderImpl.addDartFileEdit (package:analyzer_plugin/src/utilities/change_builder/change_builder_core.dart:136:23)
[WrapWithConsumer] 2024-12-19T11:48:08.489304 #4      ChangeBuilderImpl.addDartFileEdit.<anonymous closure> (package:custom_lint_core/src/change_reporter.dart:241:35)
[WrapWithConsumer] 2024-12-19T11:48:08.489304 #5      new Future.<anonymous closure> (dart:async/future.dart:258:40)
[WrapWithConsumer] 2024-12-19T11:48:08.489304 #6      _rootRun (dart:async/zone.dart:1391:47)
[WrapWithConsumer] 2024-12-19T11:48:08.489304 #7      _CustomZone.run (dart:async/zone.dart:1301:19)
[WrapWithConsumer] 2024-12-19T11:48:08.489304 #8      _CustomZone.runGuarded (dart:async/zone.dart:1209:7)
[WrapWithConsumer] 2024-12-19T11:48:08.489304 #9      _CustomZone.bindCallbackGuarded.<anonymous closure> (dart:async/zone.dart:1249:23)
[WrapWithConsumer] 2024-12-19T11:48:08.489304 #10     _rootRun (dart:async/zone.dart:1399:13)
[WrapWithConsumer] 2024-12-19T11:48:08.489304 #11     _CustomZone.run (dart:async/zone.dart:1301:19)
[WrapWithConsumer] 2024-12-19T11:48:08.489304 #12     _CustomZone.bindCallback.<anonymous closure> (dart:async/zone.dart:1233:23)
[WrapWithConsumer] 2024-12-19T11:48:08.489304 #13     Timer._createTimer.<anonymous closure> (dart:async-patch/timer_patch.dart:18:15)
[WrapWithConsumer] 2024-12-19T11:48:08.489304 #14     _Timer._runTimers (dart:isolate-patch/timer_impl.dart:398:19)
[WrapWithConsumer] 2024-12-19T11:48:08.489304 #15     _Timer._handleMessage (dart:isolate-patch/timer_impl.dart:429:5)
[WrapWithConsumer] 2024-12-19T11:48:08.489304 #16     _RawReceivePort._handleMessage (dart:isolate-patch/isolate_patch.dart:184:12)
[WrapWithConsumer] 2024-12-19T11:48:08.489304
[WrapWithProviderScope] 2024-12-19T11:48:08.509686 Plugin WrapWithProviderScope threw while analyzing C:\dev\esameCross\cross_platform_its_aapn_2024\pokedex\lib\src\pages\details_page.dart:
[WrapWithProviderScope] 2024-12-19T11:48:08.509686 InconsistentAnalysisException: Requested result might be inconsistent with previously returned results
[WrapWithProviderScope] 2024-12-19T11:48:08.509686
[WrapWithProviderScope] 2024-12-19T11:48:08.509686 #0      AnalysisSessionImpl.checkConsistency (package:analyzer/src/dart/analysis/session.dart:54:7)
[WrapWithProviderScope] 2024-12-19T11:48:08.509686 #1      AnalysisSessionImpl.getResolvedUnit (package:analyzer/src/dart/analysis/session.dart:129:5)
[WrapWithProviderScope] 2024-12-19T11:48:08.509686 #2      ChangeBuilderImpl._createDartFileEditBuilder (package:analyzer_plugin/src/utilities/change_builder/change_builder_core.dart:287:33)
[WrapWithProviderScope] 2024-12-19T11:48:08.509686 #3      ChangeBuilderImpl.addDartFileEdit (package:analyzer_plugin/src/utilities/change_builder/change_builder_core.dart:136:23)
[WrapWithProviderScope] 2024-12-19T11:48:08.509686 #4      ChangeBuilderImpl.addDartFileEdit.<anonymous closure> (package:custom_lint_core/src/change_reporter.dart:241:35)
[WrapWithProviderScope] 2024-12-19T11:48:08.509686 #5      new Future.<anonymous closure> (dart:async/future.dart:258:40)
[WrapWithProviderScope] 2024-12-19T11:48:08.509686 #6      _rootRun (dart:async/zone.dart:1391:47)
[WrapWithProviderScope] 2024-12-19T11:48:08.509686 #7      _CustomZone.run (dart:async/zone.dart:1301:19)
[WrapWithProviderScope] 2024-12-19T11:48:08.509686 #8      _CustomZone.runGuarded (dart:async/zone.dart:1209:7)
[WrapWithProviderScope] 2024-12-19T11:48:08.509686 #9      _CustomZone.bindCallbackGuarded.<anonymous closure> (dart:async/zone.dart:1249:23)
[WrapWithProviderScope] 2024-12-19T11:48:08.509686 #10     _rootRun (dart:async/zone.dart:1399:13)
[WrapWithProviderScope] 2024-12-19T11:48:08.509686 #11     _CustomZone.run (dart:async/zone.dart:1301:19)
[WrapWithProviderScope] 2024-12-19T11:48:08.509686 #12     _CustomZone.bindCallback.<anonymous closure> (dart:async/zone.dart:1233:23)
[WrapWithProviderScope] 2024-12-19T11:48:08.509686 #13     Timer._createTimer.<anonymous closure> (dart:async-patch/timer_patch.dart:18:15)
[WrapWithProviderScope] 2024-12-19T11:48:08.509686 #14     _Timer._runTimers (dart:isolate-patch/timer_impl.dart:398:19)
[WrapWithProviderScope] 2024-12-19T11:48:08.509686 #15     _Timer._handleMessage (dart:isolate-patch/timer_impl.dart:429:5)
[WrapWithProviderScope] 2024-12-19T11:48:08.509686 #16     _RawReceivePort._handleMessage (dart:isolate-patch/isolate_patch.dart:184:12)
[WrapWithProviderScope] 2024-12-19T11:48:08.509686
[WrapWithConsumer] 2024-12-19T11:48:08.529393 Plugin WrapWithConsumer threw while analyzing C:\dev\esameCross\cross_platform_its_aapn_2024\pokedex\lib\src\pages\details_page.dart:
[WrapWithConsumer] 2024-12-19T11:48:08.529393 InconsistentAnalysisException: Requested result might be inconsistent with previously returned results
[WrapWithConsumer] 2024-12-19T11:48:08.529393
[WrapWithConsumer] 2024-12-19T11:48:08.529393 #0      AnalysisSessionImpl.checkConsistency (package:analyzer/src/dart/analysis/session.dart:54:7)
[WrapWithConsumer] 2024-12-19T11:48:08.529393 #1      AnalysisSessionImpl.getResolvedUnit (package:analyzer/src/dart/analysis/session.dart:129:5)
[WrapWithConsumer] 2024-12-19T11:48:08.529393 #2      ChangeBuilderImpl._createDartFileEditBuilder (package:analyzer_plugin/src/utilities/change_builder/change_builder_core.dart:287:33)
[WrapWithConsumer] 2024-12-19T11:48:08.529393 #3      ChangeBuilderImpl.addDartFileEdit (package:analyzer_plugin/src/utilities/change_builder/change_builder_core.dart:136:23)
[WrapWithConsumer] 2024-12-19T11:48:08.529393 #4      ChangeBuilderImpl.addDartFileEdit.<anonymous closure> (package:custom_lint_core/src/change_reporter.dart:241:35)
[WrapWithConsumer] 2024-12-19T11:48:08.529393 #5      new Future.<anonymous closure> (dart:async/future.dart:258:40)
[WrapWithConsumer] 2024-12-19T11:48:08.529393 #6      _rootRun (dart:async/zone.dart:1391:47)
[WrapWithConsumer] 2024-12-19T11:48:08.529393 #7      _CustomZone.run (dart:async/zone.dart:1301:19)
[WrapWithConsumer] 2024-12-19T11:48:08.529393 #8      _CustomZone.runGuarded (dart:async/zone.dart:1209:7)
[WrapWithConsumer] 2024-12-19T11:48:08.529393 #9      _CustomZone.bindCallbackGuarded.<anonymous closure> (dart:async/zone.dart:1249:23)
[WrapWithConsumer] 2024-12-19T11:48:08.529393 #10     _rootRun (dart:async/zone.dart:1399:13)
[WrapWithConsumer] 2024-12-19T11:48:08.529393 #11     _CustomZone.run (dart:async/zone.dart:1301:19)
[WrapWithConsumer] 2024-12-19T11:48:08.529393 #12     _CustomZone.bindCallback.<anonymous closure> (dart:async/zone.dart:1233:23)
[WrapWithConsumer] 2024-12-19T11:48:08.529393 #13     Timer._createTimer.<anonymous closure> (dart:async-patch/timer_patch.dart:18:15)
[WrapWithConsumer] 2024-12-19T11:48:08.529393 #14     _Timer._runTimers (dart:isolate-patch/timer_impl.dart:398:19)
[WrapWithConsumer] 2024-12-19T11:48:08.529393 #15     _Timer._handleMessage (dart:isolate-patch/timer_impl.dart:429:5)
[WrapWithConsumer] 2024-12-19T11:48:08.529393 #16     _RawReceivePort._handleMessage (dart:isolate-patch/isolate_patch.dart:184:12)
[WrapWithConsumer] 2024-12-19T11:48:08.529393
[WrapWithProviderScope] 2024-12-19T11:48:08.547516 Plugin WrapWithProviderScope threw while analyzing C:\dev\esameCross\cross_platform_its_aapn_2024\pokedex\lib\src\pages\details_page.dart:
[WrapWithProviderScope] 2024-12-19T11:48:08.547516 InconsistentAnalysisException: Requested result might be inconsistent with previously returned results
[WrapWithProviderScope] 2024-12-19T11:48:08.547516
[WrapWithProviderScope] 2024-12-19T11:48:08.547516 #0      AnalysisSessionImpl.checkConsistency (package:analyzer/src/dart/analysis/session.dart:54:7)
[WrapWithProviderScope] 2024-12-19T11:48:08.547516 #1      AnalysisSessionImpl.getResolvedUnit (package:analyzer/src/dart/analysis/session.dart:129:5)
[WrapWithProviderScope] 2024-12-19T11:48:08.547516 #2      ChangeBuilderImpl._createDartFileEditBuilder (package:analyzer_plugin/src/utilities/change_builder/change_builder_core.dart:287:33)
[WrapWithProviderScope] 2024-12-19T11:48:08.547516 #3      ChangeBuilderImpl.addDartFileEdit (package:analyzer_plugin/src/utilities/change_builder/change_builder_core.dart:136:23)
[WrapWithProviderScope] 2024-12-19T11:48:08.547516 #4      ChangeBuilderImpl.addDartFileEdit.<anonymous closure> (package:custom_lint_core/src/change_reporter.dart:241:35)
[WrapWithProviderScope] 2024-12-19T11:48:08.547516 #5      new Future.<anonymous closure> (dart:async/future.dart:258:40)
[WrapWithProviderScope] 2024-12-19T11:48:08.547516 #6      _rootRun (dart:async/zone.dart:1391:47)
[WrapWithProviderScope] 2024-12-19T11:48:08.547516 #7      _CustomZone.run (dart:async/zone.dart:1301:19)
[WrapWithProviderScope] 2024-12-19T11:48:08.547516 #8      _CustomZone.runGuarded (dart:async/zone.dart:1209:7)
[WrapWithProviderScope] 2024-12-19T11:48:08.547516 #9      _CustomZone.bindCallbackGuarded.<anonymous closure> (dart:async/zone.dart:1249:23)
[WrapWithProviderScope] 2024-12-19T11:48:08.547516 #10     _rootRun (dart:async/zone.dart:1399:13)
[WrapWithProviderScope] 2024-12-19T11:48:08.547516 #11     _CustomZone.run (dart:async/zone.dart:1301:19)
[WrapWithProviderScope] 2024-12-19T11:48:08.547516 #12     _CustomZone.bindCallback.<anonymous closure> (dart:async/zone.dart:1233:23)
[WrapWithProviderScope] 2024-12-19T11:48:08.547516 #13     Timer._createTimer.<anonymous closure> (dart:async-patch/timer_patch.dart:18:15)
[WrapWithProviderScope] 2024-12-19T11:48:08.547516 #14     _Timer._runTimers (dart:isolate-patch/timer_impl.dart:398:19)
[WrapWithProviderScope] 2024-12-19T11:48:08.547516 #15     _Timer._handleMessage (dart:isolate-patch/timer_impl.dart:429:5)
[WrapWithProviderScope] 2024-12-19T11:48:08.547516 #16     _RawReceivePort._handleMessage (dart:isolate-patch/isolate_patch.dart:184:12)
[WrapWithProviderScope] 2024-12-19T11:48:08.547516
[WrapWithConsumer] 2024-12-19T11:48:08.565187 Plugin WrapWithConsumer threw while analyzing C:\dev\esameCross\cross_platform_its_aapn_2024\pokedex\lib\src\pages\details_page.dart:
[WrapWithConsumer] 2024-12-19T11:48:08.565187 InconsistentAnalysisException: Requested result might be inconsistent with previously returned results
[WrapWithConsumer] 2024-12-19T11:48:08.565187
[WrapWithConsumer] 2024-12-19T11:48:08.565187 #0      AnalysisSessionImpl.checkConsistency (package:analyzer/src/dart/analysis/session.dart:54:7)
[WrapWithConsumer] 2024-12-19T11:48:08.565187 #1      AnalysisSessionImpl.getResolvedUnit (package:analyzer/src/dart/analysis/session.dart:129:5)
[WrapWithConsumer] 2024-12-19T11:48:08.565187 #2      ChangeBuilderImpl._createDartFileEditBuilder (package:analyzer_plugin/src/utilities/change_builder/change_builder_core.dart:287:33)
[WrapWithConsumer] 2024-12-19T11:48:08.565187 #3      ChangeBuilderImpl.addDartFileEdit (package:analyzer_plugin/src/utilities/change_builder/change_builder_core.dart:136:23)
[WrapWithConsumer] 2024-12-19T11:48:08.565187 #4      ChangeBuilderImpl.addDartFileEdit.<anonymous closure> (package:custom_lint_core/src/change_reporter.dart:241:35)
[WrapWithConsumer] 2024-12-19T11:48:08.565187 #5      new Future.<anonymous closure> (dart:async/future.dart:258:40)
[WrapWithConsumer] 2024-12-19T11:48:08.565187 #6      _rootRun (dart:async/zone.dart:1391:47)
[WrapWithConsumer] 2024-12-19T11:48:08.565187 #7      _CustomZone.run (dart:async/zone.dart:1301:19)
[WrapWithConsumer] 2024-12-19T11:48:08.565187 #8      _CustomZone.runGuarded (dart:async/zone.dart:1209:7)
[WrapWithConsumer] 2024-12-19T11:48:08.565187 #9      _CustomZone.bindCallbackGuarded.<anonymous closure> (dart:async/zone.dart:1249:23)
[WrapWithConsumer] 2024-12-19T11:48:08.565187 #10     _rootRun (dart:async/zone.dart:1399:13)
[WrapWithConsumer] 2024-12-19T11:48:08.565187 #11     _CustomZone.run (dart:async/zone.dart:1301:19)
[WrapWithConsumer] 2024-12-19T11:48:08.565187 #12     _CustomZone.bindCallback.<anonymous closure> (dart:async/zone.dart:1233:23)
[WrapWithConsumer] 2024-12-19T11:48:08.565187 #13     Timer._createTimer.<anonymous closure> (dart:async-patch/timer_patch.dart:18:15)
[WrapWithConsumer] 2024-12-19T11:48:08.565187 #14     _Timer._runTimers (dart:isolate-patch/timer_impl.dart:398:19)
[WrapWithConsumer] 2024-12-19T11:48:08.565187 #15     _Timer._handleMessage (dart:isolate-patch/timer_impl.dart:429:5)
[WrapWithConsumer] 2024-12-19T11:48:08.565187 #16     _RawReceivePort._handleMessage (dart:isolate-patch/isolate_patch.dart:184:12)
[WrapWithConsumer] 2024-12-19T11:48:08.565187
[WrapWithProviderScope] 2024-12-19T11:48:08.583964 Plugin WrapWithProviderScope threw while analyzing C:\dev\esameCross\cross_platform_its_aapn_2024\pokedex\lib\src\pages\details_page.dart:
[WrapWithProviderScope] 2024-12-19T11:48:08.583964 InconsistentAnalysisException: Requested result might be inconsistent with previously returned results
[WrapWithProviderScope] 2024-12-19T11:48:08.583964
[WrapWithProviderScope] 2024-12-19T11:48:08.583964 #0      AnalysisSessionImpl.checkConsistency (package:analyzer/src/dart/analysis/session.dart:54:7)
[WrapWithProviderScope] 2024-12-19T11:48:08.583964 #1      AnalysisSessionImpl.getResolvedUnit (package:analyzer/src/dart/analysis/session.dart:129:5)
[WrapWithProviderScope] 2024-12-19T11:48:08.583964 #2      ChangeBuilderImpl._createDartFileEditBuilder (package:analyzer_plugin/src/utilities/change_builder/change_builder_core.dart:287:33)
[WrapWithProviderScope] 2024-12-19T11:48:08.583964 #3      ChangeBuilderImpl.addDartFileEdit (package:analyzer_plugin/src/utilities/change_builder/change_builder_core.dart:136:23)
[WrapWithProviderScope] 2024-12-19T11:48:08.583964 #4      ChangeBuilderImpl.addDartFileEdit.<anonymous closure> (package:custom_lint_core/src/change_reporter.dart:241:35)
[WrapWithProviderScope] 2024-12-19T11:48:08.583964 #5      new Future.<anonymous closure> (dart:async/future.dart:258:40)
[WrapWithProviderScope] 2024-12-19T11:48:08.583964 #6      _rootRun (dart:async/zone.dart:1391:47)
[WrapWithProviderScope] 2024-12-19T11:48:08.583964 #7      _CustomZone.run (dart:async/zone.dart:1301:19)
[WrapWithProviderScope] 2024-12-19T11:48:08.583964 #8      _CustomZone.runGuarded (dart:async/zone.dart:1209:7)
[WrapWithProviderScope] 2024-12-19T11:48:08.583964 #9      _CustomZone.bindCallbackGuarded.<anonymous closure> (dart:async/zone.dart:1249:23)
[WrapWithProviderScope] 2024-12-19T11:48:08.583964 #10     _rootRun (dart:async/zone.dart:1399:13)
[WrapWithProviderScope] 2024-12-19T11:48:08.583964 #11     _CustomZone.run (dart:async/zone.dart:1301:19)
[WrapWithProviderScope] 2024-12-19T11:48:08.583964 #12     _CustomZone.bindCallback.<anonymous closure> (dart:async/zone.dart:1233:23)
[WrapWithProviderScope] 2024-12-19T11:48:08.583964 #13     Timer._createTimer.<anonymous closure> (dart:async-patch/timer_patch.dart:18:15)
[WrapWithProviderScope] 2024-12-19T11:48:08.583964 #14     _Timer._runTimers (dart:isolate-patch/timer_impl.dart:398:19)
[WrapWithProviderScope] 2024-12-19T11:48:08.583964 #15     _Timer._handleMessage (dart:isolate-patch/timer_impl.dart:429:5)
[WrapWithProviderScope] 2024-12-19T11:48:08.583964 #16     _RawReceivePort._handleMessage (dart:isolate-patch/isolate_patch.dart:184:12)
[WrapWithProviderScope] 2024-12-19T11:48:08.583964
[WrapWithConsumer] 2024-12-19T11:48:08.604857 Plugin WrapWithConsumer threw while analyzing C:\dev\esameCross\cross_platform_its_aapn_2024\pokedex\lib\src\pages\details_page.dart:
[WrapWithConsumer] 2024-12-19T11:48:08.604857 InconsistentAnalysisException: Requested result might be inconsistent with previously returned results
[WrapWithConsumer] 2024-12-19T11:48:08.604857
[WrapWithConsumer] 2024-12-19T11:48:08.604857 #0      AnalysisSessionImpl.checkConsistency (package:analyzer/src/dart/analysis/session.dart:54:7)
[WrapWithConsumer] 2024-12-19T11:48:08.604857 #1      AnalysisSessionImpl.getResolvedUnit (package:analyzer/src/dart/analysis/session.dart:129:5)
[WrapWithConsumer] 2024-12-19T11:48:08.604857 #2      ChangeBuilderImpl._createDartFileEditBuilder (package:analyzer_plugin/src/utilities/change_builder/change_builder_core.dart:287:33)
[WrapWithConsumer] 2024-12-19T11:48:08.604857 #3      ChangeBuilderImpl.addDartFileEdit (package:analyzer_plugin/src/utilities/change_builder/change_builder_core.dart:136:23)
[WrapWithConsumer] 2024-12-19T11:48:08.604857 #4      ChangeBuilderImpl.addDartFileEdit.<anonymous closure> (package:custom_lint_core/src/change_reporter.dart:241:35)
[WrapWithConsumer] 2024-12-19T11:48:08.604857 #5      new Future.<anonymous closure> (dart:async/future.dart:258:40)
[WrapWithConsumer] 2024-12-19T11:48:08.604857 #6      _rootRun (dart:async/zone.dart:1391:47)
[WrapWithConsumer] 2024-12-19T11:48:08.604857 #7      _CustomZone.run (dart:async/zone.dart:1301:19)
[WrapWithConsumer] 2024-12-19T11:48:08.604857 #8      _CustomZone.runGuarded (dart:async/zone.dart:1209:7)
[WrapWithConsumer] 2024-12-19T11:48:08.604857 #9      _CustomZone.bindCallbackGuarded.<anonymous closure> (dart:async/zone.dart:1249:23)
[WrapWithConsumer] 2024-12-19T11:48:08.604857 #10     _rootRun (dart:async/zone.dart:1399:13)
[WrapWithConsumer] 2024-12-19T11:48:08.604857 #11     _CustomZone.run (dart:async/zone.dart:1301:19)
[WrapWithConsumer] 2024-12-19T11:48:08.604857 #12     _CustomZone.bindCallback.<anonymous closure> (dart:async/zone.dart:1233:23)
[WrapWithConsumer] 2024-12-19T11:48:08.604857 #13     Timer._createTimer.<anonymous closure> (dart:async-patch/timer_patch.dart:18:15)
[WrapWithConsumer] 2024-12-19T11:48:08.604857 #14     _Timer._runTimers (dart:isolate-patch/timer_impl.dart:398:19)
[WrapWithConsumer] 2024-12-19T11:48:08.604857 #15     _Timer._handleMessage (dart:isolate-patch/timer_impl.dart:429:5)
[WrapWithConsumer] 2024-12-19T11:48:08.604857 #16     _RawReceivePort._handleMessage (dart:isolate-patch/isolate_patch.dart:184:12)
[WrapWithConsumer] 2024-12-19T11:48:08.604857
[WrapWithProviderScope] 2024-12-19T11:48:08.622211 Plugin WrapWithProviderScope threw while analyzing C:\dev\esameCross\cross_platform_its_aapn_2024\pokedex\lib\src\pages\details_page.dart:
[WrapWithProviderScope] 2024-12-19T11:48:08.622211 InconsistentAnalysisException: Requested result might be inconsistent with previously returned results
[WrapWithProviderScope] 2024-12-19T11:48:08.622211
[WrapWithProviderScope] 2024-12-19T11:48:08.622211 #0      AnalysisSessionImpl.checkConsistency (package:analyzer/src/dart/analysis/session.dart:54:7)
[WrapWithProviderScope] 2024-12-19T11:48:08.622211 #1      AnalysisSessionImpl.getResolvedUnit (package:analyzer/src/dart/analysis/session.dart:129:5)
[WrapWithProviderScope] 2024-12-19T11:48:08.622211 #2      ChangeBuilderImpl._createDartFileEditBuilder (package:analyzer_plugin/src/utilities/change_builder/change_builder_core.dart:287:33)
[WrapWithProviderScope] 2024-12-19T11:48:08.622211 #3      ChangeBuilderImpl.addDartFileEdit (package:analyzer_plugin/src/utilities/change_builder/change_builder_core.dart:136:23)
[WrapWithProviderScope] 2024-12-19T11:48:08.622211 #4      ChangeBuilderImpl.addDartFileEdit.<anonymous closure> (package:custom_lint_core/src/change_reporter.dart:241:35)
[WrapWithProviderScope] 2024-12-19T11:48:08.622211 #5      new Future.<anonymous closure> (dart:async/future.dart:258:40)
[WrapWithProviderScope] 2024-12-19T11:48:08.622211 #6      _rootRun (dart:async/zone.dart:1391:47)
[WrapWithProviderScope] 2024-12-19T11:48:08.622211 #7      _CustomZone.run (dart:async/zone.dart:1301:19)
[WrapWithProviderScope] 2024-12-19T11:48:08.622211 #8      _CustomZone.runGuarded (dart:async/zone.dart:1209:7)
[WrapWithProviderScope] 2024-12-19T11:48:08.622211 #9      _CustomZone.bindCallbackGuarded.<anonymous closure> (dart:async/zone.dart:1249:23)
[WrapWithProviderScope] 2024-12-19T11:48:08.622211 #10     _rootRun (dart:async/zone.dart:1399:13)
[WrapWithProviderScope] 2024-12-19T11:48:08.622211 #11     _CustomZone.run (dart:async/zone.dart:1301:19)
[WrapWithProviderScope] 2024-12-19T11:48:08.622211 #12     _CustomZone.bindCallback.<anonymous closure> (dart:async/zone.dart:1233:23)
[WrapWithProviderScope] 2024-12-19T11:48:08.622211 #13     Timer._createTimer.<anonymous closure> (dart:async-patch/timer_patch.dart:18:15)
[WrapWithProviderScope] 2024-12-19T11:48:08.622211 #14     _Timer._runTimers (dart:isolate-patch/timer_impl.dart:398:19)
[WrapWithProviderScope] 2024-12-19T11:48:08.622211 #15     _Timer._handleMessage (dart:isolate-patch/timer_impl.dart:429:5)
[WrapWithProviderScope] 2024-12-19T11:48:08.622211 #16     _RawReceivePort._handleMessage (dart:isolate-patch/isolate_patch.dart:184:12)
[WrapWithProviderScope] 2024-12-19T11:48:08.622211
[ConvertToStatelessBaseWidget] 2024-12-19T12:09:47.040767 Plugin ConvertToStatelessBaseWidget threw while analyzing C:\dev\esameCross\cross_platform_its_aapn_2024\pokedex\lib\src\pages\savepokemon_page.dart:
[ConvertToStatelessBaseWidget] 2024-12-19T12:09:47.040767 InconsistentAnalysisException: Requested result might be inconsistent with previously returned results
[ConvertToStatelessBaseWidget] 2024-12-19T12:09:47.040767
[ConvertToStatelessBaseWidget] 2024-12-19T12:09:47.040767 #0      AnalysisSessionImpl.checkConsistency (package:analyzer/src/dart/analysis/session.dart:54:7)
[ConvertToStatelessBaseWidget] 2024-12-19T12:09:47.040767 #1      AnalysisSessionImpl.getResolvedUnit (package:analyzer/src/dart/analysis/session.dart:129:5)
[ConvertToStatelessBaseWidget] 2024-12-19T12:09:47.040767 #2      ChangeBuilderImpl._createDartFileEditBuilder (package:analyzer_plugin/src/utilities/change_builder/change_builder_core.dart:287:33)
[ConvertToStatelessBaseWidget] 2024-12-19T12:09:47.040767 #3      ChangeBuilderImpl.addDartFileEdit (package:analyzer_plugin/src/utilities/change_builder/change_builder_core.dart:136:23)
[ConvertToStatelessBaseWidget] 2024-12-19T12:09:47.040767 #4      ChangeBuilderImpl.addDartFileEdit.<anonymous closure> (package:custom_lint_core/src/change_reporter.dart:241:35)
[ConvertToStatelessBaseWidget] 2024-12-19T12:09:47.040767 #5      new Future.<anonymous closure> (dart:async/future.dart:258:40)
[ConvertToStatelessBaseWidget] 2024-12-19T12:09:47.040767 #6      _rootRun (dart:async/zone.dart:1391:47)
[ConvertToStatelessBaseWidget] 2024-12-19T12:09:47.040767 #7      _CustomZone.run (dart:async/zone.dart:1301:19)
[ConvertToStatelessBaseWidget] 2024-12-19T12:09:47.040767 #8      _CustomZone.runGuarded (dart:async/zone.dart:1209:7)
[ConvertToStatelessBaseWidget] 2024-12-19T12:09:47.040767 #9      _CustomZone.bindCallbackGuarded.<anonymous closure> (dart:async/zone.dart:1249:23)
[ConvertToStatelessBaseWidget] 2024-12-19T12:09:47.040767 #10     _rootRun (dart:async/zone.dart:1399:13)
[ConvertToStatelessBaseWidget] 2024-12-19T12:09:47.040767 #11     _CustomZone.run (dart:async/zone.dart:1301:19)
[ConvertToStatelessBaseWidget] 2024-12-19T12:09:47.040767 #12     _CustomZone.bindCallback.<anonymous closure> (dart:async/zone.dart:1233:23)
[ConvertToStatelessBaseWidget] 2024-12-19T12:09:47.040767 #13     Timer._createTimer.<anonymous closure> (dart:async-patch/timer_patch.dart:18:15)
[ConvertToStatelessBaseWidget] 2024-12-19T12:09:47.040767 #14     _Timer._runTimers (dart:isolate-patch/timer_impl.dart:398:19)
[ConvertToStatelessBaseWidget] 2024-12-19T12:09:47.040767 #15     _Timer._handleMessage (dart:isolate-patch/timer_impl.dart:429:5)
[ConvertToStatelessBaseWidget] 2024-12-19T12:09:47.040767 #16     _RawReceivePort._handleMessage (dart:isolate-patch/isolate_patch.dart:184:12)
[ConvertToStatelessBaseWidget] 2024-12-19T12:09:47.040767
[ConvertToStatelessBaseWidget] 2024-12-19T12:09:47.048248 Plugin ConvertToStatelessBaseWidget threw while analyzing C:\dev\esameCross\cross_platform_its_aapn_2024\pokedex\lib\src\pages\savepokemon_page.dart:
[ConvertToStatelessBaseWidget] 2024-12-19T12:09:47.048248 InconsistentAnalysisException: Requested result might be inconsistent with previously returned results
[ConvertToStatelessBaseWidget] 2024-12-19T12:09:47.048248
[ConvertToStatelessBaseWidget] 2024-12-19T12:09:47.048248 #0      AnalysisSessionImpl.checkConsistency (package:analyzer/src/dart/analysis/session.dart:54:7)
[ConvertToStatelessBaseWidget] 2024-12-19T12:09:47.048248 #1      AnalysisSessionImpl.getResolvedUnit (package:analyzer/src/dart/analysis/session.dart:129:5)
[ConvertToStatelessBaseWidget] 2024-12-19T12:09:47.048248 #2      ChangeBuilderImpl._createDartFileEditBuilder (package:analyzer_plugin/src/utilities/change_builder/change_builder_core.dart:287:33)
[ConvertToStatelessBaseWidget] 2024-12-19T12:09:47.048248 #3      ChangeBuilderImpl.addDartFileEdit (package:analyzer_plugin/src/utilities/change_builder/change_builder_core.dart:136:23)
[ConvertToStatelessBaseWidget] 2024-12-19T12:09:47.048248 #4      ChangeBuilderImpl.addDartFileEdit.<anonymous closure> (package:custom_lint_core/src/change_reporter.dart:241:35)
[ConvertToStatelessBaseWidget] 2024-12-19T12:09:47.048248 #5      new Future.<anonymous closure> (dart:async/future.dart:258:40)
[ConvertToStatelessBaseWidget] 2024-12-19T12:09:47.048248 #6      _rootRun (dart:async/zone.dart:1391:47)
[ConvertToStatelessBaseWidget] 2024-12-19T12:09:47.048248 #7      _CustomZone.run (dart:async/zone.dart:1301:19)
[ConvertToStatelessBaseWidget] 2024-12-19T12:09:47.048248 #8      _CustomZone.runGuarded (dart:async/zone.dart:1209:7)
[ConvertToStatelessBaseWidget] 2024-12-19T12:09:47.048248 #9      _CustomZone.bindCallbackGuarded.<anonymous closure> (dart:async/zone.dart:1249:23)
[ConvertToStatelessBaseWidget] 2024-12-19T12:09:47.048248 #10     _rootRun (dart:async/zone.dart:1399:13)
[ConvertToStatelessBaseWidget] 2024-12-19T12:09:47.048248 #11     _CustomZone.run (dart:async/zone.dart:1301:19)
[ConvertToStatelessBaseWidget] 2024-12-19T12:09:47.048248 #12     _CustomZone.bindCallback.<anonymous closure> (dart:async/zone.dart:1233:23)
[ConvertToStatelessBaseWidget] 2024-12-19T12:09:47.048248 #13     Timer._createTimer.<anonymous closure> (dart:async-patch/timer_patch.dart:18:15)
[ConvertToStatelessBaseWidget] 2024-12-19T12:09:47.048248 #14     _Timer._runTimers (dart:isolate-patch/timer_impl.dart:398:19)
[ConvertToStatelessBaseWidget] 2024-12-19T12:09:47.048248 #15     _Timer._handleMessage (dart:isolate-patch/timer_impl.dart:429:5)
[ConvertToStatelessBaseWidget] 2024-12-19T12:09:47.048248 #16     _RawReceivePort._handleMessage (dart:isolate-patch/isolate_patch.dart:184:12)
[ConvertToStatelessBaseWidget] 2024-12-19T12:09:47.048248
[ConvertToStatefulBaseWidget] 2024-12-19T12:09:47.072136 Plugin ConvertToStatefulBaseWidget threw while analyzing C:\dev\esameCross\cross_platform_its_aapn_2024\pokedex\lib\src\pages\savepokemon_page.dart:
[ConvertToStatefulBaseWidget] 2024-12-19T12:09:47.072136 InconsistentAnalysisException: Requested result might be inconsistent with previously returned results
[ConvertToStatefulBaseWidget] 2024-12-19T12:09:47.072136
[ConvertToStatefulBaseWidget] 2024-12-19T12:09:47.072136 #0      AnalysisSessionImpl.checkConsistency (package:analyzer/src/dart/analysis/session.dart:54:7)
[ConvertToStatefulBaseWidget] 2024-12-19T12:09:47.072136 #1      AnalysisSessionImpl.getResolvedUnit (package:analyzer/src/dart/analysis/session.dart:129:5)
[ConvertToStatefulBaseWidget] 2024-12-19T12:09:47.072136 #2      ChangeBuilderImpl._createDartFileEditBuilder (package:analyzer_plugin/src/utilities/change_builder/change_builder_core.dart:287:33)
[ConvertToStatefulBaseWidget] 2024-12-19T12:09:47.072136 #3      ChangeBuilderImpl.addDartFileEdit (package:analyzer_plugin/src/utilities/change_builder/change_builder_core.dart:136:23)
[ConvertToStatefulBaseWidget] 2024-12-19T12:09:47.072136 #4      ChangeBuilderImpl.addDartFileEdit.<anonymous closure> (package:custom_lint_core/src/change_reporter.dart:241:35)
[ConvertToStatefulBaseWidget] 2024-12-19T12:09:47.072136 #5      new Future.<anonymous closure> (dart:async/future.dart:258:40)
[ConvertToStatefulBaseWidget] 2024-12-19T12:09:47.072136 #6      _rootRun (dart:async/zone.dart:1391:47)
[ConvertToStatefulBaseWidget] 2024-12-19T12:09:47.072136 #7      _CustomZone.run (dart:async/zone.dart:1301:19)
[ConvertToStatefulBaseWidget] 2024-12-19T12:09:47.072136 #8      _CustomZone.runGuarded (dart:async/zone.dart:1209:7)
[ConvertToStatefulBaseWidget] 2024-12-19T12:09:47.072136 #9      _CustomZone.bindCallbackGuarded.<anonymous closure> (dart:async/zone.dart:1249:23)
[ConvertToStatefulBaseWidget] 2024-12-19T12:09:47.072136 #10     _rootRun (dart:async/zone.dart:1399:13)
[ConvertToStatefulBaseWidget] 2024-12-19T12:09:47.072136 #11     _CustomZone.run (dart:async/zone.dart:1301:19)
[ConvertToStatefulBaseWidget] 2024-12-19T12:09:47.072136 #12     _CustomZone.bindCallback.<anonymous closure> (dart:async/zone.dart:1233:23)
[ConvertToStatefulBaseWidget] 2024-12-19T12:09:47.072136 #13     Timer._createTimer.<anonymous closure> (dart:async-patch/timer_patch.dart:18:15)
[ConvertToStatefulBaseWidget] 2024-12-19T12:09:47.072136 #14     _Timer._runTimers (dart:isolate-patch/timer_impl.dart:398:19)
[ConvertToStatefulBaseWidget] 2024-12-19T12:09:47.072136 #15     _Timer._handleMessage (dart:isolate-patch/timer_impl.dart:429:5)
[ConvertToStatefulBaseWidget] 2024-12-19T12:09:47.072136 #16     _RawReceivePort._handleMessage (dart:isolate-patch/isolate_patch.dart:184:12)
[ConvertToStatefulBaseWidget] 2024-12-19T12:09:47.072136
[WrapWithConsumer] 2024-12-19T12:09:47.115956 Plugin WrapWithConsumer threw while analyzing C:\dev\esameCross\cross_platform_its_aapn_2024\pokedex\lib\src\pages\savepokemon_page.dart:
[WrapWithConsumer] 2024-12-19T12:09:47.115956 InconsistentAnalysisException: Requested result might be inconsistent with previously returned results
[WrapWithConsumer] 2024-12-19T12:09:47.115956
[WrapWithConsumer] 2024-12-19T12:09:47.115956 #0      AnalysisSessionImpl.checkConsistency (package:analyzer/src/dart/analysis/session.dart:54:7)
[WrapWithConsumer] 2024-12-19T12:09:47.115956 #1      AnalysisSessionImpl.getResolvedUnit (package:analyzer/src/dart/analysis/session.dart:129:5)
[WrapWithConsumer] 2024-12-19T12:09:47.115956 #2      ChangeBuilderImpl._createDartFileEditBuilder (package:analyzer_plugin/src/utilities/change_builder/change_builder_core.dart:287:33)
[WrapWithConsumer] 2024-12-19T12:09:47.115956 #3      ChangeBuilderImpl.addDartFileEdit (package:analyzer_plugin/src/utilities/change_builder/change_builder_core.dart:136:23)
[WrapWithConsumer] 2024-12-19T12:09:47.115956 #4      ChangeBuilderImpl.addDartFileEdit.<anonymous closure> (package:custom_lint_core/src/change_reporter.dart:241:35)
[WrapWithConsumer] 2024-12-19T12:09:47.115956 #5      new Future.<anonymous closure> (dart:async/future.dart:258:40)
[WrapWithConsumer] 2024-12-19T12:09:47.115956 #6      _rootRun (dart:async/zone.dart:1391:47)
[WrapWithConsumer] 2024-12-19T12:09:47.115956 #7      _CustomZone.run (dart:async/zone.dart:1301:19)
[WrapWithConsumer] 2024-12-19T12:09:47.115956 #8      _CustomZone.runGuarded (dart:async/zone.dart:1209:7)
[WrapWithConsumer] 2024-12-19T12:09:47.115956 #9      _CustomZone.bindCallbackGuarded.<anonymous closure> (dart:async/zone.dart:1249:23)
[WrapWithConsumer] 2024-12-19T12:09:47.115956 #10     _rootRun (dart:async/zone.dart:1399:13)
[WrapWithConsumer] 2024-12-19T12:09:47.115956 #11     _CustomZone.run (dart:async/zone.dart:1301:19)
[WrapWithConsumer] 2024-12-19T12:09:47.115956 #12     _CustomZone.bindCallback.<anonymous closure> (dart:async/zone.dart:1233:23)
[WrapWithConsumer] 2024-12-19T12:09:47.115956 #13     Timer._createTimer.<anonymous closure> (dart:async-patch/timer_patch.dart:18:15)
[WrapWithConsumer] 2024-12-19T12:09:47.115956 #14     _Timer._runTimers (dart:isolate-patch/timer_impl.dart:398:19)
[WrapWithConsumer] 2024-12-19T12:09:47.115956 #15     _Timer._handleMessage (dart:isolate-patch/timer_impl.dart:429:5)
[WrapWithConsumer] 2024-12-19T12:09:47.115956 #16     _RawReceivePort._handleMessage (dart:isolate-patch/isolate_patch.dart:184:12)
[WrapWithConsumer] 2024-12-19T12:09:47.115956
[WrapWithProviderScope] 2024-12-19T12:09:47.120128 Plugin WrapWithProviderScope threw while analyzing C:\dev\esameCross\cross_platform_its_aapn_2024\pokedex\lib\src\pages\savepokemon_page.dart:
[WrapWithProviderScope] 2024-12-19T12:09:47.120128 InconsistentAnalysisException: Requested result might be inconsistent with previously returned results
[WrapWithProviderScope] 2024-12-19T12:09:47.120128
[WrapWithProviderScope] 2024-12-19T12:09:47.120128 #0      AnalysisSessionImpl.checkConsistency (package:analyzer/src/dart/analysis/session.dart:54:7)
[WrapWithProviderScope] 2024-12-19T12:09:47.120128 #1      AnalysisSessionImpl.getResolvedUnit (package:analyzer/src/dart/analysis/session.dart:129:5)
[WrapWithProviderScope] 2024-12-19T12:09:47.120128 #2      ChangeBuilderImpl._createDartFileEditBuilder (package:analyzer_plugin/src/utilities/change_builder/change_builder_core.dart:287:33)
[WrapWithProviderScope] 2024-12-19T12:09:47.120128 #3      ChangeBuilderImpl.addDartFileEdit (package:analyzer_plugin/src/utilities/change_builder/change_builder_core.dart:136:23)
[WrapWithProviderScope] 2024-12-19T12:09:47.120128 #4      ChangeBuilderImpl.addDartFileEdit.<anonymous closure> (package:custom_lint_core/src/change_reporter.dart:241:35)
[WrapWithProviderScope] 2024-12-19T12:09:47.120128 #5      new Future.<anonymous closure> (dart:async/future.dart:258:40)
[WrapWithProviderScope] 2024-12-19T12:09:47.120128 #6      _rootRun (dart:async/zone.dart:1391:47)
[WrapWithProviderScope] 2024-12-19T12:09:47.120128 #7      _CustomZone.run (dart:async/zone.dart:1301:19)
[WrapWithProviderScope] 2024-12-19T12:09:47.120128 #8      _CustomZone.runGuarded (dart:async/zone.dart:1209:7)
[WrapWithProviderScope] 2024-12-19T12:09:47.120128 #9      _CustomZone.bindCallbackGuarded.<anonymous closure> (dart:async/zone.dart:1249:23)
[WrapWithProviderScope] 2024-12-19T12:09:47.120128 #10     _rootRun (dart:async/zone.dart:1399:13)
[WrapWithProviderScope] 2024-12-19T12:09:47.120128 #11     _CustomZone.run (dart:async/zone.dart:1301:19)
[WrapWithProviderScope] 2024-12-19T12:09:47.120128 #12     _CustomZone.bindCallback.<anonymous closure> (dart:async/zone.dart:1233:23)
[WrapWithProviderScope] 2024-12-19T12:09:47.120128 #13     Timer._createTimer.<anonymous closure> (dart:async-patch/timer_patch.dart:18:15)
[WrapWithProviderScope] 2024-12-19T12:09:47.120128 #14     _Timer._runTimers (dart:isolate-patch/timer_impl.dart:398:19)
[WrapWithProviderScope] 2024-12-19T12:09:47.120128 #15     _Timer._handleMessage (dart:isolate-patch/timer_impl.dart:429:5)
[WrapWithProviderScope] 2024-12-19T12:09:47.120128 #16     _RawReceivePort._handleMessage (dart:isolate-patch/isolate_patch.dart:184:12)
[WrapWithProviderScope] 2024-12-19T12:09:47.120128
[WrapWithConsumer] 2024-12-19T12:09:47.152678 Plugin WrapWithConsumer threw while analyzing C:\dev\esameCross\cross_platform_its_aapn_2024\pokedex\lib\src\pages\savepokemon_page.dart:
[WrapWithConsumer] 2024-12-19T12:09:47.152678 InconsistentAnalysisException: Requested result might be inconsistent with previously returned results
[WrapWithConsumer] 2024-12-19T12:09:47.152678
[WrapWithConsumer] 2024-12-19T12:09:47.152678 #0      AnalysisSessionImpl.checkConsistency (package:analyzer/src/dart/analysis/session.dart:54:7)
[WrapWithConsumer] 2024-12-19T12:09:47.152678 #1      AnalysisSessionImpl.getResolvedUnit (package:analyzer/src/dart/analysis/session.dart:129:5)
[WrapWithConsumer] 2024-12-19T12:09:47.152678 #2      ChangeBuilderImpl._createDartFileEditBuilder (package:analyzer_plugin/src/utilities/change_builder/change_builder_core.dart:287:33)
[WrapWithConsumer] 2024-12-19T12:09:47.152678 #3      ChangeBuilderImpl.addDartFileEdit (package:analyzer_plugin/src/utilities/change_builder/change_builder_core.dart:136:23)
[WrapWithConsumer] 2024-12-19T12:09:47.152678 #4      ChangeBuilderImpl.addDartFileEdit.<anonymous closure> (package:custom_lint_core/src/change_reporter.dart:241:35)
[WrapWithConsumer] 2024-12-19T12:09:47.152678 #5      new Future.<anonymous closure> (dart:async/future.dart:258:40)
[WrapWithConsumer] 2024-12-19T12:09:47.152678 #6      _rootRun (dart:async/zone.dart:1391:47)
[WrapWithConsumer] 2024-12-19T12:09:47.152678 #7      _CustomZone.run (dart:async/zone.dart:1301:19)
[WrapWithConsumer] 2024-12-19T12:09:47.152678 #8      _CustomZone.runGuarded (dart:async/zone.dart:1209:7)
[WrapWithConsumer] 2024-12-19T12:09:47.152678 #9      _CustomZone.bindCallbackGuarded.<anonymous closure> (dart:async/zone.dart:1249:23)
[WrapWithConsumer] 2024-12-19T12:09:47.152678 #10     _rootRun (dart:async/zone.dart:1399:13)
[WrapWithConsumer] 2024-12-19T12:09:47.152678 #11     _CustomZone.run (dart:async/zone.dart:1301:19)
[WrapWithConsumer] 2024-12-19T12:09:47.152678 #12     _CustomZone.bindCallback.<anonymous closure> (dart:async/zone.dart:1233:23)
[WrapWithConsumer] 2024-12-19T12:09:47.152678 #13     Timer._createTimer.<anonymous closure> (dart:async-patch/timer_patch.dart:18:15)
[WrapWithConsumer] 2024-12-19T12:09:47.152678 #14     _Timer._runTimers (dart:isolate-patch/timer_impl.dart:398:19)
[WrapWithConsumer] 2024-12-19T12:09:47.152678 #15     _Timer._handleMessage (dart:isolate-patch/timer_impl.dart:429:5)
[WrapWithConsumer] 2024-12-19T12:09:47.152678 #16     _RawReceivePort._handleMessage (dart:isolate-patch/isolate_patch.dart:184:12)
[WrapWithConsumer] 2024-12-19T12:09:47.152678
[WrapWithProviderScope] 2024-12-19T12:09:47.183993 Plugin WrapWithProviderScope threw while analyzing C:\dev\esameCross\cross_platform_its_aapn_2024\pokedex\lib\src\pages\savepokemon_page.dart:
[WrapWithProviderScope] 2024-12-19T12:09:47.183993 InconsistentAnalysisException: Requested result might be inconsistent with previously returned results
[WrapWithProviderScope] 2024-12-19T12:09:47.183993
[WrapWithProviderScope] 2024-12-19T12:09:47.183993 #0      AnalysisSessionImpl.checkConsistency (package:analyzer/src/dart/analysis/session.dart:54:7)
[WrapWithProviderScope] 2024-12-19T12:09:47.183993 #1      AnalysisSessionImpl.getResolvedUnit (package:analyzer/src/dart/analysis/session.dart:129:5)
[WrapWithProviderScope] 2024-12-19T12:09:47.183993 #2      ChangeBuilderImpl._createDartFileEditBuilder (package:analyzer_plugin/src/utilities/change_builder/change_builder_core.dart:287:33)
[WrapWithProviderScope] 2024-12-19T12:09:47.183993 #3      ChangeBuilderImpl.addDartFileEdit (package:analyzer_plugin/src/utilities/change_builder/change_builder_core.dart:136:23)
[WrapWithProviderScope] 2024-12-19T12:09:47.183993 #4      ChangeBuilderImpl.addDartFileEdit.<anonymous closure> (package:custom_lint_core/src/change_reporter.dart:241:35)
[WrapWithProviderScope] 2024-12-19T12:09:47.183993 #5      new Future.<anonymous closure> (dart:async/future.dart:258:40)
[WrapWithProviderScope] 2024-12-19T12:09:47.183993 #6      _rootRun (dart:async/zone.dart:1391:47)
[WrapWithProviderScope] 2024-12-19T12:09:47.183993 #7      _CustomZone.run (dart:async/zone.dart:1301:19)
[WrapWithProviderScope] 2024-12-19T12:09:47.183993 #8      _CustomZone.runGuarded (dart:async/zone.dart:1209:7)
[WrapWithProviderScope] 2024-12-19T12:09:47.183993 #9      _CustomZone.bindCallbackGuarded.<anonymous closure> (dart:async/zone.dart:1249:23)
[WrapWithProviderScope] 2024-12-19T12:09:47.183993 #10     _rootRun (dart:async/zone.dart:1399:13)
[WrapWithProviderScope] 2024-12-19T12:09:47.183993 #11     _CustomZone.run (dart:async/zone.dart:1301:19)
[WrapWithProviderScope] 2024-12-19T12:09:47.183993 #12     _CustomZone.bindCallback.<anonymous closure> (dart:async/zone.dart:1233:23)
[WrapWithProviderScope] 2024-12-19T12:09:47.183993 #13     Timer._createTimer.<anonymous closure> (dart:async-patch/timer_patch.dart:18:15)
[WrapWithProviderScope] 2024-12-19T12:09:47.183993 #14     _Timer._runTimers (dart:isolate-patch/timer_impl.dart:398:19)
[WrapWithProviderScope] 2024-12-19T12:09:47.183993 #15     _Timer._handleMessage (dart:isolate-patch/timer_impl.dart:429:5)
[WrapWithProviderScope] 2024-12-19T12:09:47.183993 #16     _RawReceivePort._handleMessage (dart:isolate-patch/isolate_patch.dart:184:12)
[WrapWithProviderScope] 2024-12-19T12:09:47.183993
[WrapWithConsumer] 2024-12-19T12:09:47.207778 Plugin WrapWithConsumer threw while analyzing C:\dev\esameCross\cross_platform_its_aapn_2024\pokedex\lib\src\pages\savepokemon_page.dart:
[WrapWithConsumer] 2024-12-19T12:09:47.207778 InconsistentAnalysisException: Requested result might be inconsistent with previously returned results
[WrapWithConsumer] 2024-12-19T12:09:47.207778
[WrapWithConsumer] 2024-12-19T12:09:47.207778 #0      AnalysisSessionImpl.checkConsistency (package:analyzer/src/dart/analysis/session.dart:54:7)
[WrapWithConsumer] 2024-12-19T12:09:47.207778 #1      AnalysisSessionImpl.getResolvedUnit (package:analyzer/src/dart/analysis/session.dart:129:5)
[WrapWithConsumer] 2024-12-19T12:09:47.207778 #2      ChangeBuilderImpl._createDartFileEditBuilder (package:analyzer_plugin/src/utilities/change_builder/change_builder_core.dart:287:33)
[WrapWithConsumer] 2024-12-19T12:09:47.207778 #3      ChangeBuilderImpl.addDartFileEdit (package:analyzer_plugin/src/utilities/change_builder/change_builder_core.dart:136:23)
[WrapWithConsumer] 2024-12-19T12:09:47.207778 #4      ChangeBuilderImpl.addDartFileEdit.<anonymous closure> (package:custom_lint_core/src/change_reporter.dart:241:35)
[WrapWithConsumer] 2024-12-19T12:09:47.207778 #5      new Future.<anonymous closure> (dart:async/future.dart:258:40)
[WrapWithConsumer] 2024-12-19T12:09:47.207778 #6      _rootRun (dart:async/zone.dart:1391:47)
[WrapWithConsumer] 2024-12-19T12:09:47.207778 #7      _CustomZone.run (dart:async/zone.dart:1301:19)
[WrapWithConsumer] 2024-12-19T12:09:47.207778 #8      _CustomZone.runGuarded (dart:async/zone.dart:1209:7)
[WrapWithConsumer] 2024-12-19T12:09:47.207778 #9      _CustomZone.bindCallbackGuarded.<anonymous closure> (dart:async/zone.dart:1249:23)
[WrapWithConsumer] 2024-12-19T12:09:47.207778 #10     _rootRun (dart:async/zone.dart:1399:13)
[WrapWithConsumer] 2024-12-19T12:09:47.207778 #11     _CustomZone.run (dart:async/zone.dart:1301:19)
[WrapWithConsumer] 2024-12-19T12:09:47.207778 #12     _CustomZone.bindCallback.<anonymous closure> (dart:async/zone.dart:1233:23)
[WrapWithConsumer] 2024-12-19T12:09:47.207778 #13     Timer._createTimer.<anonymous closure> (dart:async-patch/timer_patch.dart:18:15)
[WrapWithConsumer] 2024-12-19T12:09:47.207778 #14     _Timer._runTimers (dart:isolate-patch/timer_impl.dart:398:19)
[WrapWithConsumer] 2024-12-19T12:09:47.207778 #15     _Timer._handleMessage (dart:isolate-patch/timer_impl.dart:429:5)
[WrapWithConsumer] 2024-12-19T12:09:47.207778 #16     _RawReceivePort._handleMessage (dart:isolate-patch/isolate_patch.dart:184:12)
[WrapWithConsumer] 2024-12-19T12:09:47.207778
[WrapWithProviderScope] 2024-12-19T12:09:47.234016 Plugin WrapWithProviderScope threw while analyzing C:\dev\esameCross\cross_platform_its_aapn_2024\pokedex\lib\src\pages\savepokemon_page.dart:
[WrapWithProviderScope] 2024-12-19T12:09:47.234016 InconsistentAnalysisException: Requested result might be inconsistent with previously returned results
[WrapWithProviderScope] 2024-12-19T12:09:47.234016
[WrapWithProviderScope] 2024-12-19T12:09:47.234016 #0      AnalysisSessionImpl.checkConsistency (package:analyzer/src/dart/analysis/session.dart:54:7)
[WrapWithProviderScope] 2024-12-19T12:09:47.234016 #1      AnalysisSessionImpl.getResolvedUnit (package:analyzer/src/dart/analysis/session.dart:129:5)
[WrapWithProviderScope] 2024-12-19T12:09:47.234016 #2      ChangeBuilderImpl._createDartFileEditBuilder (package:analyzer_plugin/src/utilities/change_builder/change_builder_core.dart:287:33)
[WrapWithProviderScope] 2024-12-19T12:09:47.234016 #3      ChangeBuilderImpl.addDartFileEdit (package:analyzer_plugin/src/utilities/change_builder/change_builder_core.dart:136:23)
[WrapWithProviderScope] 2024-12-19T12:09:47.234016 #4      ChangeBuilderImpl.addDartFileEdit.<anonymous closure> (package:custom_lint_core/src/change_reporter.dart:241:35)
[WrapWithProviderScope] 2024-12-19T12:09:47.234016 #5      new Future.<anonymous closure> (dart:async/future.dart:258:40)
[WrapWithProviderScope] 2024-12-19T12:09:47.234016 #6      _rootRun (dart:async/zone.dart:1391:47)
[WrapWithProviderScope] 2024-12-19T12:09:47.234016 #7      _CustomZone.run (dart:async/zone.dart:1301:19)
[WrapWithProviderScope] 2024-12-19T12:09:47.234016 #8      _CustomZone.runGuarded (dart:async/zone.dart:1209:7)
[WrapWithProviderScope] 2024-12-19T12:09:47.234016 #9      _CustomZone.bindCallbackGuarded.<anonymous closure> (dart:async/zone.dart:1249:23)
[WrapWithProviderScope] 2024-12-19T12:09:47.234016 #10     _rootRun (dart:async/zone.dart:1399:13)
[WrapWithProviderScope] 2024-12-19T12:09:47.234016 #11     _CustomZone.run (dart:async/zone.dart:1301:19)
[WrapWithProviderScope] 2024-12-19T12:09:47.234016 #12     _CustomZone.bindCallback.<anonymous closure> (dart:async/zone.dart:1233:23)
[WrapWithProviderScope] 2024-12-19T12:09:47.234016 #13     Timer._createTimer.<anonymous closure> (dart:async-patch/timer_patch.dart:18:15)
[WrapWithProviderScope] 2024-12-19T12:09:47.234016 #14     _Timer._runTimers (dart:isolate-patch/timer_impl.dart:398:19)
[WrapWithProviderScope] 2024-12-19T12:09:47.234016 #15     _Timer._handleMessage (dart:isolate-patch/timer_impl.dart:429:5)
[WrapWithProviderScope] 2024-12-19T12:09:47.234016 #16     _RawReceivePort._handleMessage (dart:isolate-patch/isolate_patch.dart:184:12)
[WrapWithProviderScope] 2024-12-19T12:09:47.234016
[WrapWithConsumer] 2024-12-19T12:09:47.257373 Plugin WrapWithConsumer threw while analyzing C:\dev\esameCross\cross_platform_its_aapn_2024\pokedex\lib\src\pages\savepokemon_page.dart:
[WrapWithConsumer] 2024-12-19T12:09:47.257373 InconsistentAnalysisException: Requested result might be inconsistent with previously returned results
[WrapWithConsumer] 2024-12-19T12:09:47.257373
[WrapWithConsumer] 2024-12-19T12:09:47.257373 #0      AnalysisSessionImpl.checkConsistency (package:analyzer/src/dart/analysis/session.dart:54:7)
[WrapWithConsumer] 2024-12-19T12:09:47.257373 #1      AnalysisSessionImpl.getResolvedUnit (package:analyzer/src/dart/analysis/session.dart:129:5)
[WrapWithConsumer] 2024-12-19T12:09:47.257373 #2      ChangeBuilderImpl._createDartFileEditBuilder (package:analyzer_plugin/src/utilities/change_builder/change_builder_core.dart:287:33)
[WrapWithConsumer] 2024-12-19T12:09:47.257373 #3      ChangeBuilderImpl.addDartFileEdit (package:analyzer_plugin/src/utilities/change_builder/change_builder_core.dart:136:23)
[WrapWithConsumer] 2024-12-19T12:09:47.257373 #4      ChangeBuilderImpl.addDartFileEdit.<anonymous closure> (package:custom_lint_core/src/change_reporter.dart:241:35)
[WrapWithConsumer] 2024-12-19T12:09:47.257373 #5      new Future.<anonymous closure> (dart:async/future.dart:258:40)
[WrapWithConsumer] 2024-12-19T12:09:47.257373 #6      _rootRun (dart:async/zone.dart:1391:47)
[WrapWithConsumer] 2024-12-19T12:09:47.257373 #7      _CustomZone.run (dart:async/zone.dart:1301:19)
[WrapWithConsumer] 2024-12-19T12:09:47.257373 #8      _CustomZone.runGuarded (dart:async/zone.dart:1209:7)
[WrapWithConsumer] 2024-12-19T12:09:47.257373 #9      _CustomZone.bindCallbackGuarded.<anonymous closure> (dart:async/zone.dart:1249:23)
[WrapWithConsumer] 2024-12-19T12:09:47.257373 #10     _rootRun (dart:async/zone.dart:1399:13)
[WrapWithConsumer] 2024-12-19T12:09:47.257373 #11     _CustomZone.run (dart:async/zone.dart:1301:19)
[WrapWithConsumer] 2024-12-19T12:09:47.257373 #12     _CustomZone.bindCallback.<anonymous closure> (dart:async/zone.dart:1233:23)
[WrapWithConsumer] 2024-12-19T12:09:47.257373 #13     Timer._createTimer.<anonymous closure> (dart:async-patch/timer_patch.dart:18:15)
[WrapWithConsumer] 2024-12-19T12:09:47.257373 #14     _Timer._runTimers (dart:isolate-patch/timer_impl.dart:398:19)
[WrapWithConsumer] 2024-12-19T12:09:47.257373 #15     _Timer._handleMessage (dart:isolate-patch/timer_impl.dart:429:5)
[WrapWithConsumer] 2024-12-19T12:09:47.257373 #16     _RawReceivePort._handleMessage (dart:isolate-patch/isolate_patch.dart:184:12)
[WrapWithConsumer] 2024-12-19T12:09:47.257373
[WrapWithProviderScope] 2024-12-19T12:09:47.290106 Plugin WrapWithProviderScope threw while analyzing C:\dev\esameCross\cross_platform_its_aapn_2024\pokedex\lib\src\pages\savepokemon_page.dart:
[WrapWithProviderScope] 2024-12-19T12:09:47.290106 InconsistentAnalysisException: Requested result might be inconsistent with previously returned results
[WrapWithProviderScope] 2024-12-19T12:09:47.290106
[WrapWithProviderScope] 2024-12-19T12:09:47.290106 #0      AnalysisSessionImpl.checkConsistency (package:analyzer/src/dart/analysis/session.dart:54:7)
[WrapWithProviderScope] 2024-12-19T12:09:47.290106 #1      AnalysisSessionImpl.getResolvedUnit (package:analyzer/src/dart/analysis/session.dart:129:5)
[WrapWithProviderScope] 2024-12-19T12:09:47.290106 #2      ChangeBuilderImpl._createDartFileEditBuilder (package:analyzer_plugin/src/utilities/change_builder/change_builder_core.dart:287:33)
[WrapWithProviderScope] 2024-12-19T12:09:47.290106 #3      ChangeBuilderImpl.addDartFileEdit (package:analyzer_plugin/src/utilities/change_builder/change_builder_core.dart:136:23)
[WrapWithProviderScope] 2024-12-19T12:09:47.290106 #4      ChangeBuilderImpl.addDartFileEdit.<anonymous closure> (package:custom_lint_core/src/change_reporter.dart:241:35)
[WrapWithProviderScope] 2024-12-19T12:09:47.290106 #5      new Future.<anonymous closure> (dart:async/future.dart:258:40)
[WrapWithProviderScope] 2024-12-19T12:09:47.290106 #6      _rootRun (dart:async/zone.dart:1391:47)
[WrapWithProviderScope] 2024-12-19T12:09:47.290106 #7      _CustomZone.run (dart:async/zone.dart:1301:19)
[WrapWithProviderScope] 2024-12-19T12:09:47.290106 #8      _CustomZone.runGuarded (dart:async/zone.dart:1209:7)
[WrapWithProviderScope] 2024-12-19T12:09:47.290106 #9      _CustomZone.bindCallbackGuarded.<anonymous closure> (dart:async/zone.dart:1249:23)
[WrapWithProviderScope] 2024-12-19T12:09:47.290106 #10     _rootRun (dart:async/zone.dart:1399:13)
[WrapWithProviderScope] 2024-12-19T12:09:47.290106 #11     _CustomZone.run (dart:async/zone.dart:1301:19)
[WrapWithProviderScope] 2024-12-19T12:09:47.290106 #12     _CustomZone.bindCallback.<anonymous closure> (dart:async/zone.dart:1233:23)
[WrapWithProviderScope] 2024-12-19T12:09:47.290106 #13     Timer._createTimer.<anonymous closure> (dart:async-patch/timer_patch.dart:18:15)
[WrapWithProviderScope] 2024-12-19T12:09:47.290106 #14     _Timer._runTimers (dart:isolate-patch/timer_impl.dart:398:19)
[WrapWithProviderScope] 2024-12-19T12:09:47.290106 #15     _Timer._handleMessage (dart:isolate-patch/timer_impl.dart:429:5)
[WrapWithProviderScope] 2024-12-19T12:09:47.290106 #16     _RawReceivePort._handleMessage (dart:isolate-patch/isolate_patch.dart:184:12)
[WrapWithProviderScope] 2024-12-19T12:09:47.290106
[WrapWithConsumer] 2024-12-19T12:09:47.315626 Plugin WrapWithConsumer threw while analyzing C:\dev\esameCross\cross_platform_its_aapn_2024\pokedex\lib\src\pages\savepokemon_page.dart:
[WrapWithConsumer] 2024-12-19T12:09:47.315626 InconsistentAnalysisException: Requested result might be inconsistent with previously returned results
[WrapWithConsumer] 2024-12-19T12:09:47.315626
[WrapWithConsumer] 2024-12-19T12:09:47.315626 #0      AnalysisSessionImpl.checkConsistency (package:analyzer/src/dart/analysis/session.dart:54:7)
[WrapWithConsumer] 2024-12-19T12:09:47.315626 #1      AnalysisSessionImpl.getResolvedUnit (package:analyzer/src/dart/analysis/session.dart:129:5)
[WrapWithConsumer] 2024-12-19T12:09:47.315626 #2      ChangeBuilderImpl._createDartFileEditBuilder (package:analyzer_plugin/src/utilities/change_builder/change_builder_core.dart:287:33)
[WrapWithConsumer] 2024-12-19T12:09:47.315626 #3      ChangeBuilderImpl.addDartFileEdit (package:analyzer_plugin/src/utilities/change_builder/change_builder_core.dart:136:23)
[WrapWithConsumer] 2024-12-19T12:09:47.315626 #4      ChangeBuilderImpl.addDartFileEdit.<anonymous closure> (package:custom_lint_core/src/change_reporter.dart:241:35)
[WrapWithConsumer] 2024-12-19T12:09:47.315626 #5      new Future.<anonymous closure> (dart:async/future.dart:258:40)
[WrapWithConsumer] 2024-12-19T12:09:47.315626 #6      _rootRun (dart:async/zone.dart:1391:47)
[WrapWithConsumer] 2024-12-19T12:09:47.315626 #7      _CustomZone.run (dart:async/zone.dart:1301:19)
[WrapWithConsumer] 2024-12-19T12:09:47.315626 #8      _CustomZone.runGuarded (dart:async/zone.dart:1209:7)
[WrapWithConsumer] 2024-12-19T12:09:47.315626 #9      _CustomZone.bindCallbackGuarded.<anonymous closure> (dart:async/zone.dart:1249:23)
[WrapWithConsumer] 2024-12-19T12:09:47.315626 #10     _rootRun (dart:async/zone.dart:1399:13)
[WrapWithConsumer] 2024-12-19T12:09:47.315626 #11     _CustomZone.run (dart:async/zone.dart:1301:19)
[WrapWithConsumer] 2024-12-19T12:09:47.315626 #12     _CustomZone.bindCallback.<anonymous closure> (dart:async/zone.dart:1233:23)
[WrapWithConsumer] 2024-12-19T12:09:47.315626 #13     Timer._createTimer.<anonymous closure> (dart:async-patch/timer_patch.dart:18:15)
[WrapWithConsumer] 2024-12-19T12:09:47.315626 #14     _Timer._runTimers (dart:isolate-patch/timer_impl.dart:398:19)
[WrapWithConsumer] 2024-12-19T12:09:47.315626 #15     _Timer._handleMessage (dart:isolate-patch/timer_impl.dart:429:5)
[WrapWithConsumer] 2024-12-19T12:09:47.315626 #16     _RawReceivePort._handleMessage (dart:isolate-patch/isolate_patch.dart:184:12)
[WrapWithConsumer] 2024-12-19T12:09:47.315626
[WrapWithProviderScope] 2024-12-19T12:09:47.333961 Plugin WrapWithProviderScope threw while analyzing C:\dev\esameCross\cross_platform_its_aapn_2024\pokedex\lib\src\pages\savepokemon_page.dart:
[WrapWithProviderScope] 2024-12-19T12:09:47.333961 InconsistentAnalysisException: Requested result might be inconsistent with previously returned results
[WrapWithProviderScope] 2024-12-19T12:09:47.333961
[WrapWithProviderScope] 2024-12-19T12:09:47.333961 #0      AnalysisSessionImpl.checkConsistency (package:analyzer/src/dart/analysis/session.dart:54:7)
[WrapWithProviderScope] 2024-12-19T12:09:47.333961 #1      AnalysisSessionImpl.getResolvedUnit (package:analyzer/src/dart/analysis/session.dart:129:5)
[WrapWithProviderScope] 2024-12-19T12:09:47.333961 #2      ChangeBuilderImpl._createDartFileEditBuilder (package:analyzer_plugin/src/utilities/change_builder/change_builder_core.dart:287:33)
[WrapWithProviderScope] 2024-12-19T12:09:47.333961 #3      ChangeBuilderImpl.addDartFileEdit (package:analyzer_plugin/src/utilities/change_builder/change_builder_core.dart:136:23)
[WrapWithProviderScope] 2024-12-19T12:09:47.333961 #4      ChangeBuilderImpl.addDartFileEdit.<anonymous closure> (package:custom_lint_core/src/change_reporter.dart:241:35)
[WrapWithProviderScope] 2024-12-19T12:09:47.333961 #5      new Future.<anonymous closure> (dart:async/future.dart:258:40)
[WrapWithProviderScope] 2024-12-19T12:09:47.333961 #6      _rootRun (dart:async/zone.dart:1391:47)
[WrapWithProviderScope] 2024-12-19T12:09:47.333961 #7      _CustomZone.run (dart:async/zone.dart:1301:19)
[WrapWithProviderScope] 2024-12-19T12:09:47.333961 #8      _CustomZone.runGuarded (dart:async/zone.dart:1209:7)
[WrapWithProviderScope] 2024-12-19T12:09:47.333961 #9      _CustomZone.bindCallbackGuarded.<anonymous closure> (dart:async/zone.dart:1249:23)
[WrapWithProviderScope] 2024-12-19T12:09:47.333961 #10     _rootRun (dart:async/zone.dart:1399:13)
[WrapWithProviderScope] 2024-12-19T12:09:47.333961 #11     _CustomZone.run (dart:async/zone.dart:1301:19)
[WrapWithProviderScope] 2024-12-19T12:09:47.333961 #12     _CustomZone.bindCallback.<anonymous closure> (dart:async/zone.dart:1233:23)
[WrapWithProviderScope] 2024-12-19T12:09:47.333961 #13     Timer._createTimer.<anonymous closure> (dart:async-patch/timer_patch.dart:18:15)
[WrapWithProviderScope] 2024-12-19T12:09:47.333961 #14     _Timer._runTimers (dart:isolate-patch/timer_impl.dart:398:19)
[WrapWithProviderScope] 2024-12-19T12:09:47.333961 #15     _Timer._handleMessage (dart:isolate-patch/timer_impl.dart:429:5)
[WrapWithProviderScope] 2024-12-19T12:09:47.333961 #16     _RawReceivePort._handleMessage (dart:isolate-patch/isolate_patch.dart:184:12)
[WrapWithProviderScope] 2024-12-19T12:09:47.333961
[WrapWithConsumer] 2024-12-19T12:09:47.351956 Plugin WrapWithConsumer threw while analyzing C:\dev\esameCross\cross_platform_its_aapn_2024\pokedex\lib\src\pages\savepokemon_page.dart:
[WrapWithConsumer] 2024-12-19T12:09:47.351956 InconsistentAnalysisException: Requested result might be inconsistent with previously returned results
[WrapWithConsumer] 2024-12-19T12:09:47.351956
[WrapWithConsumer] 2024-12-19T12:09:47.351956 #0      AnalysisSessionImpl.checkConsistency (package:analyzer/src/dart/analysis/session.dart:54:7)
[WrapWithConsumer] 2024-12-19T12:09:47.351956 #1      AnalysisSessionImpl.getResolvedUnit (package:analyzer/src/dart/analysis/session.dart:129:5)
[WrapWithConsumer] 2024-12-19T12:09:47.351956 #2      ChangeBuilderImpl._createDartFileEditBuilder (package:analyzer_plugin/src/utilities/change_builder/change_builder_core.dart:287:33)
[WrapWithConsumer] 2024-12-19T12:09:47.351956 #3      ChangeBuilderImpl.addDartFileEdit (package:analyzer_plugin/src/utilities/change_builder/change_builder_core.dart:136:23)
[WrapWithConsumer] 2024-12-19T12:09:47.351956 #4      ChangeBuilderImpl.addDartFileEdit.<anonymous closure> (package:custom_lint_core/src/change_reporter.dart:241:35)
[WrapWithConsumer] 2024-12-19T12:09:47.351956 #5      new Future.<anonymous closure> (dart:async/future.dart:258:40)
[WrapWithConsumer] 2024-12-19T12:09:47.351956 #6      _rootRun (dart:async/zone.dart:1391:47)
[WrapWithConsumer] 2024-12-19T12:09:47.351956 #7      _CustomZone.run (dart:async/zone.dart:1301:19)
[WrapWithConsumer] 2024-12-19T12:09:47.351956 #8      _CustomZone.runGuarded (dart:async/zone.dart:1209:7)
[WrapWithConsumer] 2024-12-19T12:09:47.351956 #9      _CustomZone.bindCallbackGuarded.<anonymous closure> (dart:async/zone.dart:1249:23)
[WrapWithConsumer] 2024-12-19T12:09:47.351956 #10     _rootRun (dart:async/zone.dart:1399:13)
[WrapWithConsumer] 2024-12-19T12:09:47.351956 #11     _CustomZone.run (dart:async/zone.dart:1301:19)
[WrapWithConsumer] 2024-12-19T12:09:47.351956 #12     _CustomZone.bindCallback.<anonymous closure> (dart:async/zone.dart:1233:23)
[WrapWithConsumer] 2024-12-19T12:09:47.351956 #13     Timer._createTimer.<anonymous closure> (dart:async-patch/timer_patch.dart:18:15)
[WrapWithConsumer] 2024-12-19T12:09:47.351956 #14     _Timer._runTimers (dart:isolate-patch/timer_impl.dart:398:19)
[WrapWithConsumer] 2024-12-19T12:09:47.351956 #15     _Timer._handleMessage (dart:isolate-patch/timer_impl.dart:429:5)
[WrapWithConsumer] 2024-12-19T12:09:47.351956 #16     _RawReceivePort._handleMessage (dart:isolate-patch/isolate_patch.dart:184:12)
[WrapWithConsumer] 2024-12-19T12:09:47.351956
[WrapWithProviderScope] 2024-12-19T12:09:47.370721 Plugin WrapWithProviderScope threw while analyzing C:\dev\esameCross\cross_platform_its_aapn_2024\pokedex\lib\src\pages\savepokemon_page.dart:
[WrapWithProviderScope] 2024-12-19T12:09:47.370721 InconsistentAnalysisException: Requested result might be inconsistent with previously returned results
[WrapWithProviderScope] 2024-12-19T12:09:47.370721
[WrapWithProviderScope] 2024-12-19T12:09:47.370721 #0      AnalysisSessionImpl.checkConsistency (package:analyzer/src/dart/analysis/session.dart:54:7)
[WrapWithProviderScope] 2024-12-19T12:09:47.370721 #1      AnalysisSessionImpl.getResolvedUnit (package:analyzer/src/dart/analysis/session.dart:129:5)
[WrapWithProviderScope] 2024-12-19T12:09:47.370721 #2      ChangeBuilderImpl._createDartFileEditBuilder (package:analyzer_plugin/src/utilities/change_builder/change_builder_core.dart:287:33)
[WrapWithProviderScope] 2024-12-19T12:09:47.370721 #3      ChangeBuilderImpl.addDartFileEdit (package:analyzer_plugin/src/utilities/change_builder/change_builder_core.dart:136:23)
[WrapWithProviderScope] 2024-12-19T12:09:47.370721 #4      ChangeBuilderImpl.addDartFileEdit.<anonymous closure> (package:custom_lint_core/src/change_reporter.dart:241:35)
[WrapWithProviderScope] 2024-12-19T12:09:47.370721 #5      new Future.<anonymous closure> (dart:async/future.dart:258:40)
[WrapWithProviderScope] 2024-12-19T12:09:47.370721 #6      _rootRun (dart:async/zone.dart:1391:47)
[WrapWithProviderScope] 2024-12-19T12:09:47.370721 #7      _CustomZone.run (dart:async/zone.dart:1301:19)
[WrapWithProviderScope] 2024-12-19T12:09:47.370721 #8      _CustomZone.runGuarded (dart:async/zone.dart:1209:7)
[WrapWithProviderScope] 2024-12-19T12:09:47.370721 #9      _CustomZone.bindCallbackGuarded.<anonymous closure> (dart:async/zone.dart:1249:23)
[WrapWithProviderScope] 2024-12-19T12:09:47.370721 #10     _rootRun (dart:async/zone.dart:1399:13)
[WrapWithProviderScope] 2024-12-19T12:09:47.370721 #11     _CustomZone.run (dart:async/zone.dart:1301:19)
[WrapWithProviderScope] 2024-12-19T12:09:47.370721 #12     _CustomZone.bindCallback.<anonymous closure> (dart:async/zone.dart:1233:23)
[WrapWithProviderScope] 2024-12-19T12:09:47.370721 #13     Timer._createTimer.<anonymous closure> (dart:async-patch/timer_patch.dart:18:15)
[WrapWithProviderScope] 2024-12-19T12:09:47.370721 #14     _Timer._runTimers (dart:isolate-patch/timer_impl.dart:398:19)
[WrapWithProviderScope] 2024-12-19T12:09:47.370721 #15     _Timer._handleMessage (dart:isolate-patch/timer_impl.dart:429:5)
[WrapWithProviderScope] 2024-12-19T12:09:47.370721 #16     _RawReceivePort._handleMessage (dart:isolate-patch/isolate_patch.dart:184:12)
[WrapWithProviderScope] 2024-12-19T12:09:47.370721
[WrapWithConsumer] 2024-12-19T12:09:47.389469 Plugin WrapWithConsumer threw while analyzing C:\dev\esameCross\cross_platform_its_aapn_2024\pokedex\lib\src\pages\savepokemon_page.dart:
[WrapWithConsumer] 2024-12-19T12:09:47.389469 InconsistentAnalysisException: Requested result might be inconsistent with previously returned results
[WrapWithConsumer] 2024-12-19T12:09:47.389469
[WrapWithConsumer] 2024-12-19T12:09:47.389469 #0      AnalysisSessionImpl.checkConsistency (package:analyzer/src/dart/analysis/session.dart:54:7)
[WrapWithConsumer] 2024-12-19T12:09:47.389469 #1      AnalysisSessionImpl.getResolvedUnit (package:analyzer/src/dart/analysis/session.dart:129:5)
[WrapWithConsumer] 2024-12-19T12:09:47.389469 #2      ChangeBuilderImpl._createDartFileEditBuilder (package:analyzer_plugin/src/utilities/change_builder/change_builder_core.dart:287:33)
[WrapWithConsumer] 2024-12-19T12:09:47.389469 #3      ChangeBuilderImpl.addDartFileEdit (package:analyzer_plugin/src/utilities/change_builder/change_builder_core.dart:136:23)
[WrapWithConsumer] 2024-12-19T12:09:47.389469 #4      ChangeBuilderImpl.addDartFileEdit.<anonymous closure> (package:custom_lint_core/src/change_reporter.dart:241:35)
[WrapWithConsumer] 2024-12-19T12:09:47.389469 #5      new Future.<anonymous closure> (dart:async/future.dart:258:40)
[WrapWithConsumer] 2024-12-19T12:09:47.389469 #6      _rootRun (dart:async/zone.dart:1391:47)
[WrapWithConsumer] 2024-12-19T12:09:47.389469 #7      _CustomZone.run (dart:async/zone.dart:1301:19)
[WrapWithConsumer] 2024-12-19T12:09:47.389469 #8      _CustomZone.runGuarded (dart:async/zone.dart:1209:7)
[WrapWithConsumer] 2024-12-19T12:09:47.389469 #9      _CustomZone.bindCallbackGuarded.<anonymous closure> (dart:async/zone.dart:1249:23)
[WrapWithConsumer] 2024-12-19T12:09:47.389469 #10     _rootRun (dart:async/zone.dart:1399:13)
[WrapWithConsumer] 2024-12-19T12:09:47.389469 #11     _CustomZone.run (dart:async/zone.dart:1301:19)
[WrapWithConsumer] 2024-12-19T12:09:47.389469 #12     _CustomZone.bindCallback.<anonymous closure> (dart:async/zone.dart:1233:23)
[WrapWithConsumer] 2024-12-19T12:09:47.389469 #13     Timer._createTimer.<anonymous closure> (dart:async-patch/timer_patch.dart:18:15)
[WrapWithConsumer] 2024-12-19T12:09:47.389469 #14     _Timer._runTimers (dart:isolate-patch/timer_impl.dart:398:19)
[WrapWithConsumer] 2024-12-19T12:09:47.389469 #15     _Timer._handleMessage (dart:isolate-patch/timer_impl.dart:429:5)
[WrapWithConsumer] 2024-12-19T12:09:47.389469 #16     _RawReceivePort._handleMessage (dart:isolate-patch/isolate_patch.dart:184:12)
[WrapWithConsumer] 2024-12-19T12:09:47.389469
[WrapWithProviderScope] 2024-12-19T12:09:47.409632 Plugin WrapWithProviderScope threw while analyzing C:\dev\esameCross\cross_platform_its_aapn_2024\pokedex\lib\src\pages\savepokemon_page.dart:
[WrapWithProviderScope] 2024-12-19T12:09:47.409632 InconsistentAnalysisException: Requested result might be inconsistent with previously returned results
[WrapWithProviderScope] 2024-12-19T12:09:47.409632
[WrapWithProviderScope] 2024-12-19T12:09:47.409632 #0      AnalysisSessionImpl.checkConsistency (package:analyzer/src/dart/analysis/session.dart:54:7)
[WrapWithProviderScope] 2024-12-19T12:09:47.409632 #1      AnalysisSessionImpl.getResolvedUnit (package:analyzer/src/dart/analysis/session.dart:129:5)
[WrapWithProviderScope] 2024-12-19T12:09:47.409632 #2      ChangeBuilderImpl._createDartFileEditBuilder (package:analyzer_plugin/src/utilities/change_builder/change_builder_core.dart:287:33)
[WrapWithProviderScope] 2024-12-19T12:09:47.409632 #3      ChangeBuilderImpl.addDartFileEdit (package:analyzer_plugin/src/utilities/change_builder/change_builder_core.dart:136:23)
[WrapWithProviderScope] 2024-12-19T12:09:47.409632 #4      ChangeBuilderImpl.addDartFileEdit.<anonymous closure> (package:custom_lint_core/src/change_reporter.dart:241:35)
[WrapWithProviderScope] 2024-12-19T12:09:47.409632 #5      new Future.<anonymous closure> (dart:async/future.dart:258:40)
[WrapWithProviderScope] 2024-12-19T12:09:47.409632 #6      _rootRun (dart:async/zone.dart:1391:47)
[WrapWithProviderScope] 2024-12-19T12:09:47.409632 #7      _CustomZone.run (dart:async/zone.dart:1301:19)
[WrapWithProviderScope] 2024-12-19T12:09:47.409632 #8      _CustomZone.runGuarded (dart:async/zone.dart:1209:7)
[WrapWithProviderScope] 2024-12-19T12:09:47.409632 #9      _CustomZone.bindCallbackGuarded.<anonymous closure> (dart:async/zone.dart:1249:23)
[WrapWithProviderScope] 2024-12-19T12:09:47.409632 #10     _rootRun (dart:async/zone.dart:1399:13)
[WrapWithProviderScope] 2024-12-19T12:09:47.409632 #11     _CustomZone.run (dart:async/zone.dart:1301:19)
[WrapWithProviderScope] 2024-12-19T12:09:47.409632 #12     _CustomZone.bindCallback.<anonymous closure> (dart:async/zone.dart:1233:23)
[WrapWithProviderScope] 2024-12-19T12:09:47.409632 #13     Timer._createTimer.<anonymous closure> (dart:async-patch/timer_patch.dart:18:15)
[WrapWithProviderScope] 2024-12-19T12:09:47.409632 #14     _Timer._runTimers (dart:isolate-patch/timer_impl.dart:398:19)
[WrapWithProviderScope] 2024-12-19T12:09:47.409632 #15     _Timer._handleMessage (dart:isolate-patch/timer_impl.dart:429:5)
[WrapWithProviderScope] 2024-12-19T12:09:47.409632 #16     _RawReceivePort._handleMessage (dart:isolate-patch/isolate_patch.dart:184:12)
[WrapWithProviderScope] 2024-12-19T12:09:47.409632
[WrapWithConsumer] 2024-12-19T12:09:47.429384 Plugin WrapWithConsumer threw while analyzing C:\dev\esameCross\cross_platform_its_aapn_2024\pokedex\lib\src\pages\savepokemon_page.dart:
[WrapWithConsumer] 2024-12-19T12:09:47.429384 InconsistentAnalysisException: Requested result might be inconsistent with previously returned results
[WrapWithConsumer] 2024-12-19T12:09:47.429384
[WrapWithConsumer] 2024-12-19T12:09:47.429384 #0      AnalysisSessionImpl.checkConsistency (package:analyzer/src/dart/analysis/session.dart:54:7)
[WrapWithConsumer] 2024-12-19T12:09:47.429384 #1      AnalysisSessionImpl.getResolvedUnit (package:analyzer/src/dart/analysis/session.dart:129:5)
[WrapWithConsumer] 2024-12-19T12:09:47.429384 #2      ChangeBuilderImpl._createDartFileEditBuilder (package:analyzer_plugin/src/utilities/change_builder/change_builder_core.dart:287:33)
[WrapWithConsumer] 2024-12-19T12:09:47.429384 #3      ChangeBuilderImpl.addDartFileEdit (package:analyzer_plugin/src/utilities/change_builder/change_builder_core.dart:136:23)
[WrapWithConsumer] 2024-12-19T12:09:47.429384 #4      ChangeBuilderImpl.addDartFileEdit.<anonymous closure> (package:custom_lint_core/src/change_reporter.dart:241:35)
[WrapWithConsumer] 2024-12-19T12:09:47.429384 #5      new Future.<anonymous closure> (dart:async/future.dart:258:40)
[WrapWithConsumer] 2024-12-19T12:09:47.429384 #6      _rootRun (dart:async/zone.dart:1391:47)
[WrapWithConsumer] 2024-12-19T12:09:47.429384 #7      _CustomZone.run (dart:async/zone.dart:1301:19)
[WrapWithConsumer] 2024-12-19T12:09:47.429384 #8      _CustomZone.runGuarded (dart:async/zone.dart:1209:7)
[WrapWithConsumer] 2024-12-19T12:09:47.429384 #9      _CustomZone.bindCallbackGuarded.<anonymous closure> (dart:async/zone.dart:1249:23)
[WrapWithConsumer] 2024-12-19T12:09:47.429384 #10     _rootRun (dart:async/zone.dart:1399:13)
[WrapWithConsumer] 2024-12-19T12:09:47.429384 #11     _CustomZone.run (dart:async/zone.dart:1301:19)
[WrapWithConsumer] 2024-12-19T12:09:47.429384 #12     _CustomZone.bindCallback.<anonymous closure> (dart:async/zone.dart:1233:23)
[WrapWithConsumer] 2024-12-19T12:09:47.429384 #13     Timer._createTimer.<anonymous closure> (dart:async-patch/timer_patch.dart:18:15)
[WrapWithConsumer] 2024-12-19T12:09:47.429384 #14     _Timer._runTimers (dart:isolate-patch/timer_impl.dart:398:19)
[WrapWithConsumer] 2024-12-19T12:09:47.429384 #15     _Timer._handleMessage (dart:isolate-patch/timer_impl.dart:429:5)
[WrapWithConsumer] 2024-12-19T12:09:47.429384 #16     _RawReceivePort._handleMessage (dart:isolate-patch/isolate_patch.dart:184:12)
[WrapWithConsumer] 2024-12-19T12:09:47.429384
[WrapWithProviderScope] 2024-12-19T12:09:47.448251 Plugin WrapWithProviderScope threw while analyzing C:\dev\esameCross\cross_platform_its_aapn_2024\pokedex\lib\src\pages\savepokemon_page.dart:
[WrapWithProviderScope] 2024-12-19T12:09:47.448251 InconsistentAnalysisException: Requested result might be inconsistent with previously returned results
[WrapWithProviderScope] 2024-12-19T12:09:47.448251
[WrapWithProviderScope] 2024-12-19T12:09:47.448251 #0      AnalysisSessionImpl.checkConsistency (package:analyzer/src/dart/analysis/session.dart:54:7)
[WrapWithProviderScope] 2024-12-19T12:09:47.448251 #1      AnalysisSessionImpl.getResolvedUnit (package:analyzer/src/dart/analysis/session.dart:129:5)
[WrapWithProviderScope] 2024-12-19T12:09:47.448251 #2      ChangeBuilderImpl._createDartFileEditBuilder (package:analyzer_plugin/src/utilities/change_builder/change_builder_core.dart:287:33)
[WrapWithProviderScope] 2024-12-19T12:09:47.448251 #3      ChangeBuilderImpl.addDartFileEdit (package:analyzer_plugin/src/utilities/change_builder/change_builder_core.dart:136:23)
[WrapWithProviderScope] 2024-12-19T12:09:47.448251 #4      ChangeBuilderImpl.addDartFileEdit.<anonymous closure> (package:custom_lint_core/src/change_reporter.dart:241:35)
[WrapWithProviderScope] 2024-12-19T12:09:47.448251 #5      new Future.<anonymous closure> (dart:async/future.dart:258:40)
[WrapWithProviderScope] 2024-12-19T12:09:47.448251 #6      _rootRun (dart:async/zone.dart:1391:47)
[WrapWithProviderScope] 2024-12-19T12:09:47.448251 #7      _CustomZone.run (dart:async/zone.dart:1301:19)
[WrapWithProviderScope] 2024-12-19T12:09:47.448251 #8      _CustomZone.runGuarded (dart:async/zone.dart:1209:7)
[WrapWithProviderScope] 2024-12-19T12:09:47.448251 #9      _CustomZone.bindCallbackGuarded.<anonymous closure> (dart:async/zone.dart:1249:23)
[WrapWithProviderScope] 2024-12-19T12:09:47.448251 #10     _rootRun (dart:async/zone.dart:1399:13)
[WrapWithProviderScope] 2024-12-19T12:09:47.448251 #11     _CustomZone.run (dart:async/zone.dart:1301:19)
[WrapWithProviderScope] 2024-12-19T12:09:47.448251 #12     _CustomZone.bindCallback.<anonymous closure> (dart:async/zone.dart:1233:23)
[WrapWithProviderScope] 2024-12-19T12:09:47.448251 #13     Timer._createTimer.<anonymous closure> (dart:async-patch/timer_patch.dart:18:15)
[WrapWithProviderScope] 2024-12-19T12:09:47.448251 #14     _Timer._runTimers (dart:isolate-patch/timer_impl.dart:398:19)
[WrapWithProviderScope] 2024-12-19T12:09:47.448251 #15     _Timer._handleMessage (dart:isolate-patch/timer_impl.dart:429:5)
[WrapWithProviderScope] 2024-12-19T12:09:47.448251 #16     _RawReceivePort._handleMessage (dart:isolate-patch/isolate_patch.dart:184:12)
[WrapWithProviderScope] 2024-12-19T12:09:47.448251
[WrapWithConsumer] 2024-12-19T12:09:47.466044 Plugin WrapWithConsumer threw while analyzing C:\dev\esameCross\cross_platform_its_aapn_2024\pokedex\lib\src\pages\savepokemon_page.dart:
[WrapWithConsumer] 2024-12-19T12:09:47.466044 InconsistentAnalysisException: Requested result might be inconsistent with previously returned results
[WrapWithConsumer] 2024-12-19T12:09:47.466044
[WrapWithConsumer] 2024-12-19T12:09:47.466044 #0      AnalysisSessionImpl.checkConsistency (package:analyzer/src/dart/analysis/session.dart:54:7)
[WrapWithConsumer] 2024-12-19T12:09:47.466044 #1      AnalysisSessionImpl.getResolvedUnit (package:analyzer/src/dart/analysis/session.dart:129:5)
[WrapWithConsumer] 2024-12-19T12:09:47.466044 #2      ChangeBuilderImpl._createDartFileEditBuilder (package:analyzer_plugin/src/utilities/change_builder/change_builder_core.dart:287:33)
[WrapWithConsumer] 2024-12-19T12:09:47.466044 #3      ChangeBuilderImpl.addDartFileEdit (package:analyzer_plugin/src/utilities/change_builder/change_builder_core.dart:136:23)
[WrapWithConsumer] 2024-12-19T12:09:47.466044 #4      ChangeBuilderImpl.addDartFileEdit.<anonymous closure> (package:custom_lint_core/src/change_reporter.dart:241:35)
[WrapWithConsumer] 2024-12-19T12:09:47.466044 #5      new Future.<anonymous closure> (dart:async/future.dart:258:40)
[WrapWithConsumer] 2024-12-19T12:09:47.466044 #6      _rootRun (dart:async/zone.dart:1391:47)
[WrapWithConsumer] 2024-12-19T12:09:47.466044 #7      _CustomZone.run (dart:async/zone.dart:1301:19)
[WrapWithConsumer] 2024-12-19T12:09:47.466044 #8      _CustomZone.runGuarded (dart:async/zone.dart:1209:7)
[WrapWithConsumer] 2024-12-19T12:09:47.466044 #9      _CustomZone.bindCallbackGuarded.<anonymous closure> (dart:async/zone.dart:1249:23)
[WrapWithConsumer] 2024-12-19T12:09:47.466044 #10     _rootRun (dart:async/zone.dart:1399:13)
[WrapWithConsumer] 2024-12-19T12:09:47.466044 #11     _CustomZone.run (dart:async/zone.dart:1301:19)
[WrapWithConsumer] 2024-12-19T12:09:47.466044 #12     _CustomZone.bindCallback.<anonymous closure> (dart:async/zone.dart:1233:23)
[WrapWithConsumer] 2024-12-19T12:09:47.466044 #13     Timer._createTimer.<anonymous closure> (dart:async-patch/timer_patch.dart:18:15)
[WrapWithConsumer] 2024-12-19T12:09:47.466044 #14     _Timer._runTimers (dart:isolate-patch/timer_impl.dart:398:19)
[WrapWithConsumer] 2024-12-19T12:09:47.466044 #15     _Timer._handleMessage (dart:isolate-patch/timer_impl.dart:429:5)
[WrapWithConsumer] 2024-12-19T12:09:47.466044 #16     _RawReceivePort._handleMessage (dart:isolate-patch/isolate_patch.dart:184:12)
[WrapWithConsumer] 2024-12-19T12:09:47.466044
[WrapWithProviderScope] 2024-12-19T12:09:47.485258 Plugin WrapWithProviderScope threw while analyzing C:\dev\esameCross\cross_platform_its_aapn_2024\pokedex\lib\src\pages\savepokemon_page.dart:
[WrapWithProviderScope] 2024-12-19T12:09:47.485258 InconsistentAnalysisException: Requested result might be inconsistent with previously returned results
[WrapWithProviderScope] 2024-12-19T12:09:47.485258
[WrapWithProviderScope] 2024-12-19T12:09:47.485258 #0      AnalysisSessionImpl.checkConsistency (package:analyzer/src/dart/analysis/session.dart:54:7)
[WrapWithProviderScope] 2024-12-19T12:09:47.485258 #1      AnalysisSessionImpl.getResolvedUnit (package:analyzer/src/dart/analysis/session.dart:129:5)
[WrapWithProviderScope] 2024-12-19T12:09:47.485258 #2      ChangeBuilderImpl._createDartFileEditBuilder (package:analyzer_plugin/src/utilities/change_builder/change_builder_core.dart:287:33)
[WrapWithProviderScope] 2024-12-19T12:09:47.485258 #3      ChangeBuilderImpl.addDartFileEdit (package:analyzer_plugin/src/utilities/change_builder/change_builder_core.dart:136:23)
[WrapWithProviderScope] 2024-12-19T12:09:47.485258 #4      ChangeBuilderImpl.addDartFileEdit.<anonymous closure> (package:custom_lint_core/src/change_reporter.dart:241:35)
[WrapWithProviderScope] 2024-12-19T12:09:47.485258 #5      new Future.<anonymous closure> (dart:async/future.dart:258:40)
[WrapWithProviderScope] 2024-12-19T12:09:47.485258 #6      _rootRun (dart:async/zone.dart:1391:47)
[WrapWithProviderScope] 2024-12-19T12:09:47.485258 #7      _CustomZone.run (dart:async/zone.dart:1301:19)
[WrapWithProviderScope] 2024-12-19T12:09:47.485258 #8      _CustomZone.runGuarded (dart:async/zone.dart:1209:7)
[WrapWithProviderScope] 2024-12-19T12:09:47.485258 #9      _CustomZone.bindCallbackGuarded.<anonymous closure> (dart:async/zone.dart:1249:23)
[WrapWithProviderScope] 2024-12-19T12:09:47.485258 #10     _rootRun (dart:async/zone.dart:1399:13)
[WrapWithProviderScope] 2024-12-19T12:09:47.485258 #11     _CustomZone.run (dart:async/zone.dart:1301:19)
[WrapWithProviderScope] 2024-12-19T12:09:47.485258 #12     _CustomZone.bindCallback.<anonymous closure> (dart:async/zone.dart:1233:23)
[WrapWithProviderScope] 2024-12-19T12:09:47.485258 #13     Timer._createTimer.<anonymous closure> (dart:async-patch/timer_patch.dart:18:15)
[WrapWithProviderScope] 2024-12-19T12:09:47.485258 #14     _Timer._runTimers (dart:isolate-patch/timer_impl.dart:398:19)
[WrapWithProviderScope] 2024-12-19T12:09:47.485258 #15     _Timer._handleMessage (dart:isolate-patch/timer_impl.dart:429:5)
[WrapWithProviderScope] 2024-12-19T12:09:47.485258 #16     _RawReceivePort._handleMessage (dart:isolate-patch/isolate_patch.dart:184:12)
[WrapWithProviderScope] 2024-12-19T12:09:47.485258
[WrapWithConsumer] 2024-12-19T12:09:47.505934 Plugin WrapWithConsumer threw while analyzing C:\dev\esameCross\cross_platform_its_aapn_2024\pokedex\lib\src\pages\savepokemon_page.dart:
[WrapWithConsumer] 2024-12-19T12:09:47.505934 InconsistentAnalysisException: Requested result might be inconsistent with previously returned results
[WrapWithConsumer] 2024-12-19T12:09:47.505934
[WrapWithConsumer] 2024-12-19T12:09:47.505934 #0      AnalysisSessionImpl.checkConsistency (package:analyzer/src/dart/analysis/session.dart:54:7)
[WrapWithConsumer] 2024-12-19T12:09:47.505934 #1      AnalysisSessionImpl.getResolvedUnit (package:analyzer/src/dart/analysis/session.dart:129:5)
[WrapWithConsumer] 2024-12-19T12:09:47.505934 #2      ChangeBuilderImpl._createDartFileEditBuilder (package:analyzer_plugin/src/utilities/change_builder/change_builder_core.dart:287:33)
[WrapWithConsumer] 2024-12-19T12:09:47.505934 #3      ChangeBuilderImpl.addDartFileEdit (package:analyzer_plugin/src/utilities/change_builder/change_builder_core.dart:136:23)
[WrapWithConsumer] 2024-12-19T12:09:47.505934 #4      ChangeBuilderImpl.addDartFileEdit.<anonymous closure> (package:custom_lint_core/src/change_reporter.dart:241:35)
[WrapWithConsumer] 2024-12-19T12:09:47.505934 #5      new Future.<anonymous closure> (dart:async/future.dart:258:40)
[WrapWithConsumer] 2024-12-19T12:09:47.505934 #6      _rootRun (dart:async/zone.dart:1391:47)
[WrapWithConsumer] 2024-12-19T12:09:47.505934 #7      _CustomZone.run (dart:async/zone.dart:1301:19)
[WrapWithConsumer] 2024-12-19T12:09:47.505934 #8      _CustomZone.runGuarded (dart:async/zone.dart:1209:7)
[WrapWithConsumer] 2024-12-19T12:09:47.505934 #9      _CustomZone.bindCallbackGuarded.<anonymous closure> (dart:async/zone.dart:1249:23)
[WrapWithConsumer] 2024-12-19T12:09:47.505934 #10     _rootRun (dart:async/zone.dart:1399:13)
[WrapWithConsumer] 2024-12-19T12:09:47.505934 #11     _CustomZone.run (dart:async/zone.dart:1301:19)
[WrapWithConsumer] 2024-12-19T12:09:47.505934 #12     _CustomZone.bindCallback.<anonymous closure> (dart:async/zone.dart:1233:23)
[WrapWithConsumer] 2024-12-19T12:09:47.505934 #13     Timer._createTimer.<anonymous closure> (dart:async-patch/timer_patch.dart:18:15)
[WrapWithConsumer] 2024-12-19T12:09:47.505934 #14     _Timer._runTimers (dart:isolate-patch/timer_impl.dart:398:19)
[WrapWithConsumer] 2024-12-19T12:09:47.505934 #15     _Timer._handleMessage (dart:isolate-patch/timer_impl.dart:429:5)
[WrapWithConsumer] 2024-12-19T12:09:47.505934 #16     _RawReceivePort._handleMessage (dart:isolate-patch/isolate_patch.dart:184:12)
[WrapWithConsumer] 2024-12-19T12:09:47.505934
[WrapWithProviderScope] 2024-12-19T12:09:47.527598 Plugin WrapWithProviderScope threw while analyzing C:\dev\esameCross\cross_platform_its_aapn_2024\pokedex\lib\src\pages\savepokemon_page.dart:
[WrapWithProviderScope] 2024-12-19T12:09:47.527598 InconsistentAnalysisException: Requested result might be inconsistent with previously returned results
[WrapWithProviderScope] 2024-12-19T12:09:47.527598
[WrapWithProviderScope] 2024-12-19T12:09:47.527598 #0      AnalysisSessionImpl.checkConsistency (package:analyzer/src/dart/analysis/session.dart:54:7)
[WrapWithProviderScope] 2024-12-19T12:09:47.527598 #1      AnalysisSessionImpl.getResolvedUnit (package:analyzer/src/dart/analysis/session.dart:129:5)
[WrapWithProviderScope] 2024-12-19T12:09:47.527598 #2      ChangeBuilderImpl._createDartFileEditBuilder (package:analyzer_plugin/src/utilities/change_builder/change_builder_core.dart:287:33)
[WrapWithProviderScope] 2024-12-19T12:09:47.527598 #3      ChangeBuilderImpl.addDartFileEdit (package:analyzer_plugin/src/utilities/change_builder/change_builder_core.dart:136:23)
[WrapWithProviderScope] 2024-12-19T12:09:47.527598 #4      ChangeBuilderImpl.addDartFileEdit.<anonymous closure> (package:custom_lint_core/src/change_reporter.dart:241:35)
[WrapWithProviderScope] 2024-12-19T12:09:47.527598 #5      new Future.<anonymous closure> (dart:async/future.dart:258:40)
[WrapWithProviderScope] 2024-12-19T12:09:47.527598 #6      _rootRun (dart:async/zone.dart:1391:47)
[WrapWithProviderScope] 2024-12-19T12:09:47.527598 #7      _CustomZone.run (dart:async/zone.dart:1301:19)
[WrapWithProviderScope] 2024-12-19T12:09:47.527598 #8      _CustomZone.runGuarded (dart:async/zone.dart:1209:7)
[WrapWithProviderScope] 2024-12-19T12:09:47.527598 #9      _CustomZone.bindCallbackGuarded.<anonymous closure> (dart:async/zone.dart:1249:23)
[WrapWithProviderScope] 2024-12-19T12:09:47.527598 #10     _rootRun (dart:async/zone.dart:1399:13)
[WrapWithProviderScope] 2024-12-19T12:09:47.527598 #11     _CustomZone.run (dart:async/zone.dart:1301:19)
[WrapWithProviderScope] 2024-12-19T12:09:47.527598 #12     _CustomZone.bindCallback.<anonymous closure> (dart:async/zone.dart:1233:23)
[WrapWithProviderScope] 2024-12-19T12:09:47.527598 #13     Timer._createTimer.<anonymous closure> (dart:async-patch/timer_patch.dart:18:15)
[WrapWithProviderScope] 2024-12-19T12:09:47.527598 #14     _Timer._runTimers (dart:isolate-patch/timer_impl.dart:398:19)
[WrapWithProviderScope] 2024-12-19T12:09:47.527598 #15     _Timer._handleMessage (dart:isolate-patch/timer_impl.dart:429:5)
[WrapWithProviderScope] 2024-12-19T12:09:47.527598 #16     _RawReceivePort._handleMessage (dart:isolate-patch/isolate_patch.dart:184:12)
[WrapWithProviderScope] 2024-12-19T12:09:47.527598
[WrapWithConsumer] 2024-12-19T12:09:47.546473 Plugin WrapWithConsumer threw while analyzing C:\dev\esameCross\cross_platform_its_aapn_2024\pokedex\lib\src\pages\savepokemon_page.dart:
[WrapWithConsumer] 2024-12-19T12:09:47.546473 InconsistentAnalysisException: Requested result might be inconsistent with previously returned results
[WrapWithConsumer] 2024-12-19T12:09:47.546473
[WrapWithConsumer] 2024-12-19T12:09:47.546473 #0      AnalysisSessionImpl.checkConsistency (package:analyzer/src/dart/analysis/session.dart:54:7)
[WrapWithConsumer] 2024-12-19T12:09:47.546473 #1      AnalysisSessionImpl.getResolvedUnit (package:analyzer/src/dart/analysis/session.dart:129:5)
[WrapWithConsumer] 2024-12-19T12:09:47.546473 #2      ChangeBuilderImpl._createDartFileEditBuilder (package:analyzer_plugin/src/utilities/change_builder/change_builder_core.dart:287:33)
[WrapWithConsumer] 2024-12-19T12:09:47.546473 #3      ChangeBuilderImpl.addDartFileEdit (package:analyzer_plugin/src/utilities/change_builder/change_builder_core.dart:136:23)
[WrapWithConsumer] 2024-12-19T12:09:47.546473 #4      ChangeBuilderImpl.addDartFileEdit.<anonymous closure> (package:custom_lint_core/src/change_reporter.dart:241:35)
[WrapWithConsumer] 2024-12-19T12:09:47.546473 #5      new Future.<anonymous closure> (dart:async/future.dart:258:40)
[WrapWithConsumer] 2024-12-19T12:09:47.546473 #6      _rootRun (dart:async/zone.dart:1391:47)
[WrapWithConsumer] 2024-12-19T12:09:47.546473 #7      _CustomZone.run (dart:async/zone.dart:1301:19)
[WrapWithConsumer] 2024-12-19T12:09:47.546473 #8      _CustomZone.runGuarded (dart:async/zone.dart:1209:7)
[WrapWithConsumer] 2024-12-19T12:09:47.546473 #9      _CustomZone.bindCallbackGuarded.<anonymous closure> (dart:async/zone.dart:1249:23)
[WrapWithConsumer] 2024-12-19T12:09:47.546473 #10     _rootRun (dart:async/zone.dart:1399:13)
[WrapWithConsumer] 2024-12-19T12:09:47.546473 #11     _CustomZone.run (dart:async/zone.dart:1301:19)
[WrapWithConsumer] 2024-12-19T12:09:47.546473 #12     _CustomZone.bindCallback.<anonymous closure> (dart:async/zone.dart:1233:23)
[WrapWithConsumer] 2024-12-19T12:09:47.546473 #13     Timer._createTimer.<anonymous closure> (dart:async-patch/timer_patch.dart:18:15)
[WrapWithConsumer] 2024-12-19T12:09:47.546473 #14     _Timer._runTimers (dart:isolate-patch/timer_impl.dart:398:19)
[WrapWithConsumer] 2024-12-19T12:09:47.546473 #15     _Timer._handleMessage (dart:isolate-patch/timer_impl.dart:429:5)
[WrapWithConsumer] 2024-12-19T12:09:47.546473 #16     _RawReceivePort._handleMessage (dart:isolate-patch/isolate_patch.dart:184:12)
[WrapWithConsumer] 2024-12-19T12:09:47.546473
[WrapWithProviderScope] 2024-12-19T12:09:47.563941 Plugin WrapWithProviderScope threw while analyzing C:\dev\esameCross\cross_platform_its_aapn_2024\pokedex\lib\src\pages\savepokemon_page.dart:
[WrapWithProviderScope] 2024-12-19T12:09:47.563941 InconsistentAnalysisException: Requested result might be inconsistent with previously returned results
[WrapWithProviderScope] 2024-12-19T12:09:47.563941
[WrapWithProviderScope] 2024-12-19T12:09:47.563941 #0      AnalysisSessionImpl.checkConsistency (package:analyzer/src/dart/analysis/session.dart:54:7)
[WrapWithProviderScope] 2024-12-19T12:09:47.563941 #1      AnalysisSessionImpl.getResolvedUnit (package:analyzer/src/dart/analysis/session.dart:129:5)
[WrapWithProviderScope] 2024-12-19T12:09:47.563941 #2      ChangeBuilderImpl._createDartFileEditBuilder (package:analyzer_plugin/src/utilities/change_builder/change_builder_core.dart:287:33)
[WrapWithProviderScope] 2024-12-19T12:09:47.563941 #3      ChangeBuilderImpl.addDartFileEdit (package:analyzer_plugin/src/utilities/change_builder/change_builder_core.dart:136:23)
[WrapWithProviderScope] 2024-12-19T12:09:47.563941 #4      ChangeBuilderImpl.addDartFileEdit.<anonymous closure> (package:custom_lint_core/src/change_reporter.dart:241:35)
[WrapWithProviderScope] 2024-12-19T12:09:47.563941 #5      new Future.<anonymous closure> (dart:async/future.dart:258:40)
[WrapWithProviderScope] 2024-12-19T12:09:47.563941 #6      _rootRun (dart:async/zone.dart:1391:47)
[WrapWithProviderScope] 2024-12-19T12:09:47.563941 #7      _CustomZone.run (dart:async/zone.dart:1301:19)
[WrapWithProviderScope] 2024-12-19T12:09:47.563941 #8      _CustomZone.runGuarded (dart:async/zone.dart:1209:7)
[WrapWithProviderScope] 2024-12-19T12:09:47.563941 #9      _CustomZone.bindCallbackGuarded.<anonymous closure> (dart:async/zone.dart:1249:23)
[WrapWithProviderScope] 2024-12-19T12:09:47.563941 #10     _rootRun (dart:async/zone.dart:1399:13)
[WrapWithProviderScope] 2024-12-19T12:09:47.563941 #11     _CustomZone.run (dart:async/zone.dart:1301:19)
[WrapWithProviderScope] 2024-12-19T12:09:47.563941 #12     _CustomZone.bindCallback.<anonymous closure> (dart:async/zone.dart:1233:23)
[WrapWithProviderScope] 2024-12-19T12:09:47.563941 #13     Timer._createTimer.<anonymous closure> (dart:async-patch/timer_patch.dart:18:15)
[WrapWithProviderScope] 2024-12-19T12:09:47.563941 #14     _Timer._runTimers (dart:isolate-patch/timer_impl.dart:398:19)
[WrapWithProviderScope] 2024-12-19T12:09:47.563941 #15     _Timer._handleMessage (dart:isolate-patch/timer_impl.dart:429:5)
[WrapWithProviderScope] 2024-12-19T12:09:47.563941 #16     _RawReceivePort._handleMessage (dart:isolate-patch/isolate_patch.dart:184:12)
[WrapWithProviderScope] 2024-12-19T12:09:47.563941
[ConvertToStatelessBaseWidget] 2024-12-19T12:19:50.382649 Plugin ConvertToStatelessBaseWidget threw while analyzing C:\dev\esameCross\cross_platform_its_aapn_2024\pokedex\lib\src\pages\homepage.dart:
[ConvertToStatelessBaseWidget] 2024-12-19T12:19:50.382649 InconsistentAnalysisException: Requested result might be inconsistent with previously returned results
[ConvertToStatelessBaseWidget] 2024-12-19T12:19:50.382649
[ConvertToStatelessBaseWidget] 2024-12-19T12:19:50.382649 #0      AnalysisSessionImpl.checkConsistency (package:analyzer/src/dart/analysis/session.dart:54:7)
[ConvertToStatelessBaseWidget] 2024-12-19T12:19:50.382649 #1      AnalysisSessionImpl.getResolvedUnit (package:analyzer/src/dart/analysis/session.dart:129:5)
[ConvertToStatelessBaseWidget] 2024-12-19T12:19:50.382649 #2      ChangeBuilderImpl._createDartFileEditBuilder (package:analyzer_plugin/src/utilities/change_builder/change_builder_core.dart:287:33)
[ConvertToStatelessBaseWidget] 2024-12-19T12:19:50.382649 #3      ChangeBuilderImpl.addDartFileEdit (package:analyzer_plugin/src/utilities/change_builder/change_builder_core.dart:136:23)
[ConvertToStatelessBaseWidget] 2024-12-19T12:19:50.382649 #4      ChangeBuilderImpl.addDartFileEdit.<anonymous closure> (package:custom_lint_core/src/change_reporter.dart:241:35)
[ConvertToStatelessBaseWidget] 2024-12-19T12:19:50.382649 #5      new Future.<anonymous closure> (dart:async/future.dart:258:40)
[ConvertToStatelessBaseWidget] 2024-12-19T12:19:50.382649 #6      _rootRun (dart:async/zone.dart:1391:47)
[ConvertToStatelessBaseWidget] 2024-12-19T12:19:50.382649 #7      _CustomZone.run (dart:async/zone.dart:1301:19)
[ConvertToStatelessBaseWidget] 2024-12-19T12:19:50.382649 #8      _CustomZone.runGuarded (dart:async/zone.dart:1209:7)
[ConvertToStatelessBaseWidget] 2024-12-19T12:19:50.382649 #9      _CustomZone.bindCallbackGuarded.<anonymous closure> (dart:async/zone.dart:1249:23)
[ConvertToStatelessBaseWidget] 2024-12-19T12:19:50.382649 #10     _rootRun (dart:async/zone.dart:1399:13)
[ConvertToStatelessBaseWidget] 2024-12-19T12:19:50.382649 #11     _CustomZone.run (dart:async/zone.dart:1301:19)
[ConvertToStatelessBaseWidget] 2024-12-19T12:19:50.382649 #12     _CustomZone.bindCallback.<anonymous closure> (dart:async/zone.dart:1233:23)
[ConvertToStatelessBaseWidget] 2024-12-19T12:19:50.382649 #13     Timer._createTimer.<anonymous closure> (dart:async-patch/timer_patch.dart:18:15)
[ConvertToStatelessBaseWidget] 2024-12-19T12:19:50.382649 #14     _Timer._runTimers (dart:isolate-patch/timer_impl.dart:398:19)
[ConvertToStatelessBaseWidget] 2024-12-19T12:19:50.382649 #15     _Timer._handleMessage (dart:isolate-patch/timer_impl.dart:429:5)
[ConvertToStatelessBaseWidget] 2024-12-19T12:19:50.382649 #16     _RawReceivePort._handleMessage (dart:isolate-patch/isolate_patch.dart:184:12)
[ConvertToStatelessBaseWidget] 2024-12-19T12:19:50.382649
[ConvertToStatefulBaseWidget] 2024-12-19T12:19:50.385646 Plugin ConvertToStatefulBaseWidget threw while analyzing C:\dev\esameCross\cross_platform_its_aapn_2024\pokedex\lib\src\pages\homepage.dart:
[ConvertToStatefulBaseWidget] 2024-12-19T12:19:50.385646 InconsistentAnalysisException: Requested result might be inconsistent with previously returned results
[ConvertToStatefulBaseWidget] 2024-12-19T12:19:50.385646
[ConvertToStatefulBaseWidget] 2024-12-19T12:19:50.385646 #0      AnalysisSessionImpl.checkConsistency (package:analyzer/src/dart/analysis/session.dart:54:7)
[ConvertToStatefulBaseWidget] 2024-12-19T12:19:50.385646 #1      AnalysisSessionImpl.getResolvedUnit (package:analyzer/src/dart/analysis/session.dart:129:5)
[ConvertToStatefulBaseWidget] 2024-12-19T12:19:50.385646 #2      ChangeBuilderImpl._createDartFileEditBuilder (package:analyzer_plugin/src/utilities/change_builder/change_builder_core.dart:287:33)
[ConvertToStatefulBaseWidget] 2024-12-19T12:19:50.385646 #3      ChangeBuilderImpl.addDartFileEdit (package:analyzer_plugin/src/utilities/change_builder/change_builder_core.dart:136:23)
[ConvertToStatefulBaseWidget] 2024-12-19T12:19:50.385646 #4      ChangeBuilderImpl.addDartFileEdit.<anonymous closure> (package:custom_lint_core/src/change_reporter.dart:241:35)
[ConvertToStatefulBaseWidget] 2024-12-19T12:19:50.385646 #5      new Future.<anonymous closure> (dart:async/future.dart:258:40)
[ConvertToStatefulBaseWidget] 2024-12-19T12:19:50.385646 #6      _rootRun (dart:async/zone.dart:1391:47)
[ConvertToStatefulBaseWidget] 2024-12-19T12:19:50.385646 #7      _CustomZone.run (dart:async/zone.dart:1301:19)
[ConvertToStatefulBaseWidget] 2024-12-19T12:19:50.385646 #8      _CustomZone.runGuarded (dart:async/zone.dart:1209:7)
[ConvertToStatefulBaseWidget] 2024-12-19T12:19:50.385646 #9      _CustomZone.bindCallbackGuarded.<anonymous closure> (dart:async/zone.dart:1249:23)
[ConvertToStatefulBaseWidget] 2024-12-19T12:19:50.385646 #10     _rootRun (dart:async/zone.dart:1399:13)
[ConvertToStatefulBaseWidget] 2024-12-19T12:19:50.385646 #11     _CustomZone.run (dart:async/zone.dart:1301:19)
[ConvertToStatefulBaseWidget] 2024-12-19T12:19:50.385646 #12     _CustomZone.bindCallback.<anonymous closure> (dart:async/zone.dart:1233:23)
[ConvertToStatefulBaseWidget] 2024-12-19T12:19:50.385646 #13     Timer._createTimer.<anonymous closure> (dart:async-patch/timer_patch.dart:18:15)
[ConvertToStatefulBaseWidget] 2024-12-19T12:19:50.385646 #14     _Timer._runTimers (dart:isolate-patch/timer_impl.dart:398:19)
[ConvertToStatefulBaseWidget] 2024-12-19T12:19:50.385646 #15     _Timer._handleMessage (dart:isolate-patch/timer_impl.dart:429:5)
[ConvertToStatefulBaseWidget] 2024-12-19T12:19:50.385646 #16     _RawReceivePort._handleMessage (dart:isolate-patch/isolate_patch.dart:184:12)
[ConvertToStatefulBaseWidget] 2024-12-19T12:19:50.385646
[ConvertToStatefulBaseWidget] 2024-12-19T12:19:50.410276 Plugin ConvertToStatefulBaseWidget threw while analyzing C:\dev\esameCross\cross_platform_its_aapn_2024\pokedex\lib\src\pages\homepage.dart:
[ConvertToStatefulBaseWidget] 2024-12-19T12:19:50.410276 InconsistentAnalysisException: Requested result might be inconsistent with previously returned results
[ConvertToStatefulBaseWidget] 2024-12-19T12:19:50.410276
[ConvertToStatefulBaseWidget] 2024-12-19T12:19:50.410276 #0      AnalysisSessionImpl.checkConsistency (package:analyzer/src/dart/analysis/session.dart:54:7)
[ConvertToStatefulBaseWidget] 2024-12-19T12:19:50.410276 #1      AnalysisSessionImpl.getResolvedUnit (package:analyzer/src/dart/analysis/session.dart:129:5)
[ConvertToStatefulBaseWidget] 2024-12-19T12:19:50.410276 #2      ChangeBuilderImpl._createDartFileEditBuilder (package:analyzer_plugin/src/utilities/change_builder/change_builder_core.dart:287:33)
[ConvertToStatefulBaseWidget] 2024-12-19T12:19:50.410276 #3      ChangeBuilderImpl.addDartFileEdit (package:analyzer_plugin/src/utilities/change_builder/change_builder_core.dart:136:23)
[ConvertToStatefulBaseWidget] 2024-12-19T12:19:50.410276 #4      ChangeBuilderImpl.addDartFileEdit.<anonymous closure> (package:custom_lint_core/src/change_reporter.dart:241:35)
[ConvertToStatefulBaseWidget] 2024-12-19T12:19:50.410276 #5      new Future.<anonymous closure> (dart:async/future.dart:258:40)
[ConvertToStatefulBaseWidget] 2024-12-19T12:19:50.410276 #6      _rootRun (dart:async/zone.dart:1391:47)
[ConvertToStatefulBaseWidget] 2024-12-19T12:19:50.410276 #7      _CustomZone.run (dart:async/zone.dart:1301:19)
[ConvertToStatefulBaseWidget] 2024-12-19T12:19:50.410276 #8      _CustomZone.runGuarded (dart:async/zone.dart:1209:7)
[ConvertToStatefulBaseWidget] 2024-12-19T12:19:50.410276 #9      _CustomZone.bindCallbackGuarded.<anonymous closure> (dart:async/zone.dart:1249:23)
[ConvertToStatefulBaseWidget] 2024-12-19T12:19:50.410276 #10     _rootRun (dart:async/zone.dart:1399:13)
[ConvertToStatefulBaseWidget] 2024-12-19T12:19:50.410276 #11     _CustomZone.run (dart:async/zone.dart:1301:19)
[ConvertToStatefulBaseWidget] 2024-12-19T12:19:50.410276 #12     _CustomZone.bindCallback.<anonymous closure> (dart:async/zone.dart:1233:23)
[ConvertToStatefulBaseWidget] 2024-12-19T12:19:50.410276 #13     Timer._createTimer.<anonymous closure> (dart:async-patch/timer_patch.dart:18:15)
[ConvertToStatefulBaseWidget] 2024-12-19T12:19:50.410276 #14     _Timer._runTimers (dart:isolate-patch/timer_impl.dart:398:19)
[ConvertToStatefulBaseWidget] 2024-12-19T12:19:50.410276 #15     _Timer._handleMessage (dart:isolate-patch/timer_impl.dart:429:5)
[ConvertToStatefulBaseWidget] 2024-12-19T12:19:50.410276 #16     _RawReceivePort._handleMessage (dart:isolate-patch/isolate_patch.dart:184:12)
[ConvertToStatefulBaseWidget] 2024-12-19T12:19:50.410276
[WrapWithConsumer] 2024-12-19T12:19:50.508267 Plugin WrapWithConsumer threw while analyzing C:\dev\esameCross\cross_platform_its_aapn_2024\pokedex\lib\src\pages\homepage.dart:
[WrapWithConsumer] 2024-12-19T12:19:50.508267 InconsistentAnalysisException: Requested result might be inconsistent with previously returned results
[WrapWithConsumer] 2024-12-19T12:19:50.508267
[WrapWithConsumer] 2024-12-19T12:19:50.508267 #0      AnalysisSessionImpl.checkConsistency (package:analyzer/src/dart/analysis/session.dart:54:7)
[WrapWithConsumer] 2024-12-19T12:19:50.508267 #1      AnalysisSessionImpl.getResolvedUnit (package:analyzer/src/dart/analysis/session.dart:129:5)
[WrapWithConsumer] 2024-12-19T12:19:50.508267 #2      ChangeBuilderImpl._createDartFileEditBuilder (package:analyzer_plugin/src/utilities/change_builder/change_builder_core.dart:287:33)
[WrapWithConsumer] 2024-12-19T12:19:50.508267 #3      ChangeBuilderImpl.addDartFileEdit (package:analyzer_plugin/src/utilities/change_builder/change_builder_core.dart:136:23)
[WrapWithConsumer] 2024-12-19T12:19:50.508267 #4      ChangeBuilderImpl.addDartFileEdit.<anonymous closure> (package:custom_lint_core/src/change_reporter.dart:241:35)
[WrapWithConsumer] 2024-12-19T12:19:50.508267 #5      new Future.<anonymous closure> (dart:async/future.dart:258:40)
[WrapWithConsumer] 2024-12-19T12:19:50.508267 #6      _rootRun (dart:async/zone.dart:1391:47)
[WrapWithConsumer] 2024-12-19T12:19:50.508267 #7      _CustomZone.run (dart:async/zone.dart:1301:19)
[WrapWithConsumer] 2024-12-19T12:19:50.508267 #8      _CustomZone.runGuarded (dart:async/zone.dart:1209:7)
[WrapWithConsumer] 2024-12-19T12:19:50.508267 #9      _CustomZone.bindCallbackGuarded.<anonymous closure> (dart:async/zone.dart:1249:23)
[WrapWithConsumer] 2024-12-19T12:19:50.508267 #10     _rootRun (dart:async/zone.dart:1399:13)
[WrapWithConsumer] 2024-12-19T12:19:50.508267 #11     _CustomZone.run (dart:async/zone.dart:1301:19)
[WrapWithConsumer] 2024-12-19T12:19:50.508267 #12     _CustomZone.bindCallback.<anonymous closure> (dart:async/zone.dart:1233:23)
[WrapWithConsumer] 2024-12-19T12:19:50.508267 #13     Timer._createTimer.<anonymous closure> (dart:async-patch/timer_patch.dart:18:15)
[WrapWithConsumer] 2024-12-19T12:19:50.508267 #14     _Timer._runTimers (dart:isolate-patch/timer_impl.dart:398:19)
[WrapWithConsumer] 2024-12-19T12:19:50.508267 #15     _Timer._handleMessage (dart:isolate-patch/timer_impl.dart:429:5)
[WrapWithConsumer] 2024-12-19T12:19:50.508267 #16     _RawReceivePort._handleMessage (dart:isolate-patch/isolate_patch.dart:184:12)
[WrapWithConsumer] 2024-12-19T12:19:50.508267
[WrapWithProviderScope] 2024-12-19T12:19:50.539543 Plugin WrapWithProviderScope threw while analyzing C:\dev\esameCross\cross_platform_its_aapn_2024\pokedex\lib\src\pages\homepage.dart:
[WrapWithProviderScope] 2024-12-19T12:19:50.539543 InconsistentAnalysisException: Requested result might be inconsistent with previously returned results
[WrapWithProviderScope] 2024-12-19T12:19:50.539543
[WrapWithProviderScope] 2024-12-19T12:19:50.539543 #0      AnalysisSessionImpl.checkConsistency (package:analyzer/src/dart/analysis/session.dart:54:7)
[WrapWithProviderScope] 2024-12-19T12:19:50.539543 #1      AnalysisSessionImpl.getResolvedUnit (package:analyzer/src/dart/analysis/session.dart:129:5)
[WrapWithProviderScope] 2024-12-19T12:19:50.539543 #2      ChangeBuilderImpl._createDartFileEditBuilder (package:analyzer_plugin/src/utilities/change_builder/change_builder_core.dart:287:33)
[WrapWithProviderScope] 2024-12-19T12:19:50.539543 #3      ChangeBuilderImpl.addDartFileEdit (package:analyzer_plugin/src/utilities/change_builder/change_builder_core.dart:136:23)
[WrapWithProviderScope] 2024-12-19T12:19:50.539543 #4      ChangeBuilderImpl.addDartFileEdit.<anonymous closure> (package:custom_lint_core/src/change_reporter.dart:241:35)
[WrapWithProviderScope] 2024-12-19T12:19:50.539543 #5      new Future.<anonymous closure> (dart:async/future.dart:258:40)
[WrapWithProviderScope] 2024-12-19T12:19:50.539543 #6      _rootRun (dart:async/zone.dart:1391:47)
[WrapWithProviderScope] 2024-12-19T12:19:50.539543 #7      _CustomZone.run (dart:async/zone.dart:1301:19)
[WrapWithProviderScope] 2024-12-19T12:19:50.539543 #8      _CustomZone.runGuarded (dart:async/zone.dart:1209:7)
[WrapWithProviderScope] 2024-12-19T12:19:50.539543 #9      _CustomZone.bindCallbackGuarded.<anonymous closure> (dart:async/zone.dart:1249:23)
[WrapWithProviderScope] 2024-12-19T12:19:50.539543 #10     _rootRun (dart:async/zone.dart:1399:13)
[WrapWithProviderScope] 2024-12-19T12:19:50.539543 #11     _CustomZone.run (dart:async/zone.dart:1301:19)
[WrapWithProviderScope] 2024-12-19T12:19:50.539543 #12     _CustomZone.bindCallback.<anonymous closure> (dart:async/zone.dart:1233:23)
[WrapWithProviderScope] 2024-12-19T12:19:50.539543 #13     Timer._createTimer.<anonymous closure> (dart:async-patch/timer_patch.dart:18:15)
[WrapWithProviderScope] 2024-12-19T12:19:50.539543 #14     _Timer._runTimers (dart:isolate-patch/timer_impl.dart:398:19)
[WrapWithProviderScope] 2024-12-19T12:19:50.539543 #15     _Timer._handleMessage (dart:isolate-patch/timer_impl.dart:429:5)
[WrapWithProviderScope] 2024-12-19T12:19:50.539543 #16     _RawReceivePort._handleMessage (dart:isolate-patch/isolate_patch.dart:184:12)
[WrapWithProviderScope] 2024-12-19T12:19:50.539543
[WrapWithConsumer] 2024-12-19T12:19:50.573145 Plugin WrapWithConsumer threw while analyzing C:\dev\esameCross\cross_platform_its_aapn_2024\pokedex\lib\src\pages\homepage.dart:
[WrapWithConsumer] 2024-12-19T12:19:50.573145 InconsistentAnalysisException: Requested result might be inconsistent with previously returned results
[WrapWithConsumer] 2024-12-19T12:19:50.573145
[WrapWithConsumer] 2024-12-19T12:19:50.573145 #0      AnalysisSessionImpl.checkConsistency (package:analyzer/src/dart/analysis/session.dart:54:7)
[WrapWithConsumer] 2024-12-19T12:19:50.573145 #1      AnalysisSessionImpl.getResolvedUnit (package:analyzer/src/dart/analysis/session.dart:129:5)
[WrapWithConsumer] 2024-12-19T12:19:50.573145 #2      ChangeBuilderImpl._createDartFileEditBuilder (package:analyzer_plugin/src/utilities/change_builder/change_builder_core.dart:287:33)
[WrapWithConsumer] 2024-12-19T12:19:50.573145 #3      ChangeBuilderImpl.addDartFileEdit (package:analyzer_plugin/src/utilities/change_builder/change_builder_core.dart:136:23)
[WrapWithConsumer] 2024-12-19T12:19:50.573145 #4      ChangeBuilderImpl.addDartFileEdit.<anonymous closure> (package:custom_lint_core/src/change_reporter.dart:241:35)
[WrapWithConsumer] 2024-12-19T12:19:50.573145 #5      new Future.<anonymous closure> (dart:async/future.dart:258:40)
[WrapWithConsumer] 2024-12-19T12:19:50.573145 #6      _rootRun (dart:async/zone.dart:1391:47)
[WrapWithConsumer] 2024-12-19T12:19:50.573145 #7      _CustomZone.run (dart:async/zone.dart:1301:19)
[WrapWithConsumer] 2024-12-19T12:19:50.573145 #8      _CustomZone.runGuarded (dart:async/zone.dart:1209:7)
[WrapWithConsumer] 2024-12-19T12:19:50.573145 #9      _CustomZone.bindCallbackGuarded.<anonymous closure> (dart:async/zone.dart:1249:23)
[WrapWithConsumer] 2024-12-19T12:19:50.573145 #10     _rootRun (dart:async/zone.dart:1399:13)
[WrapWithConsumer] 2024-12-19T12:19:50.573145 #11     _CustomZone.run (dart:async/zone.dart:1301:19)
[WrapWithConsumer] 2024-12-19T12:19:50.573145 #12     _CustomZone.bindCallback.<anonymous closure> (dart:async/zone.dart:1233:23)
[WrapWithConsumer] 2024-12-19T12:19:50.573145 #13     Timer._createTimer.<anonymous closure> (dart:async-patch/timer_patch.dart:18:15)
[WrapWithConsumer] 2024-12-19T12:19:50.573145 #14     _Timer._runTimers (dart:isolate-patch/timer_impl.dart:398:19)
[WrapWithConsumer] 2024-12-19T12:19:50.573145 #15     _Timer._handleMessage (dart:isolate-patch/timer_impl.dart:429:5)
[WrapWithConsumer] 2024-12-19T12:19:50.573145 #16     _RawReceivePort._handleMessage (dart:isolate-patch/isolate_patch.dart:184:12)
[WrapWithConsumer] 2024-12-19T12:19:50.573145
[WrapWithProviderScope] 2024-12-19T12:19:50.594807 Plugin WrapWithProviderScope threw while analyzing C:\dev\esameCross\cross_platform_its_aapn_2024\pokedex\lib\src\pages\homepage.dart:
[WrapWithProviderScope] 2024-12-19T12:19:50.594807 InconsistentAnalysisException: Requested result might be inconsistent with previously returned results
[WrapWithProviderScope] 2024-12-19T12:19:50.594807
[WrapWithProviderScope] 2024-12-19T12:19:50.594807 #0      AnalysisSessionImpl.checkConsistency (package:analyzer/src/dart/analysis/session.dart:54:7)
[WrapWithProviderScope] 2024-12-19T12:19:50.594807 #1      AnalysisSessionImpl.getResolvedUnit (package:analyzer/src/dart/analysis/session.dart:129:5)
[WrapWithProviderScope] 2024-12-19T12:19:50.594807 #2      ChangeBuilderImpl._createDartFileEditBuilder (package:analyzer_plugin/src/utilities/change_builder/change_builder_core.dart:287:33)
[WrapWithProviderScope] 2024-12-19T12:19:50.594807 #3      ChangeBuilderImpl.addDartFileEdit (package:analyzer_plugin/src/utilities/change_builder/change_builder_core.dart:136:23)
[WrapWithProviderScope] 2024-12-19T12:19:50.594807 #4      ChangeBuilderImpl.addDartFileEdit.<anonymous closure> (package:custom_lint_core/src/change_reporter.dart:241:35)
[WrapWithProviderScope] 2024-12-19T12:19:50.594807 #5      new Future.<anonymous closure> (dart:async/future.dart:258:40)
[WrapWithProviderScope] 2024-12-19T12:19:50.594807 #6      _rootRun (dart:async/zone.dart:1391:47)
[WrapWithProviderScope] 2024-12-19T12:19:50.594807 #7      _CustomZone.run (dart:async/zone.dart:1301:19)
[WrapWithProviderScope] 2024-12-19T12:19:50.594807 #8      _CustomZone.runGuarded (dart:async/zone.dart:1209:7)
[WrapWithProviderScope] 2024-12-19T12:19:50.594807 #9      _CustomZone.bindCallbackGuarded.<anonymous closure> (dart:async/zone.dart:1249:23)
[WrapWithProviderScope] 2024-12-19T12:19:50.594807 #10     _rootRun (dart:async/zone.dart:1399:13)
[WrapWithProviderScope] 2024-12-19T12:19:50.594807 #11     _CustomZone.run (dart:async/zone.dart:1301:19)
[WrapWithProviderScope] 2024-12-19T12:19:50.594807 #12     _CustomZone.bindCallback.<anonymous closure> (dart:async/zone.dart:1233:23)
[WrapWithProviderScope] 2024-12-19T12:19:50.594807 #13     Timer._createTimer.<anonymous closure> (dart:async-patch/timer_patch.dart:18:15)
[WrapWithProviderScope] 2024-12-19T12:19:50.594807 #14     _Timer._runTimers (dart:isolate-patch/timer_impl.dart:398:19)
[WrapWithProviderScope] 2024-12-19T12:19:50.594807 #15     _Timer._handleMessage (dart:isolate-patch/timer_impl.dart:429:5)
[WrapWithProviderScope] 2024-12-19T12:19:50.594807 #16     _RawReceivePort._handleMessage (dart:isolate-patch/isolate_patch.dart:184:12)
[WrapWithProviderScope] 2024-12-19T12:19:50.594807
[WrapWithConsumer] 2024-12-19T12:19:50.612540 Plugin WrapWithConsumer threw while analyzing C:\dev\esameCross\cross_platform_its_aapn_2024\pokedex\lib\src\pages\homepage.dart:
[WrapWithConsumer] 2024-12-19T12:19:50.612540 InconsistentAnalysisException: Requested result might be inconsistent with previously returned results
[WrapWithConsumer] 2024-12-19T12:19:50.612540
[WrapWithConsumer] 2024-12-19T12:19:50.612540 #0      AnalysisSessionImpl.checkConsistency (package:analyzer/src/dart/analysis/session.dart:54:7)
[WrapWithConsumer] 2024-12-19T12:19:50.612540 #1      AnalysisSessionImpl.getResolvedUnit (package:analyzer/src/dart/analysis/session.dart:129:5)
[WrapWithConsumer] 2024-12-19T12:19:50.612540 #2      ChangeBuilderImpl._createDartFileEditBuilder (package:analyzer_plugin/src/utilities/change_builder/change_builder_core.dart:287:33)
[WrapWithConsumer] 2024-12-19T12:19:50.612540 #3      ChangeBuilderImpl.addDartFileEdit (package:analyzer_plugin/src/utilities/change_builder/change_builder_core.dart:136:23)
[WrapWithConsumer] 2024-12-19T12:19:50.612540 #4      ChangeBuilderImpl.addDartFileEdit.<anonymous closure> (package:custom_lint_core/src/change_reporter.dart:241:35)
[WrapWithConsumer] 2024-12-19T12:19:50.612540 #5      new Future.<anonymous closure> (dart:async/future.dart:258:40)
[WrapWithConsumer] 2024-12-19T12:19:50.612540 #6      _rootRun (dart:async/zone.dart:1391:47)
[WrapWithConsumer] 2024-12-19T12:19:50.612540 #7      _CustomZone.run (dart:async/zone.dart:1301:19)
[WrapWithConsumer] 2024-12-19T12:19:50.612540 #8      _CustomZone.runGuarded (dart:async/zone.dart:1209:7)
[WrapWithConsumer] 2024-12-19T12:19:50.612540 #9      _CustomZone.bindCallbackGuarded.<anonymous closure> (dart:async/zone.dart:1249:23)
[WrapWithConsumer] 2024-12-19T12:19:50.612540 #10     _rootRun (dart:async/zone.dart:1399:13)
[WrapWithConsumer] 2024-12-19T12:19:50.612540 #11     _CustomZone.run (dart:async/zone.dart:1301:19)
[WrapWithConsumer] 2024-12-19T12:19:50.612540 #12     _CustomZone.bindCallback.<anonymous closure> (dart:async/zone.dart:1233:23)
[WrapWithConsumer] 2024-12-19T12:19:50.612540 #13     Timer._createTimer.<anonymous closure> (dart:async-patch/timer_patch.dart:18:15)
[WrapWithConsumer] 2024-12-19T12:19:50.612540 #14     _Timer._runTimers (dart:isolate-patch/timer_impl.dart:398:19)
[WrapWithConsumer] 2024-12-19T12:19:50.612540 #15     _Timer._handleMessage (dart:isolate-patch/timer_impl.dart:429:5)
[WrapWithConsumer] 2024-12-19T12:19:50.612540 #16     _RawReceivePort._handleMessage (dart:isolate-patch/isolate_patch.dart:184:12)
[WrapWithConsumer] 2024-12-19T12:19:50.612540
[WrapWithProviderScope] 2024-12-19T12:19:50.631487 Plugin WrapWithProviderScope threw while analyzing C:\dev\esameCross\cross_platform_its_aapn_2024\pokedex\lib\src\pages\homepage.dart:
[WrapWithProviderScope] 2024-12-19T12:19:50.631487 InconsistentAnalysisException: Requested result might be inconsistent with previously returned results
[WrapWithProviderScope] 2024-12-19T12:19:50.631487
[WrapWithProviderScope] 2024-12-19T12:19:50.631487 #0      AnalysisSessionImpl.checkConsistency (package:analyzer/src/dart/analysis/session.dart:54:7)
[WrapWithProviderScope] 2024-12-19T12:19:50.631487 #1      AnalysisSessionImpl.getResolvedUnit (package:analyzer/src/dart/analysis/session.dart:129:5)
[WrapWithProviderScope] 2024-12-19T12:19:50.631487 #2      ChangeBuilderImpl._createDartFileEditBuilder (package:analyzer_plugin/src/utilities/change_builder/change_builder_core.dart:287:33)
[WrapWithProviderScope] 2024-12-19T12:19:50.631487 #3      ChangeBuilderImpl.addDartFileEdit (package:analyzer_plugin/src/utilities/change_builder/change_builder_core.dart:136:23)
[WrapWithProviderScope] 2024-12-19T12:19:50.631487 #4      ChangeBuilderImpl.addDartFileEdit.<anonymous closure> (package:custom_lint_core/src/change_reporter.dart:241:35)
[WrapWithProviderScope] 2024-12-19T12:19:50.631487 #5      new Future.<anonymous closure> (dart:async/future.dart:258:40)
[WrapWithProviderScope] 2024-12-19T12:19:50.631487 #6      _rootRun (dart:async/zone.dart:1391:47)
[WrapWithProviderScope] 2024-12-19T12:19:50.631487 #7      _CustomZone.run (dart:async/zone.dart:1301:19)
[WrapWithProviderScope] 2024-12-19T12:19:50.631487 #8      _CustomZone.runGuarded (dart:async/zone.dart:1209:7)
[WrapWithProviderScope] 2024-12-19T12:19:50.631487 #9      _CustomZone.bindCallbackGuarded.<anonymous closure> (dart:async/zone.dart:1249:23)
[WrapWithProviderScope] 2024-12-19T12:19:50.631487 #10     _rootRun (dart:async/zone.dart:1399:13)
[WrapWithProviderScope] 2024-12-19T12:19:50.631487 #11     _CustomZone.run (dart:async/zone.dart:1301:19)
[WrapWithProviderScope] 2024-12-19T12:19:50.631487 #12     _CustomZone.bindCallback.<anonymous closure> (dart:async/zone.dart:1233:23)
[WrapWithProviderScope] 2024-12-19T12:19:50.631487 #13     Timer._createTimer.<anonymous closure> (dart:async-patch/timer_patch.dart:18:15)
[WrapWithProviderScope] 2024-12-19T12:19:50.631487 #14     _Timer._runTimers (dart:isolate-patch/timer_impl.dart:398:19)
[WrapWithProviderScope] 2024-12-19T12:19:50.631487 #15     _Timer._handleMessage (dart:isolate-patch/timer_impl.dart:429:5)
[WrapWithProviderScope] 2024-12-19T12:19:50.631487 #16     _RawReceivePort._handleMessage (dart:isolate-patch/isolate_patch.dart:184:12)
[WrapWithProviderScope] 2024-12-19T12:19:50.631487
[WrapWithConsumer] 2024-12-19T12:19:50.649569 Plugin WrapWithConsumer threw while analyzing C:\dev\esameCross\cross_platform_its_aapn_2024\pokedex\lib\src\pages\homepage.dart:
[WrapWithConsumer] 2024-12-19T12:19:50.649569 InconsistentAnalysisException: Requested result might be inconsistent with previously returned results
[WrapWithConsumer] 2024-12-19T12:19:50.649569
[WrapWithConsumer] 2024-12-19T12:19:50.649569 #0      AnalysisSessionImpl.checkConsistency (package:analyzer/src/dart/analysis/session.dart:54:7)
[WrapWithConsumer] 2024-12-19T12:19:50.649569 #1      AnalysisSessionImpl.getResolvedUnit (package:analyzer/src/dart/analysis/session.dart:129:5)
[WrapWithConsumer] 2024-12-19T12:19:50.649569 #2      ChangeBuilderImpl._createDartFileEditBuilder (package:analyzer_plugin/src/utilities/change_builder/change_builder_core.dart:287:33)
[WrapWithConsumer] 2024-12-19T12:19:50.649569 #3      ChangeBuilderImpl.addDartFileEdit (package:analyzer_plugin/src/utilities/change_builder/change_builder_core.dart:136:23)
[WrapWithConsumer] 2024-12-19T12:19:50.649569 #4      ChangeBuilderImpl.addDartFileEdit.<anonymous closure> (package:custom_lint_core/src/change_reporter.dart:241:35)
[WrapWithConsumer] 2024-12-19T12:19:50.649569 #5      new Future.<anonymous closure> (dart:async/future.dart:258:40)
[WrapWithConsumer] 2024-12-19T12:19:50.649569 #6      _rootRun (dart:async/zone.dart:1391:47)
[WrapWithConsumer] 2024-12-19T12:19:50.649569 #7      _CustomZone.run (dart:async/zone.dart:1301:19)
[WrapWithConsumer] 2024-12-19T12:19:50.649569 #8      _CustomZone.runGuarded (dart:async/zone.dart:1209:7)
[WrapWithConsumer] 2024-12-19T12:19:50.649569 #9      _CustomZone.bindCallbackGuarded.<anonymous closure> (dart:async/zone.dart:1249:23)
[WrapWithConsumer] 2024-12-19T12:19:50.649569 #10     _rootRun (dart:async/zone.dart:1399:13)
[WrapWithConsumer] 2024-12-19T12:19:50.649569 #11     _CustomZone.run (dart:async/zone.dart:1301:19)
[WrapWithConsumer] 2024-12-19T12:19:50.649569 #12     _CustomZone.bindCallback.<anonymous closure> (dart:async/zone.dart:1233:23)
[WrapWithConsumer] 2024-12-19T12:19:50.649569 #13     Timer._createTimer.<anonymous closure> (dart:async-patch/timer_patch.dart:18:15)
[WrapWithConsumer] 2024-12-19T12:19:50.649569 #14     _Timer._runTimers (dart:isolate-patch/timer_impl.dart:398:19)
[WrapWithConsumer] 2024-12-19T12:19:50.649569 #15     _Timer._handleMessage (dart:isolate-patch/timer_impl.dart:429:5)
[WrapWithConsumer] 2024-12-19T12:19:50.649569 #16     _RawReceivePort._handleMessage (dart:isolate-patch/isolate_patch.dart:184:12)
[WrapWithConsumer] 2024-12-19T12:19:50.649569
[WrapWithProviderScope] 2024-12-19T12:19:50.665539 Plugin WrapWithProviderScope threw while analyzing C:\dev\esameCross\cross_platform_its_aapn_2024\pokedex\lib\src\pages\homepage.dart:
[WrapWithProviderScope] 2024-12-19T12:19:50.665539 InconsistentAnalysisException: Requested result might be inconsistent with previously returned results
[WrapWithProviderScope] 2024-12-19T12:19:50.665539
[WrapWithProviderScope] 2024-12-19T12:19:50.665539 #0      AnalysisSessionImpl.checkConsistency (package:analyzer/src/dart/analysis/session.dart:54:7)
[WrapWithProviderScope] 2024-12-19T12:19:50.665539 #1      AnalysisSessionImpl.getResolvedUnit (package:analyzer/src/dart/analysis/session.dart:129:5)
[WrapWithProviderScope] 2024-12-19T12:19:50.665539 #2      ChangeBuilderImpl._createDartFileEditBuilder (package:analyzer_plugin/src/utilities/change_builder/change_builder_core.dart:287:33)
[WrapWithProviderScope] 2024-12-19T12:19:50.665539 #3      ChangeBuilderImpl.addDartFileEdit (package:analyzer_plugin/src/utilities/change_builder/change_builder_core.dart:136:23)
[WrapWithProviderScope] 2024-12-19T12:19:50.665539 #4      ChangeBuilderImpl.addDartFileEdit.<anonymous closure> (package:custom_lint_core/src/change_reporter.dart:241:35)
[WrapWithProviderScope] 2024-12-19T12:19:50.665539 #5      new Future.<anonymous closure> (dart:async/future.dart:258:40)
[WrapWithProviderScope] 2024-12-19T12:19:50.665539 #6      _rootRun (dart:async/zone.dart:1391:47)
[WrapWithProviderScope] 2024-12-19T12:19:50.665539 #7      _CustomZone.run (dart:async/zone.dart:1301:19)
[WrapWithProviderScope] 2024-12-19T12:19:50.665539 #8      _CustomZone.runGuarded (dart:async/zone.dart:1209:7)
[WrapWithProviderScope] 2024-12-19T12:19:50.665539 #9      _CustomZone.bindCallbackGuarded.<anonymous closure> (dart:async/zone.dart:1249:23)
[WrapWithProviderScope] 2024-12-19T12:19:50.665539 #10     _rootRun (dart:async/zone.dart:1399:13)
[WrapWithProviderScope] 2024-12-19T12:19:50.665539 #11     _CustomZone.run (dart:async/zone.dart:1301:19)
[WrapWithProviderScope] 2024-12-19T12:19:50.665539 #12     _CustomZone.bindCallback.<anonymous closure> (dart:async/zone.dart:1233:23)
[WrapWithProviderScope] 2024-12-19T12:19:50.665539 #13     Timer._createTimer.<anonymous closure> (dart:async-patch/timer_patch.dart:18:15)
[WrapWithProviderScope] 2024-12-19T12:19:50.665539 #14     _Timer._runTimers (dart:isolate-patch/timer_impl.dart:398:19)
[WrapWithProviderScope] 2024-12-19T12:19:50.665539 #15     _Timer._handleMessage (dart:isolate-patch/timer_impl.dart:429:5)
[WrapWithProviderScope] 2024-12-19T12:19:50.665539 #16     _RawReceivePort._handleMessage (dart:isolate-patch/isolate_patch.dart:184:12)
[WrapWithProviderScope] 2024-12-19T12:19:50.665539
[WrapWithConsumer] 2024-12-19T12:19:50.676580 Plugin WrapWithConsumer threw while analyzing C:\dev\esameCross\cross_platform_its_aapn_2024\pokedex\lib\src\pages\homepage.dart:
[WrapWithConsumer] 2024-12-19T12:19:50.676580 InconsistentAnalysisException: Requested result might be inconsistent with previously returned results
[WrapWithConsumer] 2024-12-19T12:19:50.676580
[WrapWithConsumer] 2024-12-19T12:19:50.676580 #0      AnalysisSessionImpl.checkConsistency (package:analyzer/src/dart/analysis/session.dart:54:7)
[WrapWithConsumer] 2024-12-19T12:19:50.676580 #1      AnalysisSessionImpl.getResolvedUnit (package:analyzer/src/dart/analysis/session.dart:129:5)
[WrapWithConsumer] 2024-12-19T12:19:50.676580 #2      ChangeBuilderImpl._createDartFileEditBuilder (package:analyzer_plugin/src/utilities/change_builder/change_builder_core.dart:287:33)
[WrapWithConsumer] 2024-12-19T12:19:50.676580 #3      ChangeBuilderImpl.addDartFileEdit (package:analyzer_plugin/src/utilities/change_builder/change_builder_core.dart:136:23)
[WrapWithConsumer] 2024-12-19T12:19:50.676580 #4      ChangeBuilderImpl.addDartFileEdit.<anonymous closure> (package:custom_lint_core/src/change_reporter.dart:241:35)
[WrapWithConsumer] 2024-12-19T12:19:50.676580 #5      new Future.<anonymous closure> (dart:async/future.dart:258:40)
[WrapWithConsumer] 2024-12-19T12:19:50.676580 #6      _rootRun (dart:async/zone.dart:1391:47)
[WrapWithConsumer] 2024-12-19T12:19:50.676580 #7      _CustomZone.run (dart:async/zone.dart:1301:19)
[WrapWithConsumer] 2024-12-19T12:19:50.676580 #8      _CustomZone.runGuarded (dart:async/zone.dart:1209:7)
[WrapWithConsumer] 2024-12-19T12:19:50.676580 #9      _CustomZone.bindCallbackGuarded.<anonymous closure> (dart:async/zone.dart:1249:23)
[WrapWithConsumer] 2024-12-19T12:19:50.676580 #10     _rootRun (dart:async/zone.dart:1399:13)
[WrapWithConsumer] 2024-12-19T12:19:50.676580 #11     _CustomZone.run (dart:async/zone.dart:1301:19)
[WrapWithConsumer] 2024-12-19T12:19:50.676580 #12     _CustomZone.bindCallback.<anonymous closure> (dart:async/zone.dart:1233:23)
[WrapWithConsumer] 2024-12-19T12:19:50.676580 #13     Timer._createTimer.<anonymous closure> (dart:async-patch/timer_patch.dart:18:15)
[WrapWithConsumer] 2024-12-19T12:19:50.676580 #14     _Timer._runTimers (dart:isolate-patch/timer_impl.dart:398:19)
[WrapWithConsumer] 2024-12-19T12:19:50.676580 #15     _Timer._handleMessage (dart:isolate-patch/timer_impl.dart:429:5)
[WrapWithConsumer] 2024-12-19T12:19:50.676580 #16     _RawReceivePort._handleMessage (dart:isolate-patch/isolate_patch.dart:184:12)
[WrapWithConsumer] 2024-12-19T12:19:50.676580
[WrapWithProviderScope] 2024-12-19T12:19:50.694056 Plugin WrapWithProviderScope threw while analyzing C:\dev\esameCross\cross_platform_its_aapn_2024\pokedex\lib\src\pages\homepage.dart:
[WrapWithProviderScope] 2024-12-19T12:19:50.694056 InconsistentAnalysisException: Requested result might be inconsistent with previously returned results
[WrapWithProviderScope] 2024-12-19T12:19:50.694056
[WrapWithProviderScope] 2024-12-19T12:19:50.694056 #0      AnalysisSessionImpl.checkConsistency (package:analyzer/src/dart/analysis/session.dart:54:7)
[WrapWithProviderScope] 2024-12-19T12:19:50.694056 #1      AnalysisSessionImpl.getResolvedUnit (package:analyzer/src/dart/analysis/session.dart:129:5)
[WrapWithProviderScope] 2024-12-19T12:19:50.694056 #2      ChangeBuilderImpl._createDartFileEditBuilder (package:analyzer_plugin/src/utilities/change_builder/change_builder_core.dart:287:33)
[WrapWithProviderScope] 2024-12-19T12:19:50.694056 #3      ChangeBuilderImpl.addDartFileEdit (package:analyzer_plugin/src/utilities/change_builder/change_builder_core.dart:136:23)
[WrapWithProviderScope] 2024-12-19T12:19:50.694056 #4      ChangeBuilderImpl.addDartFileEdit.<anonymous closure> (package:custom_lint_core/src/change_reporter.dart:241:35)
[WrapWithProviderScope] 2024-12-19T12:19:50.694056 #5      new Future.<anonymous closure> (dart:async/future.dart:258:40)
[WrapWithProviderScope] 2024-12-19T12:19:50.694056 #6      _rootRun (dart:async/zone.dart:1391:47)
[WrapWithProviderScope] 2024-12-19T12:19:50.694056 #7      _CustomZone.run (dart:async/zone.dart:1301:19)
[WrapWithProviderScope] 2024-12-19T12:19:50.694056 #8      _CustomZone.runGuarded (dart:async/zone.dart:1209:7)
[WrapWithProviderScope] 2024-12-19T12:19:50.694056 #9      _CustomZone.bindCallbackGuarded.<anonymous closure> (dart:async/zone.dart:1249:23)
[WrapWithProviderScope] 2024-12-19T12:19:50.694056 #10     _rootRun (dart:async/zone.dart:1399:13)
[WrapWithProviderScope] 2024-12-19T12:19:50.694056 #11     _CustomZone.run (dart:async/zone.dart:1301:19)
[WrapWithProviderScope] 2024-12-19T12:19:50.694056 #12     _CustomZone.bindCallback.<anonymous closure> (dart:async/zone.dart:1233:23)
[WrapWithProviderScope] 2024-12-19T12:19:50.694056 #13     Timer._createTimer.<anonymous closure> (dart:async-patch/timer_patch.dart:18:15)
[WrapWithProviderScope] 2024-12-19T12:19:50.694056 #14     _Timer._runTimers (dart:isolate-patch/timer_impl.dart:398:19)
[WrapWithProviderScope] 2024-12-19T12:19:50.694056 #15     _Timer._handleMessage (dart:isolate-patch/timer_impl.dart:429:5)
[WrapWithProviderScope] 2024-12-19T12:19:50.694056 #16     _RawReceivePort._handleMessage (dart:isolate-patch/isolate_patch.dart:184:12)
[WrapWithProviderScope] 2024-12-19T12:19:50.694056
[WrapWithConsumer] 2024-12-19T12:19:50.710755 Plugin WrapWithConsumer threw while analyzing C:\dev\esameCross\cross_platform_its_aapn_2024\pokedex\lib\src\pages\homepage.dart:
[WrapWithConsumer] 2024-12-19T12:19:50.710755 InconsistentAnalysisException: Requested result might be inconsistent with previously returned results
[WrapWithConsumer] 2024-12-19T12:19:50.710755
[WrapWithConsumer] 2024-12-19T12:19:50.710755 #0      AnalysisSessionImpl.checkConsistency (package:analyzer/src/dart/analysis/session.dart:54:7)
[WrapWithConsumer] 2024-12-19T12:19:50.710755 #1      AnalysisSessionImpl.getResolvedUnit (package:analyzer/src/dart/analysis/session.dart:129:5)
[WrapWithConsumer] 2024-12-19T12:19:50.710755 #2      ChangeBuilderImpl._createDartFileEditBuilder (package:analyzer_plugin/src/utilities/change_builder/change_builder_core.dart:287:33)
[WrapWithConsumer] 2024-12-19T12:19:50.710755 #3      ChangeBuilderImpl.addDartFileEdit (package:analyzer_plugin/src/utilities/change_builder/change_builder_core.dart:136:23)
[WrapWithConsumer] 2024-12-19T12:19:50.710755 #4      ChangeBuilderImpl.addDartFileEdit.<anonymous closure> (package:custom_lint_core/src/change_reporter.dart:241:35)
[WrapWithConsumer] 2024-12-19T12:19:50.710755 #5      new Future.<anonymous closure> (dart:async/future.dart:258:40)
[WrapWithConsumer] 2024-12-19T12:19:50.710755 #6      _rootRun (dart:async/zone.dart:1391:47)
[WrapWithConsumer] 2024-12-19T12:19:50.710755 #7      _CustomZone.run (dart:async/zone.dart:1301:19)
[WrapWithConsumer] 2024-12-19T12:19:50.710755 #8      _CustomZone.runGuarded (dart:async/zone.dart:1209:7)
[WrapWithConsumer] 2024-12-19T12:19:50.710755 #9      _CustomZone.bindCallbackGuarded.<anonymous closure> (dart:async/zone.dart:1249:23)
[WrapWithConsumer] 2024-12-19T12:19:50.710755 #10     _rootRun (dart:async/zone.dart:1399:13)
[WrapWithConsumer] 2024-12-19T12:19:50.710755 #11     _CustomZone.run (dart:async/zone.dart:1301:19)
[WrapWithConsumer] 2024-12-19T12:19:50.710755 #12     _CustomZone.bindCallback.<anonymous closure> (dart:async/zone.dart:1233:23)
[WrapWithConsumer] 2024-12-19T12:19:50.710755 #13     Timer._createTimer.<anonymous closure> (dart:async-patch/timer_patch.dart:18:15)
[WrapWithConsumer] 2024-12-19T12:19:50.710755 #14     _Timer._runTimers (dart:isolate-patch/timer_impl.dart:398:19)
[WrapWithConsumer] 2024-12-19T12:19:50.710755 #15     _Timer._handleMessage (dart:isolate-patch/timer_impl.dart:429:5)
[WrapWithConsumer] 2024-12-19T12:19:50.710755 #16     _RawReceivePort._handleMessage (dart:isolate-patch/isolate_patch.dart:184:12)
[WrapWithConsumer] 2024-12-19T12:19:50.710755
[WrapWithProviderScope] 2024-12-19T12:19:50.726138 Plugin WrapWithProviderScope threw while analyzing C:\dev\esameCross\cross_platform_its_aapn_2024\pokedex\lib\src\pages\homepage.dart:
[WrapWithProviderScope] 2024-12-19T12:19:50.726138 InconsistentAnalysisException: Requested result might be inconsistent with previously returned results
[WrapWithProviderScope] 2024-12-19T12:19:50.726138
[WrapWithProviderScope] 2024-12-19T12:19:50.726138 #0      AnalysisSessionImpl.checkConsistency (package:analyzer/src/dart/analysis/session.dart:54:7)
[WrapWithProviderScope] 2024-12-19T12:19:50.726138 #1      AnalysisSessionImpl.getResolvedUnit (package:analyzer/src/dart/analysis/session.dart:129:5)
[WrapWithProviderScope] 2024-12-19T12:19:50.726138 #2      ChangeBuilderImpl._createDartFileEditBuilder (package:analyzer_plugin/src/utilities/change_builder/change_builder_core.dart:287:33)
[WrapWithProviderScope] 2024-12-19T12:19:50.726138 #3      ChangeBuilderImpl.addDartFileEdit (package:analyzer_plugin/src/utilities/change_builder/change_builder_core.dart:136:23)
[WrapWithProviderScope] 2024-12-19T12:19:50.726138 #4      ChangeBuilderImpl.addDartFileEdit.<anonymous closure> (package:custom_lint_core/src/change_reporter.dart:241:35)
[WrapWithProviderScope] 2024-12-19T12:19:50.726138 #5      new Future.<anonymous closure> (dart:async/future.dart:258:40)
[WrapWithProviderScope] 2024-12-19T12:19:50.726138 #6      _rootRun (dart:async/zone.dart:1391:47)
[WrapWithProviderScope] 2024-12-19T12:19:50.726138 #7      _CustomZone.run (dart:async/zone.dart:1301:19)
[WrapWithProviderScope] 2024-12-19T12:19:50.726138 #8      _CustomZone.runGuarded (dart:async/zone.dart:1209:7)
[WrapWithProviderScope] 2024-12-19T12:19:50.726138 #9      _CustomZone.bindCallbackGuarded.<anonymous closure> (dart:async/zone.dart:1249:23)
[WrapWithProviderScope] 2024-12-19T12:19:50.726138 #10     _rootRun (dart:async/zone.dart:1399:13)
[WrapWithProviderScope] 2024-12-19T12:19:50.726138 #11     _CustomZone.run (dart:async/zone.dart:1301:19)
[WrapWithProviderScope] 2024-12-19T12:19:50.726138 #12     _CustomZone.bindCallback.<anonymous closure> (dart:async/zone.dart:1233:23)
[WrapWithProviderScope] 2024-12-19T12:19:50.726138 #13     Timer._createTimer.<anonymous closure> (dart:async-patch/timer_patch.dart:18:15)
[WrapWithProviderScope] 2024-12-19T12:19:50.726138 #14     _Timer._runTimers (dart:isolate-patch/timer_impl.dart:398:19)
[WrapWithProviderScope] 2024-12-19T12:19:50.726138 #15     _Timer._handleMessage (dart:isolate-patch/timer_impl.dart:429:5)
[WrapWithProviderScope] 2024-12-19T12:19:50.726138 #16     _RawReceivePort._handleMessage (dart:isolate-patch/isolate_patch.dart:184:12)
[WrapWithProviderScope] 2024-12-19T12:19:50.726138
[WrapWithConsumer] 2024-12-19T12:19:50.743111 Plugin WrapWithConsumer threw while analyzing C:\dev\esameCross\cross_platform_its_aapn_2024\pokedex\lib\src\pages\homepage.dart:
[WrapWithConsumer] 2024-12-19T12:19:50.743111 InconsistentAnalysisException: Requested result might be inconsistent with previously returned results
[WrapWithConsumer] 2024-12-19T12:19:50.743111
[WrapWithConsumer] 2024-12-19T12:19:50.743111 #0      AnalysisSessionImpl.checkConsistency (package:analyzer/src/dart/analysis/session.dart:54:7)
[WrapWithConsumer] 2024-12-19T12:19:50.743111 #1      AnalysisSessionImpl.getResolvedUnit (package:analyzer/src/dart/analysis/session.dart:129:5)
[WrapWithConsumer] 2024-12-19T12:19:50.743111 #2      ChangeBuilderImpl._createDartFileEditBuilder (package:analyzer_plugin/src/utilities/change_builder/change_builder_core.dart:287:33)
[WrapWithConsumer] 2024-12-19T12:19:50.743111 #3      ChangeBuilderImpl.addDartFileEdit (package:analyzer_plugin/src/utilities/change_builder/change_builder_core.dart:136:23)
[WrapWithConsumer] 2024-12-19T12:19:50.743111 #4      ChangeBuilderImpl.addDartFileEdit.<anonymous closure> (package:custom_lint_core/src/change_reporter.dart:241:35)
[WrapWithConsumer] 2024-12-19T12:19:50.743111 #5      new Future.<anonymous closure> (dart:async/future.dart:258:40)
[WrapWithConsumer] 2024-12-19T12:19:50.743111 #6      _rootRun (dart:async/zone.dart:1391:47)
[WrapWithConsumer] 2024-12-19T12:19:50.743111 #7      _CustomZone.run (dart:async/zone.dart:1301:19)
[WrapWithConsumer] 2024-12-19T12:19:50.743111 #8      _CustomZone.runGuarded (dart:async/zone.dart:1209:7)
[WrapWithConsumer] 2024-12-19T12:19:50.743111 #9      _CustomZone.bindCallbackGuarded.<anonymous closure> (dart:async/zone.dart:1249:23)
[WrapWithConsumer] 2024-12-19T12:19:50.743111 #10     _rootRun (dart:async/zone.dart:1399:13)
[WrapWithConsumer] 2024-12-19T12:19:50.743111 #11     _CustomZone.run (dart:async/zone.dart:1301:19)
[WrapWithConsumer] 2024-12-19T12:19:50.743111 #12     _CustomZone.bindCallback.<anonymous closure> (dart:async/zone.dart:1233:23)
[WrapWithConsumer] 2024-12-19T12:19:50.743111 #13     Timer._createTimer.<anonymous closure> (dart:async-patch/timer_patch.dart:18:15)
[WrapWithConsumer] 2024-12-19T12:19:50.743111 #14     _Timer._runTimers (dart:isolate-patch/timer_impl.dart:398:19)
[WrapWithConsumer] 2024-12-19T12:19:50.743111 #15     _Timer._handleMessage (dart:isolate-patch/timer_impl.dart:429:5)
[WrapWithConsumer] 2024-12-19T12:19:50.743111 #16     _RawReceivePort._handleMessage (dart:isolate-patch/isolate_patch.dart:184:12)
[WrapWithConsumer] 2024-12-19T12:19:50.743111
[WrapWithProviderScope] 2024-12-19T12:19:50.758437 Plugin WrapWithProviderScope threw while analyzing C:\dev\esameCross\cross_platform_its_aapn_2024\pokedex\lib\src\pages\homepage.dart:
[WrapWithProviderScope] 2024-12-19T12:19:50.758437 InconsistentAnalysisException: Requested result might be inconsistent with previously returned results
[WrapWithProviderScope] 2024-12-19T12:19:50.758437
[WrapWithProviderScope] 2024-12-19T12:19:50.758437 #0      AnalysisSessionImpl.checkConsistency (package:analyzer/src/dart/analysis/session.dart:54:7)
[WrapWithProviderScope] 2024-12-19T12:19:50.758437 #1      AnalysisSessionImpl.getResolvedUnit (package:analyzer/src/dart/analysis/session.dart:129:5)
[WrapWithProviderScope] 2024-12-19T12:19:50.758437 #2      ChangeBuilderImpl._createDartFileEditBuilder (package:analyzer_plugin/src/utilities/change_builder/change_builder_core.dart:287:33)
[WrapWithProviderScope] 2024-12-19T12:19:50.758437 #3      ChangeBuilderImpl.addDartFileEdit (package:analyzer_plugin/src/utilities/change_builder/change_builder_core.dart:136:23)
[WrapWithProviderScope] 2024-12-19T12:19:50.758437 #4      ChangeBuilderImpl.addDartFileEdit.<anonymous closure> (package:custom_lint_core/src/change_reporter.dart:241:35)
[WrapWithProviderScope] 2024-12-19T12:19:50.758437 #5      new Future.<anonymous closure> (dart:async/future.dart:258:40)
[WrapWithProviderScope] 2024-12-19T12:19:50.758437 #6      _rootRun (dart:async/zone.dart:1391:47)
[WrapWithProviderScope] 2024-12-19T12:19:50.758437 #7      _CustomZone.run (dart:async/zone.dart:1301:19)
[WrapWithProviderScope] 2024-12-19T12:19:50.758437 #8      _CustomZone.runGuarded (dart:async/zone.dart:1209:7)
[WrapWithProviderScope] 2024-12-19T12:19:50.758437 #9      _CustomZone.bindCallbackGuarded.<anonymous closure> (dart:async/zone.dart:1249:23)
[WrapWithProviderScope] 2024-12-19T12:19:50.758437 #10     _rootRun (dart:async/zone.dart:1399:13)
[WrapWithProviderScope] 2024-12-19T12:19:50.758437 #11     _CustomZone.run (dart:async/zone.dart:1301:19)
[WrapWithProviderScope] 2024-12-19T12:19:50.758437 #12     _CustomZone.bindCallback.<anonymous closure> (dart:async/zone.dart:1233:23)
[WrapWithProviderScope] 2024-12-19T12:19:50.758437 #13     Timer._createTimer.<anonymous closure> (dart:async-patch/timer_patch.dart:18:15)
[WrapWithProviderScope] 2024-12-19T12:19:50.758437 #14     _Timer._runTimers (dart:isolate-patch/timer_impl.dart:398:19)
[WrapWithProviderScope] 2024-12-19T12:19:50.758437 #15     _Timer._handleMessage (dart:isolate-patch/timer_impl.dart:429:5)
[WrapWithProviderScope] 2024-12-19T12:19:50.758437 #16     _RawReceivePort._handleMessage (dart:isolate-patch/isolate_patch.dart:184:12)
[WrapWithProviderScope] 2024-12-19T12:19:50.758437
[WrapWithConsumer] 2024-12-19T12:19:50.776085 Plugin WrapWithConsumer threw while analyzing C:\dev\esameCross\cross_platform_its_aapn_2024\pokedex\lib\src\pages\homepage.dart:
[WrapWithConsumer] 2024-12-19T12:19:50.776085 InconsistentAnalysisException: Requested result might be inconsistent with previously returned results
[WrapWithConsumer] 2024-12-19T12:19:50.776085
[WrapWithConsumer] 2024-12-19T12:19:50.776085 #0      AnalysisSessionImpl.checkConsistency (package:analyzer/src/dart/analysis/session.dart:54:7)
[WrapWithConsumer] 2024-12-19T12:19:50.776085 #1      AnalysisSessionImpl.getResolvedUnit (package:analyzer/src/dart/analysis/session.dart:129:5)
[WrapWithConsumer] 2024-12-19T12:19:50.776085 #2      ChangeBuilderImpl._createDartFileEditBuilder (package:analyzer_plugin/src/utilities/change_builder/change_builder_core.dart:287:33)
[WrapWithConsumer] 2024-12-19T12:19:50.776085 #3      ChangeBuilderImpl.addDartFileEdit (package:analyzer_plugin/src/utilities/change_builder/change_builder_core.dart:136:23)
[WrapWithConsumer] 2024-12-19T12:19:50.776085 #4      ChangeBuilderImpl.addDartFileEdit.<anonymous closure> (package:custom_lint_core/src/change_reporter.dart:241:35)
[WrapWithConsumer] 2024-12-19T12:19:50.776085 #5      new Future.<anonymous closure> (dart:async/future.dart:258:40)
[WrapWithConsumer] 2024-12-19T12:19:50.776085 #6      _rootRun (dart:async/zone.dart:1391:47)
[WrapWithConsumer] 2024-12-19T12:19:50.776085 #7      _CustomZone.run (dart:async/zone.dart:1301:19)
[WrapWithConsumer] 2024-12-19T12:19:50.776085 #8      _CustomZone.runGuarded (dart:async/zone.dart:1209:7)
[WrapWithConsumer] 2024-12-19T12:19:50.776085 #9      _CustomZone.bindCallbackGuarded.<anonymous closure> (dart:async/zone.dart:1249:23)
[WrapWithConsumer] 2024-12-19T12:19:50.776085 #10     _rootRun (dart:async/zone.dart:1399:13)
[WrapWithConsumer] 2024-12-19T12:19:50.776085 #11     _CustomZone.run (dart:async/zone.dart:1301:19)
[WrapWithConsumer] 2024-12-19T12:19:50.776085 #12     _CustomZone.bindCallback.<anonymous closure> (dart:async/zone.dart:1233:23)
[WrapWithConsumer] 2024-12-19T12:19:50.776085 #13     Timer._createTimer.<anonymous closure> (dart:async-patch/timer_patch.dart:18:15)
[WrapWithConsumer] 2024-12-19T12:19:50.776085 #14     _Timer._runTimers (dart:isolate-patch/timer_impl.dart:398:19)
[WrapWithConsumer] 2024-12-19T12:19:50.776085 #15     _Timer._handleMessage (dart:isolate-patch/timer_impl.dart:429:5)
[WrapWithConsumer] 2024-12-19T12:19:50.776085 #16     _RawReceivePort._handleMessage (dart:isolate-patch/isolate_patch.dart:184:12)
[WrapWithConsumer] 2024-12-19T12:19:50.776085
[WrapWithProviderScope] 2024-12-19T12:19:50.788426 Plugin WrapWithProviderScope threw while analyzing C:\dev\esameCross\cross_platform_its_aapn_2024\pokedex\lib\src\pages\homepage.dart:
[WrapWithProviderScope] 2024-12-19T12:19:50.788426 InconsistentAnalysisException: Requested result might be inconsistent with previously returned results
[WrapWithProviderScope] 2024-12-19T12:19:50.788426
[WrapWithProviderScope] 2024-12-19T12:19:50.788426 #0      AnalysisSessionImpl.checkConsistency (package:analyzer/src/dart/analysis/session.dart:54:7)
[WrapWithProviderScope] 2024-12-19T12:19:50.788426 #1      AnalysisSessionImpl.getResolvedUnit (package:analyzer/src/dart/analysis/session.dart:129:5)
[WrapWithProviderScope] 2024-12-19T12:19:50.788426 #2      ChangeBuilderImpl._createDartFileEditBuilder (package:analyzer_plugin/src/utilities/change_builder/change_builder_core.dart:287:33)
[WrapWithProviderScope] 2024-12-19T12:19:50.788426 #3      ChangeBuilderImpl.addDartFileEdit (package:analyzer_plugin/src/utilities/change_builder/change_builder_core.dart:136:23)
[WrapWithProviderScope] 2024-12-19T12:19:50.788426 #4      ChangeBuilderImpl.addDartFileEdit.<anonymous closure> (package:custom_lint_core/src/change_reporter.dart:241:35)
[WrapWithProviderScope] 2024-12-19T12:19:50.788426 #5      new Future.<anonymous closure> (dart:async/future.dart:258:40)
[WrapWithProviderScope] 2024-12-19T12:19:50.788426 #6      _rootRun (dart:async/zone.dart:1391:47)
[WrapWithProviderScope] 2024-12-19T12:19:50.788426 #7      _CustomZone.run (dart:async/zone.dart:1301:19)
[WrapWithProviderScope] 2024-12-19T12:19:50.788426 #8      _CustomZone.runGuarded (dart:async/zone.dart:1209:7)
[WrapWithProviderScope] 2024-12-19T12:19:50.788426 #9      _CustomZone.bindCallbackGuarded.<anonymous closure> (dart:async/zone.dart:1249:23)
[WrapWithProviderScope] 2024-12-19T12:19:50.788426 #10     _rootRun (dart:async/zone.dart:1399:13)
[WrapWithProviderScope] 2024-12-19T12:19:50.788426 #11     _CustomZone.run (dart:async/zone.dart:1301:19)
[WrapWithProviderScope] 2024-12-19T12:19:50.788426 #12     _CustomZone.bindCallback.<anonymous closure> (dart:async/zone.dart:1233:23)
[WrapWithProviderScope] 2024-12-19T12:19:50.788426 #13     Timer._createTimer.<anonymous closure> (dart:async-patch/timer_patch.dart:18:15)
[WrapWithProviderScope] 2024-12-19T12:19:50.788426 #14     _Timer._runTimers (dart:isolate-patch/timer_impl.dart:398:19)
[WrapWithProviderScope] 2024-12-19T12:19:50.788426 #15     _Timer._handleMessage (dart:isolate-patch/timer_impl.dart:429:5)
[WrapWithProviderScope] 2024-12-19T12:19:50.788426 #16     _RawReceivePort._handleMessage (dart:isolate-patch/isolate_patch.dart:184:12)
[WrapWithProviderScope] 2024-12-19T12:19:50.788426
[WrapWithConsumer] 2024-12-19T12:19:50.807573 Plugin WrapWithConsumer threw while analyzing C:\dev\esameCross\cross_platform_its_aapn_2024\pokedex\lib\src\pages\homepage.dart:
[WrapWithConsumer] 2024-12-19T12:19:50.807573 InconsistentAnalysisException: Requested result might be inconsistent with previously returned results
[WrapWithConsumer] 2024-12-19T12:19:50.807573
[WrapWithConsumer] 2024-12-19T12:19:50.807573 #0      AnalysisSessionImpl.checkConsistency (package:analyzer/src/dart/analysis/session.dart:54:7)
[WrapWithConsumer] 2024-12-19T12:19:50.807573 #1      AnalysisSessionImpl.getResolvedUnit (package:analyzer/src/dart/analysis/session.dart:129:5)
[WrapWithConsumer] 2024-12-19T12:19:50.807573 #2      ChangeBuilderImpl._createDartFileEditBuilder (package:analyzer_plugin/src/utilities/change_builder/change_builder_core.dart:287:33)
[WrapWithConsumer] 2024-12-19T12:19:50.807573 #3      ChangeBuilderImpl.addDartFileEdit (package:analyzer_plugin/src/utilities/change_builder/change_builder_core.dart:136:23)
[WrapWithConsumer] 2024-12-19T12:19:50.807573 #4      ChangeBuilderImpl.addDartFileEdit.<anonymous closure> (package:custom_lint_core/src/change_reporter.dart:241:35)
[WrapWithConsumer] 2024-12-19T12:19:50.807573 #5      new Future.<anonymous closure> (dart:async/future.dart:258:40)
[WrapWithConsumer] 2024-12-19T12:19:50.807573 #6      _rootRun (dart:async/zone.dart:1391:47)
[WrapWithConsumer] 2024-12-19T12:19:50.807573 #7      _CustomZone.run (dart:async/zone.dart:1301:19)
[WrapWithConsumer] 2024-12-19T12:19:50.807573 #8      _CustomZone.runGuarded (dart:async/zone.dart:1209:7)
[WrapWithConsumer] 2024-12-19T12:19:50.807573 #9      _CustomZone.bindCallbackGuarded.<anonymous closure> (dart:async/zone.dart:1249:23)
[WrapWithConsumer] 2024-12-19T12:19:50.807573 #10     _rootRun (dart:async/zone.dart:1399:13)
[WrapWithConsumer] 2024-12-19T12:19:50.807573 #11     _CustomZone.run (dart:async/zone.dart:1301:19)
[WrapWithConsumer] 2024-12-19T12:19:50.807573 #12     _CustomZone.bindCallback.<anonymous closure> (dart:async/zone.dart:1233:23)
[WrapWithConsumer] 2024-12-19T12:19:50.807573 #13     Timer._createTimer.<anonymous closure> (dart:async-patch/timer_patch.dart:18:15)
[WrapWithConsumer] 2024-12-19T12:19:50.807573 #14     _Timer._runTimers (dart:isolate-patch/timer_impl.dart:398:19)
[WrapWithConsumer] 2024-12-19T12:19:50.807573 #15     _Timer._handleMessage (dart:isolate-patch/timer_impl.dart:429:5)
[WrapWithConsumer] 2024-12-19T12:19:50.807573 #16     _RawReceivePort._handleMessage (dart:isolate-patch/isolate_patch.dart:184:12)
[WrapWithConsumer] 2024-12-19T12:19:50.807573
[WrapWithProviderScope] 2024-12-19T12:19:50.820394 Plugin WrapWithProviderScope threw while analyzing C:\dev\esameCross\cross_platform_its_aapn_2024\pokedex\lib\src\pages\homepage.dart:
[WrapWithProviderScope] 2024-12-19T12:19:50.820394 InconsistentAnalysisException: Requested result might be inconsistent with previously returned results
[WrapWithProviderScope] 2024-12-19T12:19:50.820394
[WrapWithProviderScope] 2024-12-19T12:19:50.820394 #0      AnalysisSessionImpl.checkConsistency (package:analyzer/src/dart/analysis/session.dart:54:7)
[WrapWithProviderScope] 2024-12-19T12:19:50.820394 #1      AnalysisSessionImpl.getResolvedUnit (package:analyzer/src/dart/analysis/session.dart:129:5)
[WrapWithProviderScope] 2024-12-19T12:19:50.820394 #2      ChangeBuilderImpl._createDartFileEditBuilder (package:analyzer_plugin/src/utilities/change_builder/change_builder_core.dart:287:33)
[WrapWithProviderScope] 2024-12-19T12:19:50.820394 #3      ChangeBuilderImpl.addDartFileEdit (package:analyzer_plugin/src/utilities/change_builder/change_builder_core.dart:136:23)
[WrapWithProviderScope] 2024-12-19T12:19:50.820394 #4      ChangeBuilderImpl.addDartFileEdit.<anonymous closure> (package:custom_lint_core/src/change_reporter.dart:241:35)
[WrapWithProviderScope] 2024-12-19T12:19:50.820394 #5      new Future.<anonymous closure> (dart:async/future.dart:258:40)
[WrapWithProviderScope] 2024-12-19T12:19:50.820394 #6      _rootRun (dart:async/zone.dart:1391:47)
[WrapWithProviderScope] 2024-12-19T12:19:50.820394 #7      _CustomZone.run (dart:async/zone.dart:1301:19)
[WrapWithProviderScope] 2024-12-19T12:19:50.820394 #8      _CustomZone.runGuarded (dart:async/zone.dart:1209:7)
[WrapWithProviderScope] 2024-12-19T12:19:50.820394 #9      _CustomZone.bindCallbackGuarded.<anonymous closure> (dart:async/zone.dart:1249:23)
[WrapWithProviderScope] 2024-12-19T12:19:50.820394 #10     _rootRun (dart:async/zone.dart:1399:13)
[WrapWithProviderScope] 2024-12-19T12:19:50.820394 #11     _CustomZone.run (dart:async/zone.dart:1301:19)
[WrapWithProviderScope] 2024-12-19T12:19:50.820394 #12     _CustomZone.bindCallback.<anonymous closure> (dart:async/zone.dart:1233:23)
[WrapWithProviderScope] 2024-12-19T12:19:50.820394 #13     Timer._createTimer.<anonymous closure> (dart:async-patch/timer_patch.dart:18:15)
[WrapWithProviderScope] 2024-12-19T12:19:50.820394 #14     _Timer._runTimers (dart:isolate-patch/timer_impl.dart:398:19)
[WrapWithProviderScope] 2024-12-19T12:19:50.820394 #15     _Timer._handleMessage (dart:isolate-patch/timer_impl.dart:429:5)
[WrapWithProviderScope] 2024-12-19T12:19:50.820394 #16     _RawReceivePort._handleMessage (dart:isolate-patch/isolate_patch.dart:184:12)
[WrapWithProviderScope] 2024-12-19T12:19:50.820394
[WrapWithConsumer] 2024-12-19T12:19:50.835451 Plugin WrapWithConsumer threw while analyzing C:\dev\esameCross\cross_platform_its_aapn_2024\pokedex\lib\src\pages\homepage.dart:
[WrapWithConsumer] 2024-12-19T12:19:50.835451 InconsistentAnalysisException: Requested result might be inconsistent with previously returned results
[WrapWithConsumer] 2024-12-19T12:19:50.835451
[WrapWithConsumer] 2024-12-19T12:19:50.835451 #0      AnalysisSessionImpl.checkConsistency (package:analyzer/src/dart/analysis/session.dart:54:7)
[WrapWithConsumer] 2024-12-19T12:19:50.835451 #1      AnalysisSessionImpl.getResolvedUnit (package:analyzer/src/dart/analysis/session.dart:129:5)
[WrapWithConsumer] 2024-12-19T12:19:50.835451 #2      ChangeBuilderImpl._createDartFileEditBuilder (package:analyzer_plugin/src/utilities/change_builder/change_builder_core.dart:287:33)
[WrapWithConsumer] 2024-12-19T12:19:50.835451 #3      ChangeBuilderImpl.addDartFileEdit (package:analyzer_plugin/src/utilities/change_builder/change_builder_core.dart:136:23)
[WrapWithConsumer] 2024-12-19T12:19:50.835451 #4      ChangeBuilderImpl.addDartFileEdit.<anonymous closure> (package:custom_lint_core/src/change_reporter.dart:241:35)
[WrapWithConsumer] 2024-12-19T12:19:50.835451 #5      new Future.<anonymous closure> (dart:async/future.dart:258:40)
[WrapWithConsumer] 2024-12-19T12:19:50.835451 #6      _rootRun (dart:async/zone.dart:1391:47)
[WrapWithConsumer] 2024-12-19T12:19:50.835451 #7      _CustomZone.run (dart:async/zone.dart:1301:19)
[WrapWithConsumer] 2024-12-19T12:19:50.835451 #8      _CustomZone.runGuarded (dart:async/zone.dart:1209:7)
[WrapWithConsumer] 2024-12-19T12:19:50.835451 #9      _CustomZone.bindCallbackGuarded.<anonymous closure> (dart:async/zone.dart:1249:23)
[WrapWithConsumer] 2024-12-19T12:19:50.835451 #10     _rootRun (dart:async/zone.dart:1399:13)
[WrapWithConsumer] 2024-12-19T12:19:50.835451 #11     _CustomZone.run (dart:async/zone.dart:1301:19)
[WrapWithConsumer] 2024-12-19T12:19:50.835451 #12     _CustomZone.bindCallback.<anonymous closure> (dart:async/zone.dart:1233:23)
[WrapWithConsumer] 2024-12-19T12:19:50.835451 #13     Timer._createTimer.<anonymous closure> (dart:async-patch/timer_patch.dart:18:15)
[WrapWithConsumer] 2024-12-19T12:19:50.835451 #14     _Timer._runTimers (dart:isolate-patch/timer_impl.dart:398:19)
[WrapWithConsumer] 2024-12-19T12:19:50.835451 #15     _Timer._handleMessage (dart:isolate-patch/timer_impl.dart:429:5)
[WrapWithConsumer] 2024-12-19T12:19:50.835451 #16     _RawReceivePort._handleMessage (dart:isolate-patch/isolate_patch.dart:184:12)
[WrapWithConsumer] 2024-12-19T12:19:50.835451
[WrapWithProviderScope] 2024-12-19T12:19:50.851672 Plugin WrapWithProviderScope threw while analyzing C:\dev\esameCross\cross_platform_its_aapn_2024\pokedex\lib\src\pages\homepage.dart:
[WrapWithProviderScope] 2024-12-19T12:19:50.851672 InconsistentAnalysisException: Requested result might be inconsistent with previously returned results
[WrapWithProviderScope] 2024-12-19T12:19:50.851672
[WrapWithProviderScope] 2024-12-19T12:19:50.851672 #0      AnalysisSessionImpl.checkConsistency (package:analyzer/src/dart/analysis/session.dart:54:7)
[WrapWithProviderScope] 2024-12-19T12:19:50.851672 #1      AnalysisSessionImpl.getResolvedUnit (package:analyzer/src/dart/analysis/session.dart:129:5)
[WrapWithProviderScope] 2024-12-19T12:19:50.851672 #2      ChangeBuilderImpl._createDartFileEditBuilder (package:analyzer_plugin/src/utilities/change_builder/change_builder_core.dart:287:33)
[WrapWithProviderScope] 2024-12-19T12:19:50.851672 #3      ChangeBuilderImpl.addDartFileEdit (package:analyzer_plugin/src/utilities/change_builder/change_builder_core.dart:136:23)
[WrapWithProviderScope] 2024-12-19T12:19:50.851672 #4      ChangeBuilderImpl.addDartFileEdit.<anonymous closure> (package:custom_lint_core/src/change_reporter.dart:241:35)
[WrapWithProviderScope] 2024-12-19T12:19:50.851672 #5      new Future.<anonymous closure> (dart:async/future.dart:258:40)
[WrapWithProviderScope] 2024-12-19T12:19:50.851672 #6      _rootRun (dart:async/zone.dart:1391:47)
[WrapWithProviderScope] 2024-12-19T12:19:50.851672 #7      _CustomZone.run (dart:async/zone.dart:1301:19)
[WrapWithProviderScope] 2024-12-19T12:19:50.851672 #8      _CustomZone.runGuarded (dart:async/zone.dart:1209:7)
[WrapWithProviderScope] 2024-12-19T12:19:50.851672 #9      _CustomZone.bindCallbackGuarded.<anonymous closure> (dart:async/zone.dart:1249:23)
[WrapWithProviderScope] 2024-12-19T12:19:50.851672 #10     _rootRun (dart:async/zone.dart:1399:13)
[WrapWithProviderScope] 2024-12-19T12:19:50.851672 #11     _CustomZone.run (dart:async/zone.dart:1301:19)
[WrapWithProviderScope] 2024-12-19T12:19:50.851672 #12     _CustomZone.bindCallback.<anonymous closure> (dart:async/zone.dart:1233:23)
[WrapWithProviderScope] 2024-12-19T12:19:50.851672 #13     Timer._createTimer.<anonymous closure> (dart:async-patch/timer_patch.dart:18:15)
[WrapWithProviderScope] 2024-12-19T12:19:50.851672 #14     _Timer._runTimers (dart:isolate-patch/timer_impl.dart:398:19)
[WrapWithProviderScope] 2024-12-19T12:19:50.851672 #15     _Timer._handleMessage (dart:isolate-patch/timer_impl.dart:429:5)
[WrapWithProviderScope] 2024-12-19T12:19:50.851672 #16     _RawReceivePort._handleMessage (dart:isolate-patch/isolate_patch.dart:184:12)
[WrapWithProviderScope] 2024-12-19T12:19:50.851672
[WrapWithConsumer] 2024-12-19T12:19:50.870359 Plugin WrapWithConsumer threw while analyzing C:\dev\esameCross\cross_platform_its_aapn_2024\pokedex\lib\src\pages\homepage.dart:
[WrapWithConsumer] 2024-12-19T12:19:50.870359 InconsistentAnalysisException: Requested result might be inconsistent with previously returned results
[WrapWithConsumer] 2024-12-19T12:19:50.870359
[WrapWithConsumer] 2024-12-19T12:19:50.870359 #0      AnalysisSessionImpl.checkConsistency (package:analyzer/src/dart/analysis/session.dart:54:7)
[WrapWithConsumer] 2024-12-19T12:19:50.870359 #1      AnalysisSessionImpl.getResolvedUnit (package:analyzer/src/dart/analysis/session.dart:129:5)
[WrapWithConsumer] 2024-12-19T12:19:50.870359 #2      ChangeBuilderImpl._createDartFileEditBuilder (package:analyzer_plugin/src/utilities/change_builder/change_builder_core.dart:287:33)
[WrapWithConsumer] 2024-12-19T12:19:50.870359 #3      ChangeBuilderImpl.addDartFileEdit (package:analyzer_plugin/src/utilities/change_builder/change_builder_core.dart:136:23)
[WrapWithConsumer] 2024-12-19T12:19:50.870359 #4      ChangeBuilderImpl.addDartFileEdit.<anonymous closure> (package:custom_lint_core/src/change_reporter.dart:241:35)
[WrapWithConsumer] 2024-12-19T12:19:50.870359 #5      new Future.<anonymous closure> (dart:async/future.dart:258:40)
[WrapWithConsumer] 2024-12-19T12:19:50.870359 #6      _rootRun (dart:async/zone.dart:1391:47)
[WrapWithConsumer] 2024-12-19T12:19:50.870359 #7      _CustomZone.run (dart:async/zone.dart:1301:19)
[WrapWithConsumer] 2024-12-19T12:19:50.870359 #8      _CustomZone.runGuarded (dart:async/zone.dart:1209:7)
[WrapWithConsumer] 2024-12-19T12:19:50.870359 #9      _CustomZone.bindCallbackGuarded.<anonymous closure> (dart:async/zone.dart:1249:23)
[WrapWithConsumer] 2024-12-19T12:19:50.870359 #10     _rootRun (dart:async/zone.dart:1399:13)
[WrapWithConsumer] 2024-12-19T12:19:50.870359 #11     _CustomZone.run (dart:async/zone.dart:1301:19)
[WrapWithConsumer] 2024-12-19T12:19:50.870359 #12     _CustomZone.bindCallback.<anonymous closure> (dart:async/zone.dart:1233:23)
[WrapWithConsumer] 2024-12-19T12:19:50.870359 #13     Timer._createTimer.<anonymous closure> (dart:async-patch/timer_patch.dart:18:15)
[WrapWithConsumer] 2024-12-19T12:19:50.870359 #14     _Timer._runTimers (dart:isolate-patch/timer_impl.dart:398:19)
[WrapWithConsumer] 2024-12-19T12:19:50.870359 #15     _Timer._handleMessage (dart:isolate-patch/timer_impl.dart:429:5)
[WrapWithConsumer] 2024-12-19T12:19:50.870359 #16     _RawReceivePort._handleMessage (dart:isolate-patch/isolate_patch.dart:184:12)
[WrapWithConsumer] 2024-12-19T12:19:50.870359
[WrapWithProviderScope] 2024-12-19T12:19:50.886569 Plugin WrapWithProviderScope threw while analyzing C:\dev\esameCross\cross_platform_its_aapn_2024\pokedex\lib\src\pages\homepage.dart:
[WrapWithProviderScope] 2024-12-19T12:19:50.886569 InconsistentAnalysisException: Requested result might be inconsistent with previously returned results
[WrapWithProviderScope] 2024-12-19T12:19:50.886569
[WrapWithProviderScope] 2024-12-19T12:19:50.886569 #0      AnalysisSessionImpl.checkConsistency (package:analyzer/src/dart/analysis/session.dart:54:7)
[WrapWithProviderScope] 2024-12-19T12:19:50.886569 #1      AnalysisSessionImpl.getResolvedUnit (package:analyzer/src/dart/analysis/session.dart:129:5)
[WrapWithProviderScope] 2024-12-19T12:19:50.886569 #2      ChangeBuilderImpl._createDartFileEditBuilder (package:analyzer_plugin/src/utilities/change_builder/change_builder_core.dart:287:33)
[WrapWithProviderScope] 2024-12-19T12:19:50.886569 #3      ChangeBuilderImpl.addDartFileEdit (package:analyzer_plugin/src/utilities/change_builder/change_builder_core.dart:136:23)
[WrapWithProviderScope] 2024-12-19T12:19:50.886569 #4      ChangeBuilderImpl.addDartFileEdit.<anonymous closure> (package:custom_lint_core/src/change_reporter.dart:241:35)
[WrapWithProviderScope] 2024-12-19T12:19:50.886569 #5      new Future.<anonymous closure> (dart:async/future.dart:258:40)
[WrapWithProviderScope] 2024-12-19T12:19:50.886569 #6      _rootRun (dart:async/zone.dart:1391:47)
[WrapWithProviderScope] 2024-12-19T12:19:50.886569 #7      _CustomZone.run (dart:async/zone.dart:1301:19)
[WrapWithProviderScope] 2024-12-19T12:19:50.886569 #8      _CustomZone.runGuarded (dart:async/zone.dart:1209:7)
[WrapWithProviderScope] 2024-12-19T12:19:50.886569 #9      _CustomZone.bindCallbackGuarded.<anonymous closure> (dart:async/zone.dart:1249:23)
[WrapWithProviderScope] 2024-12-19T12:19:50.886569 #10     _rootRun (dart:async/zone.dart:1399:13)
[WrapWithProviderScope] 2024-12-19T12:19:50.886569 #11     _CustomZone.run (dart:async/zone.dart:1301:19)
[WrapWithProviderScope] 2024-12-19T12:19:50.886569 #12     _CustomZone.bindCallback.<anonymous closure> (dart:async/zone.dart:1233:23)
[WrapWithProviderScope] 2024-12-19T12:19:50.886569 #13     Timer._createTimer.<anonymous closure> (dart:async-patch/timer_patch.dart:18:15)
[WrapWithProviderScope] 2024-12-19T12:19:50.886569 #14     _Timer._runTimers (dart:isolate-patch/timer_impl.dart:398:19)
[WrapWithProviderScope] 2024-12-19T12:19:50.886569 #15     _Timer._handleMessage (dart:isolate-patch/timer_impl.dart:429:5)
[WrapWithProviderScope] 2024-12-19T12:19:50.886569 #16     _RawReceivePort._handleMessage (dart:isolate-patch/isolate_patch.dart:184:12)
[WrapWithProviderScope] 2024-12-19T12:19:50.886569
[WrapWithConsumer] 2024-12-19T12:19:50.904884 Plugin WrapWithConsumer threw while analyzing C:\dev\esameCross\cross_platform_its_aapn_2024\pokedex\lib\src\pages\homepage.dart:
[WrapWithConsumer] 2024-12-19T12:19:50.904884 InconsistentAnalysisException: Requested result might be inconsistent with previously returned results
[WrapWithConsumer] 2024-12-19T12:19:50.904884
[WrapWithConsumer] 2024-12-19T12:19:50.904884 #0      AnalysisSessionImpl.checkConsistency (package:analyzer/src/dart/analysis/session.dart:54:7)
[WrapWithConsumer] 2024-12-19T12:19:50.904884 #1      AnalysisSessionImpl.getResolvedUnit (package:analyzer/src/dart/analysis/session.dart:129:5)
[WrapWithConsumer] 2024-12-19T12:19:50.904884 #2      ChangeBuilderImpl._createDartFileEditBuilder (package:analyzer_plugin/src/utilities/change_builder/change_builder_core.dart:287:33)
[WrapWithConsumer] 2024-12-19T12:19:50.904884 #3      ChangeBuilderImpl.addDartFileEdit (package:analyzer_plugin/src/utilities/change_builder/change_builder_core.dart:136:23)
[WrapWithConsumer] 2024-12-19T12:19:50.904884 #4      ChangeBuilderImpl.addDartFileEdit.<anonymous closure> (package:custom_lint_core/src/change_reporter.dart:241:35)
[WrapWithConsumer] 2024-12-19T12:19:50.904884 #5      new Future.<anonymous closure> (dart:async/future.dart:258:40)
[WrapWithConsumer] 2024-12-19T12:19:50.904884 #6      _rootRun (dart:async/zone.dart:1391:47)
[WrapWithConsumer] 2024-12-19T12:19:50.904884 #7      _CustomZone.run (dart:async/zone.dart:1301:19)
[WrapWithConsumer] 2024-12-19T12:19:50.904884 #8      _CustomZone.runGuarded (dart:async/zone.dart:1209:7)
[WrapWithConsumer] 2024-12-19T12:19:50.904884 #9      _CustomZone.bindCallbackGuarded.<anonymous closure> (dart:async/zone.dart:1249:23)
[WrapWithConsumer] 2024-12-19T12:19:50.904884 #10     _rootRun (dart:async/zone.dart:1399:13)
[WrapWithConsumer] 2024-12-19T12:19:50.904884 #11     _CustomZone.run (dart:async/zone.dart:1301:19)
[WrapWithConsumer] 2024-12-19T12:19:50.904884 #12     _CustomZone.bindCallback.<anonymous closure> (dart:async/zone.dart:1233:23)
[WrapWithConsumer] 2024-12-19T12:19:50.904884 #13     Timer._createTimer.<anonymous closure> (dart:async-patch/timer_patch.dart:18:15)
[WrapWithConsumer] 2024-12-19T12:19:50.904884 #14     _Timer._runTimers (dart:isolate-patch/timer_impl.dart:398:19)
[WrapWithConsumer] 2024-12-19T12:19:50.904884 #15     _Timer._handleMessage (dart:isolate-patch/timer_impl.dart:429:5)
[WrapWithConsumer] 2024-12-19T12:19:50.904884 #16     _RawReceivePort._handleMessage (dart:isolate-patch/isolate_patch.dart:184:12)
[WrapWithConsumer] 2024-12-19T12:19:50.904884
[WrapWithProviderScope] 2024-12-19T12:19:50.923542 Plugin WrapWithProviderScope threw while analyzing C:\dev\esameCross\cross_platform_its_aapn_2024\pokedex\lib\src\pages\homepage.dart:
[WrapWithProviderScope] 2024-12-19T12:19:50.923542 InconsistentAnalysisException: Requested result might be inconsistent with previously returned results
[WrapWithProviderScope] 2024-12-19T12:19:50.923542
[WrapWithProviderScope] 2024-12-19T12:19:50.923542 #0      AnalysisSessionImpl.checkConsistency (package:analyzer/src/dart/analysis/session.dart:54:7)
[WrapWithProviderScope] 2024-12-19T12:19:50.923542 #1      AnalysisSessionImpl.getResolvedUnit (package:analyzer/src/dart/analysis/session.dart:129:5)
[WrapWithProviderScope] 2024-12-19T12:19:50.923542 #2      ChangeBuilderImpl._createDartFileEditBuilder (package:analyzer_plugin/src/utilities/change_builder/change_builder_core.dart:287:33)
[WrapWithProviderScope] 2024-12-19T12:19:50.923542 #3      ChangeBuilderImpl.addDartFileEdit (package:analyzer_plugin/src/utilities/change_builder/change_builder_core.dart:136:23)
[WrapWithProviderScope] 2024-12-19T12:19:50.923542 #4      ChangeBuilderImpl.addDartFileEdit.<anonymous closure> (package:custom_lint_core/src/change_reporter.dart:241:35)
[WrapWithProviderScope] 2024-12-19T12:19:50.923542 #5      new Future.<anonymous closure> (dart:async/future.dart:258:40)
[WrapWithProviderScope] 2024-12-19T12:19:50.923542 #6      _rootRun (dart:async/zone.dart:1391:47)
[WrapWithProviderScope] 2024-12-19T12:19:50.923542 #7      _CustomZone.run (dart:async/zone.dart:1301:19)
[WrapWithProviderScope] 2024-12-19T12:19:50.923542 #8      _CustomZone.runGuarded (dart:async/zone.dart:1209:7)
[WrapWithProviderScope] 2024-12-19T12:19:50.923542 #9      _CustomZone.bindCallbackGuarded.<anonymous closure> (dart:async/zone.dart:1249:23)
[WrapWithProviderScope] 2024-12-19T12:19:50.923542 #10     _rootRun (dart:async/zone.dart:1399:13)
[WrapWithProviderScope] 2024-12-19T12:19:50.923542 #11     _CustomZone.run (dart:async/zone.dart:1301:19)
[WrapWithProviderScope] 2024-12-19T12:19:50.923542 #12     _CustomZone.bindCallback.<anonymous closure> (dart:async/zone.dart:1233:23)
[WrapWithProviderScope] 2024-12-19T12:19:50.923542 #13     Timer._createTimer.<anonymous closure> (dart:async-patch/timer_patch.dart:18:15)
[WrapWithProviderScope] 2024-12-19T12:19:50.923542 #14     _Timer._runTimers (dart:isolate-patch/timer_impl.dart:398:19)
[WrapWithProviderScope] 2024-12-19T12:19:50.923542 #15     _Timer._handleMessage (dart:isolate-patch/timer_impl.dart:429:5)
[WrapWithProviderScope] 2024-12-19T12:19:50.923542 #16     _RawReceivePort._handleMessage (dart:isolate-patch/isolate_patch.dart:184:12)
[WrapWithProviderScope] 2024-12-19T12:19:50.923542
[WrapWithConsumer] 2024-12-19T12:19:50.937703 Plugin WrapWithConsumer threw while analyzing C:\dev\esameCross\cross_platform_its_aapn_2024\pokedex\lib\src\pages\homepage.dart:
[WrapWithConsumer] 2024-12-19T12:19:50.937703 InconsistentAnalysisException: Requested result might be inconsistent with previously returned results
[WrapWithConsumer] 2024-12-19T12:19:50.937703
[WrapWithConsumer] 2024-12-19T12:19:50.937703 #0      AnalysisSessionImpl.checkConsistency (package:analyzer/src/dart/analysis/session.dart:54:7)
[WrapWithConsumer] 2024-12-19T12:19:50.937703 #1      AnalysisSessionImpl.getResolvedUnit (package:analyzer/src/dart/analysis/session.dart:129:5)
[WrapWithConsumer] 2024-12-19T12:19:50.937703 #2      ChangeBuilderImpl._createDartFileEditBuilder (package:analyzer_plugin/src/utilities/change_builder/change_builder_core.dart:287:33)
[WrapWithConsumer] 2024-12-19T12:19:50.937703 #3      ChangeBuilderImpl.addDartFileEdit (package:analyzer_plugin/src/utilities/change_builder/change_builder_core.dart:136:23)
[WrapWithConsumer] 2024-12-19T12:19:50.937703 #4      ChangeBuilderImpl.addDartFileEdit.<anonymous closure> (package:custom_lint_core/src/change_reporter.dart:241:35)
[WrapWithConsumer] 2024-12-19T12:19:50.937703 #5      new Future.<anonymous closure> (dart:async/future.dart:258:40)
[WrapWithConsumer] 2024-12-19T12:19:50.937703 #6      _rootRun (dart:async/zone.dart:1391:47)
[WrapWithConsumer] 2024-12-19T12:19:50.937703 #7      _CustomZone.run (dart:async/zone.dart:1301:19)
[WrapWithConsumer] 2024-12-19T12:19:50.937703 #8      _CustomZone.runGuarded (dart:async/zone.dart:1209:7)
[WrapWithConsumer] 2024-12-19T12:19:50.937703 #9      _CustomZone.bindCallbackGuarded.<anonymous closure> (dart:async/zone.dart:1249:23)
[WrapWithConsumer] 2024-12-19T12:19:50.937703 #10     _rootRun (dart:async/zone.dart:1399:13)
[WrapWithConsumer] 2024-12-19T12:19:50.937703 #11     _CustomZone.run (dart:async/zone.dart:1301:19)
[WrapWithConsumer] 2024-12-19T12:19:50.937703 #12     _CustomZone.bindCallback.<anonymous closure> (dart:async/zone.dart:1233:23)
[WrapWithConsumer] 2024-12-19T12:19:50.937703 #13     Timer._createTimer.<anonymous closure> (dart:async-patch/timer_patch.dart:18:15)
[WrapWithConsumer] 2024-12-19T12:19:50.937703 #14     _Timer._runTimers (dart:isolate-patch/timer_impl.dart:398:19)
[WrapWithConsumer] 2024-12-19T12:19:50.937703 #15     _Timer._handleMessage (dart:isolate-patch/timer_impl.dart:429:5)
[WrapWithConsumer] 2024-12-19T12:19:50.937703 #16     _RawReceivePort._handleMessage (dart:isolate-patch/isolate_patch.dart:184:12)
[WrapWithConsumer] 2024-12-19T12:19:50.937703
[WrapWithProviderScope] 2024-12-19T12:19:50.948340 Plugin WrapWithProviderScope threw while analyzing C:\dev\esameCross\cross_platform_its_aapn_2024\pokedex\lib\src\pages\homepage.dart:
[WrapWithProviderScope] 2024-12-19T12:19:50.948340 InconsistentAnalysisException: Requested result might be inconsistent with previously returned results
[WrapWithProviderScope] 2024-12-19T12:19:50.948340
[WrapWithProviderScope] 2024-12-19T12:19:50.948340 #0      AnalysisSessionImpl.checkConsistency (package:analyzer/src/dart/analysis/session.dart:54:7)
[WrapWithProviderScope] 2024-12-19T12:19:50.948340 #1      AnalysisSessionImpl.getResolvedUnit (package:analyzer/src/dart/analysis/session.dart:129:5)
[WrapWithProviderScope] 2024-12-19T12:19:50.948340 #2      ChangeBuilderImpl._createDartFileEditBuilder (package:analyzer_plugin/src/utilities/change_builder/change_builder_core.dart:287:33)
[WrapWithProviderScope] 2024-12-19T12:19:50.948340 #3      ChangeBuilderImpl.addDartFileEdit (package:analyzer_plugin/src/utilities/change_builder/change_builder_core.dart:136:23)
[WrapWithProviderScope] 2024-12-19T12:19:50.948340 #4      ChangeBuilderImpl.addDartFileEdit.<anonymous closure> (package:custom_lint_core/src/change_reporter.dart:241:35)
[WrapWithProviderScope] 2024-12-19T12:19:50.948340 #5      new Future.<anonymous closure> (dart:async/future.dart:258:40)
[WrapWithProviderScope] 2024-12-19T12:19:50.948340 #6      _rootRun (dart:async/zone.dart:1391:47)
[WrapWithProviderScope] 2024-12-19T12:19:50.948340 #7      _CustomZone.run (dart:async/zone.dart:1301:19)
[WrapWithProviderScope] 2024-12-19T12:19:50.948340 #8      _CustomZone.runGuarded (dart:async/zone.dart:1209:7)
[WrapWithProviderScope] 2024-12-19T12:19:50.948340 #9      _CustomZone.bindCallbackGuarded.<anonymous closure> (dart:async/zone.dart:1249:23)
[WrapWithProviderScope] 2024-12-19T12:19:50.948340 #10     _rootRun (dart:async/zone.dart:1399:13)
[WrapWithProviderScope] 2024-12-19T12:19:50.948340 #11     _CustomZone.run (dart:async/zone.dart:1301:19)
[WrapWithProviderScope] 2024-12-19T12:19:50.948340 #12     _CustomZone.bindCallback.<anonymous closure> (dart:async/zone.dart:1233:23)
[WrapWithProviderScope] 2024-12-19T12:19:50.948340 #13     Timer._createTimer.<anonymous closure> (dart:async-patch/timer_patch.dart:18:15)
[WrapWithProviderScope] 2024-12-19T12:19:50.948340 #14     _Timer._runTimers (dart:isolate-patch/timer_impl.dart:398:19)
[WrapWithProviderScope] 2024-12-19T12:19:50.948340 #15     _Timer._handleMessage (dart:isolate-patch/timer_impl.dart:429:5)
[WrapWithProviderScope] 2024-12-19T12:19:50.948340 #16     _RawReceivePort._handleMessage (dart:isolate-patch/isolate_patch.dart:184:12)
[WrapWithProviderScope] 2024-12-19T12:19:50.948340
[WrapWithConsumer] 2024-12-19T12:19:50.965875 Plugin WrapWithConsumer threw while analyzing C:\dev\esameCross\cross_platform_its_aapn_2024\pokedex\lib\src\pages\homepage.dart:
[WrapWithConsumer] 2024-12-19T12:19:50.965875 InconsistentAnalysisException: Requested result might be inconsistent with previously returned results
[WrapWithConsumer] 2024-12-19T12:19:50.965875
[WrapWithConsumer] 2024-12-19T12:19:50.965875 #0      AnalysisSessionImpl.checkConsistency (package:analyzer/src/dart/analysis/session.dart:54:7)
[WrapWithConsumer] 2024-12-19T12:19:50.965875 #1      AnalysisSessionImpl.getResolvedUnit (package:analyzer/src/dart/analysis/session.dart:129:5)
[WrapWithConsumer] 2024-12-19T12:19:50.965875 #2      ChangeBuilderImpl._createDartFileEditBuilder (package:analyzer_plugin/src/utilities/change_builder/change_builder_core.dart:287:33)
[WrapWithConsumer] 2024-12-19T12:19:50.965875 #3      ChangeBuilderImpl.addDartFileEdit (package:analyzer_plugin/src/utilities/change_builder/change_builder_core.dart:136:23)
[WrapWithConsumer] 2024-12-19T12:19:50.965875 #4      ChangeBuilderImpl.addDartFileEdit.<anonymous closure> (package:custom_lint_core/src/change_reporter.dart:241:35)
[WrapWithConsumer] 2024-12-19T12:19:50.965875 #5      new Future.<anonymous closure> (dart:async/future.dart:258:40)
[WrapWithConsumer] 2024-12-19T12:19:50.965875 #6      _rootRun (dart:async/zone.dart:1391:47)
[WrapWithConsumer] 2024-12-19T12:19:50.965875 #7      _CustomZone.run (dart:async/zone.dart:1301:19)
[WrapWithConsumer] 2024-12-19T12:19:50.965875 #8      _CustomZone.runGuarded (dart:async/zone.dart:1209:7)
[WrapWithConsumer] 2024-12-19T12:19:50.965875 #9      _CustomZone.bindCallbackGuarded.<anonymous closure> (dart:async/zone.dart:1249:23)
[WrapWithConsumer] 2024-12-19T12:19:50.965875 #10     _rootRun (dart:async/zone.dart:1399:13)
[WrapWithConsumer] 2024-12-19T12:19:50.965875 #11     _CustomZone.run (dart:async/zone.dart:1301:19)
[WrapWithConsumer] 2024-12-19T12:19:50.965875 #12     _CustomZone.bindCallback.<anonymous closure> (dart:async/zone.dart:1233:23)
[WrapWithConsumer] 2024-12-19T12:19:50.965875 #13     Timer._createTimer.<anonymous closure> (dart:async-patch/timer_patch.dart:18:15)
[WrapWithConsumer] 2024-12-19T12:19:50.965875 #14     _Timer._runTimers (dart:isolate-patch/timer_impl.dart:398:19)
[WrapWithConsumer] 2024-12-19T12:19:50.965875 #15     _Timer._handleMessage (dart:isolate-patch/timer_impl.dart:429:5)
[WrapWithConsumer] 2024-12-19T12:19:50.965875 #16     _RawReceivePort._handleMessage (dart:isolate-patch/isolate_patch.dart:184:12)
[WrapWithConsumer] 2024-12-19T12:19:50.965875
[WrapWithProviderScope] 2024-12-19T12:19:50.982701 Plugin WrapWithProviderScope threw while analyzing C:\dev\esameCross\cross_platform_its_aapn_2024\pokedex\lib\src\pages\homepage.dart:
[WrapWithProviderScope] 2024-12-19T12:19:50.982701 InconsistentAnalysisException: Requested result might be inconsistent with previously returned results
[WrapWithProviderScope] 2024-12-19T12:19:50.982701
[WrapWithProviderScope] 2024-12-19T12:19:50.982701 #0      AnalysisSessionImpl.checkConsistency (package:analyzer/src/dart/analysis/session.dart:54:7)
[WrapWithProviderScope] 2024-12-19T12:19:50.982701 #1      AnalysisSessionImpl.getResolvedUnit (package:analyzer/src/dart/analysis/session.dart:129:5)
[WrapWithProviderScope] 2024-12-19T12:19:50.982701 #2      ChangeBuilderImpl._createDartFileEditBuilder (package:analyzer_plugin/src/utilities/change_builder/change_builder_core.dart:287:33)
[WrapWithProviderScope] 2024-12-19T12:19:50.982701 #3      ChangeBuilderImpl.addDartFileEdit (package:analyzer_plugin/src/utilities/change_builder/change_builder_core.dart:136:23)
[WrapWithProviderScope] 2024-12-19T12:19:50.982701 #4      ChangeBuilderImpl.addDartFileEdit.<anonymous closure> (package:custom_lint_core/src/change_reporter.dart:241:35)
[WrapWithProviderScope] 2024-12-19T12:19:50.982701 #5      new Future.<anonymous closure> (dart:async/future.dart:258:40)
[WrapWithProviderScope] 2024-12-19T12:19:50.982701 #6      _rootRun (dart:async/zone.dart:1391:47)
[WrapWithProviderScope] 2024-12-19T12:19:50.982701 #7      _CustomZone.run (dart:async/zone.dart:1301:19)
[WrapWithProviderScope] 2024-12-19T12:19:50.982701 #8      _CustomZone.runGuarded (dart:async/zone.dart:1209:7)
[WrapWithProviderScope] 2024-12-19T12:19:50.982701 #9      _CustomZone.bindCallbackGuarded.<anonymous closure> (dart:async/zone.dart:1249:23)
[WrapWithProviderScope] 2024-12-19T12:19:50.982701 #10     _rootRun (dart:async/zone.dart:1399:13)
[WrapWithProviderScope] 2024-12-19T12:19:50.982701 #11     _CustomZone.run (dart:async/zone.dart:1301:19)
[WrapWithProviderScope] 2024-12-19T12:19:50.982701 #12     _CustomZone.bindCallback.<anonymous closure> (dart:async/zone.dart:1233:23)
[WrapWithProviderScope] 2024-12-19T12:19:50.982701 #13     Timer._createTimer.<anonymous closure> (dart:async-patch/timer_patch.dart:18:15)
[WrapWithProviderScope] 2024-12-19T12:19:50.982701 #14     _Timer._runTimers (dart:isolate-patch/timer_impl.dart:398:19)
[WrapWithProviderScope] 2024-12-19T12:19:50.982701 #15     _Timer._handleMessage (dart:isolate-patch/timer_impl.dart:429:5)
[WrapWithProviderScope] 2024-12-19T12:19:50.982701 #16     _RawReceivePort._handleMessage (dart:isolate-patch/isolate_patch.dart:184:12)
[WrapWithProviderScope] 2024-12-19T12:19:50.982701
[WrapWithConsumer] 2024-12-19T12:19:50.999066 Plugin WrapWithConsumer threw while analyzing C:\dev\esameCross\cross_platform_its_aapn_2024\pokedex\lib\src\pages\homepage.dart:
[WrapWithConsumer] 2024-12-19T12:19:50.999066 InconsistentAnalysisException: Requested result might be inconsistent with previously returned results
[WrapWithConsumer] 2024-12-19T12:19:50.999066
[WrapWithConsumer] 2024-12-19T12:19:50.999066 #0      AnalysisSessionImpl.checkConsistency (package:analyzer/src/dart/analysis/session.dart:54:7)
[WrapWithConsumer] 2024-12-19T12:19:50.999066 #1      AnalysisSessionImpl.getResolvedUnit (package:analyzer/src/dart/analysis/session.dart:129:5)
[WrapWithConsumer] 2024-12-19T12:19:50.999066 #2      ChangeBuilderImpl._createDartFileEditBuilder (package:analyzer_plugin/src/utilities/change_builder/change_builder_core.dart:287:33)
[WrapWithConsumer] 2024-12-19T12:19:50.999066 #3      ChangeBuilderImpl.addDartFileEdit (package:analyzer_plugin/src/utilities/change_builder/change_builder_core.dart:136:23)
[WrapWithConsumer] 2024-12-19T12:19:50.999066 #4      ChangeBuilderImpl.addDartFileEdit.<anonymous closure> (package:custom_lint_core/src/change_reporter.dart:241:35)
[WrapWithConsumer] 2024-12-19T12:19:50.999066 #5      new Future.<anonymous closure> (dart:async/future.dart:258:40)
[WrapWithConsumer] 2024-12-19T12:19:50.999066 #6      _rootRun (dart:async/zone.dart:1391:47)
[WrapWithConsumer] 2024-12-19T12:19:50.999066 #7      _CustomZone.run (dart:async/zone.dart:1301:19)
[WrapWithConsumer] 2024-12-19T12:19:50.999066 #8      _CustomZone.runGuarded (dart:async/zone.dart:1209:7)
[WrapWithConsumer] 2024-12-19T12:19:50.999066 #9      _CustomZone.bindCallbackGuarded.<anonymous closure> (dart:async/zone.dart:1249:23)
[WrapWithConsumer] 2024-12-19T12:19:50.999066 #10     _rootRun (dart:async/zone.dart:1399:13)
[WrapWithConsumer] 2024-12-19T12:19:50.999066 #11     _CustomZone.run (dart:async/zone.dart:1301:19)
[WrapWithConsumer] 2024-12-19T12:19:50.999066 #12     _CustomZone.bindCallback.<anonymous closure> (dart:async/zone.dart:1233:23)
[WrapWithConsumer] 2024-12-19T12:19:50.999066 #13     Timer._createTimer.<anonymous closure> (dart:async-patch/timer_patch.dart:18:15)
[WrapWithConsumer] 2024-12-19T12:19:50.999066 #14     _Timer._runTimers (dart:isolate-patch/timer_impl.dart:398:19)
[WrapWithConsumer] 2024-12-19T12:19:50.999066 #15     _Timer._handleMessage (dart:isolate-patch/timer_impl.dart:429:5)
[WrapWithConsumer] 2024-12-19T12:19:50.999066 #16     _RawReceivePort._handleMessage (dart:isolate-patch/isolate_patch.dart:184:12)
[WrapWithConsumer] 2024-12-19T12:19:50.999066
[WrapWithProviderScope] 2024-12-19T12:19:51.014143 Plugin WrapWithProviderScope threw while analyzing C:\dev\esameCross\cross_platform_its_aapn_2024\pokedex\lib\src\pages\homepage.dart:
[WrapWithProviderScope] 2024-12-19T12:19:51.014143 InconsistentAnalysisException: Requested result might be inconsistent with previously returned results
[WrapWithProviderScope] 2024-12-19T12:19:51.014143
[WrapWithProviderScope] 2024-12-19T12:19:51.014143 #0      AnalysisSessionImpl.checkConsistency (package:analyzer/src/dart/analysis/session.dart:54:7)
[WrapWithProviderScope] 2024-12-19T12:19:51.014143 #1      AnalysisSessionImpl.getResolvedUnit (package:analyzer/src/dart/analysis/session.dart:129:5)
[WrapWithProviderScope] 2024-12-19T12:19:51.014143 #2      ChangeBuilderImpl._createDartFileEditBuilder (package:analyzer_plugin/src/utilities/change_builder/change_builder_core.dart:287:33)
[WrapWithProviderScope] 2024-12-19T12:19:51.014143 #3      ChangeBuilderImpl.addDartFileEdit (package:analyzer_plugin/src/utilities/change_builder/change_builder_core.dart:136:23)
[WrapWithProviderScope] 2024-12-19T12:19:51.014143 #4      ChangeBuilderImpl.addDartFileEdit.<anonymous closure> (package:custom_lint_core/src/change_reporter.dart:241:35)
[WrapWithProviderScope] 2024-12-19T12:19:51.014143 #5      new Future.<anonymous closure> (dart:async/future.dart:258:40)
[WrapWithProviderScope] 2024-12-19T12:19:51.014143 #6      _rootRun (dart:async/zone.dart:1391:47)
[WrapWithProviderScope] 2024-12-19T12:19:51.014143 #7      _CustomZone.run (dart:async/zone.dart:1301:19)
[WrapWithProviderScope] 2024-12-19T12:19:51.014143 #8      _CustomZone.runGuarded (dart:async/zone.dart:1209:7)
[WrapWithProviderScope] 2024-12-19T12:19:51.014143 #9      _CustomZone.bindCallbackGuarded.<anonymous closure> (dart:async/zone.dart:1249:23)
[WrapWithProviderScope] 2024-12-19T12:19:51.014143 #10     _rootRun (dart:async/zone.dart:1399:13)
[WrapWithProviderScope] 2024-12-19T12:19:51.014143 #11     _CustomZone.run (dart:async/zone.dart:1301:19)
[WrapWithProviderScope] 2024-12-19T12:19:51.014143 #12     _CustomZone.bindCallback.<anonymous closure> (dart:async/zone.dart:1233:23)
[WrapWithProviderScope] 2024-12-19T12:19:51.014143 #13     Timer._createTimer.<anonymous closure> (dart:async-patch/timer_patch.dart:18:15)
[WrapWithProviderScope] 2024-12-19T12:19:51.014143 #14     _Timer._runTimers (dart:isolate-patch/timer_impl.dart:398:19)
[WrapWithProviderScope] 2024-12-19T12:19:51.014143 #15     _Timer._handleMessage (dart:isolate-patch/timer_impl.dart:429:5)
[WrapWithProviderScope] 2024-12-19T12:19:51.014143 #16     _RawReceivePort._handleMessage (dart:isolate-patch/isolate_patch.dart:184:12)
[WrapWithProviderScope] 2024-12-19T12:19:51.014143
[WrapWithConsumer] 2024-12-19T12:19:51.032306 Plugin WrapWithConsumer threw while analyzing C:\dev\esameCross\cross_platform_its_aapn_2024\pokedex\lib\src\pages\homepage.dart:
[WrapWithConsumer] 2024-12-19T12:19:51.032306 InconsistentAnalysisException: Requested result might be inconsistent with previously returned results
[WrapWithConsumer] 2024-12-19T12:19:51.032306
[WrapWithConsumer] 2024-12-19T12:19:51.032306 #0      AnalysisSessionImpl.checkConsistency (package:analyzer/src/dart/analysis/session.dart:54:7)
[WrapWithConsumer] 2024-12-19T12:19:51.032306 #1      AnalysisSessionImpl.getResolvedUnit (package:analyzer/src/dart/analysis/session.dart:129:5)
[WrapWithConsumer] 2024-12-19T12:19:51.032306 #2      ChangeBuilderImpl._createDartFileEditBuilder (package:analyzer_plugin/src/utilities/change_builder/change_builder_core.dart:287:33)
[WrapWithConsumer] 2024-12-19T12:19:51.032306 #3      ChangeBuilderImpl.addDartFileEdit (package:analyzer_plugin/src/utilities/change_builder/change_builder_core.dart:136:23)
[WrapWithConsumer] 2024-12-19T12:19:51.032306 #4      ChangeBuilderImpl.addDartFileEdit.<anonymous closure> (package:custom_lint_core/src/change_reporter.dart:241:35)
[WrapWithConsumer] 2024-12-19T12:19:51.032306 #5      new Future.<anonymous closure> (dart:async/future.dart:258:40)
[WrapWithConsumer] 2024-12-19T12:19:51.032306 #6      _rootRun (dart:async/zone.dart:1391:47)
[WrapWithConsumer] 2024-12-19T12:19:51.032306 #7      _CustomZone.run (dart:async/zone.dart:1301:19)
[WrapWithConsumer] 2024-12-19T12:19:51.032306 #8      _CustomZone.runGuarded (dart:async/zone.dart:1209:7)
[WrapWithConsumer] 2024-12-19T12:19:51.032306 #9      _CustomZone.bindCallbackGuarded.<anonymous closure> (dart:async/zone.dart:1249:23)
[WrapWithConsumer] 2024-12-19T12:19:51.032306 #10     _rootRun (dart:async/zone.dart:1399:13)
[WrapWithConsumer] 2024-12-19T12:19:51.032306 #11     _CustomZone.run (dart:async/zone.dart:1301:19)
[WrapWithConsumer] 2024-12-19T12:19:51.032306 #12     _CustomZone.bindCallback.<anonymous closure> (dart:async/zone.dart:1233:23)
[WrapWithConsumer] 2024-12-19T12:19:51.032306 #13     Timer._createTimer.<anonymous closure> (dart:async-patch/timer_patch.dart:18:15)
[WrapWithConsumer] 2024-12-19T12:19:51.032306 #14     _Timer._runTimers (dart:isolate-patch/timer_impl.dart:398:19)
[WrapWithConsumer] 2024-12-19T12:19:51.032306 #15     _Timer._handleMessage (dart:isolate-patch/timer_impl.dart:429:5)
[WrapWithConsumer] 2024-12-19T12:19:51.032306 #16     _RawReceivePort._handleMessage (dart:isolate-patch/isolate_patch.dart:184:12)
[WrapWithConsumer] 2024-12-19T12:19:51.032306
[WrapWithProviderScope] 2024-12-19T12:19:51.052300 Plugin WrapWithProviderScope threw while analyzing C:\dev\esameCross\cross_platform_its_aapn_2024\pokedex\lib\src\pages\homepage.dart:
[WrapWithProviderScope] 2024-12-19T12:19:51.052300 InconsistentAnalysisException: Requested result might be inconsistent with previously returned results
[WrapWithProviderScope] 2024-12-19T12:19:51.052300
[WrapWithProviderScope] 2024-12-19T12:19:51.052300 #0      AnalysisSessionImpl.checkConsistency (package:analyzer/src/dart/analysis/session.dart:54:7)
[WrapWithProviderScope] 2024-12-19T12:19:51.052300 #1      AnalysisSessionImpl.getResolvedUnit (package:analyzer/src/dart/analysis/session.dart:129:5)
[WrapWithProviderScope] 2024-12-19T12:19:51.052300 #2      ChangeBuilderImpl._createDartFileEditBuilder (package:analyzer_plugin/src/utilities/change_builder/change_builder_core.dart:287:33)
[WrapWithProviderScope] 2024-12-19T12:19:51.052300 #3      ChangeBuilderImpl.addDartFileEdit (package:analyzer_plugin/src/utilities/change_builder/change_builder_core.dart:136:23)
[WrapWithProviderScope] 2024-12-19T12:19:51.052300 #4      ChangeBuilderImpl.addDartFileEdit.<anonymous closure> (package:custom_lint_core/src/change_reporter.dart:241:35)
[WrapWithProviderScope] 2024-12-19T12:19:51.052300 #5      new Future.<anonymous closure> (dart:async/future.dart:258:40)
[WrapWithProviderScope] 2024-12-19T12:19:51.052300 #6      _rootRun (dart:async/zone.dart:1391:47)
[WrapWithProviderScope] 2024-12-19T12:19:51.052300 #7      _CustomZone.run (dart:async/zone.dart:1301:19)
[WrapWithProviderScope] 2024-12-19T12:19:51.052300 #8      _CustomZone.runGuarded (dart:async/zone.dart:1209:7)
[WrapWithProviderScope] 2024-12-19T12:19:51.052300 #9      _CustomZone.bindCallbackGuarded.<anonymous closure> (dart:async/zone.dart:1249:23)
[WrapWithProviderScope] 2024-12-19T12:19:51.052300 #10     _rootRun (dart:async/zone.dart:1399:13)
[WrapWithProviderScope] 2024-12-19T12:19:51.052300 #11     _CustomZone.run (dart:async/zone.dart:1301:19)
[WrapWithProviderScope] 2024-12-19T12:19:51.052300 #12     _CustomZone.bindCallback.<anonymous closure> (dart:async/zone.dart:1233:23)
[WrapWithProviderScope] 2024-12-19T12:19:51.052300 #13     Timer._createTimer.<anonymous closure> (dart:async-patch/timer_patch.dart:18:15)
[WrapWithProviderScope] 2024-12-19T12:19:51.052300 #14     _Timer._runTimers (dart:isolate-patch/timer_impl.dart:398:19)
[WrapWithProviderScope] 2024-12-19T12:19:51.052300 #15     _Timer._handleMessage (dart:isolate-patch/timer_impl.dart:429:5)
[WrapWithProviderScope] 2024-12-19T12:19:51.052300 #16     _RawReceivePort._handleMessage (dart:isolate-patch/isolate_patch.dart:184:12)
[WrapWithProviderScope] 2024-12-19T12:19:51.052300
[WrapWithConsumer] 2024-12-19T12:19:51.073005 Plugin WrapWithConsumer threw while analyzing C:\dev\esameCross\cross_platform_its_aapn_2024\pokedex\lib\src\pages\homepage.dart:
[WrapWithConsumer] 2024-12-19T12:19:51.073005 InconsistentAnalysisException: Requested result might be inconsistent with previously returned results
[WrapWithConsumer] 2024-12-19T12:19:51.073005
[WrapWithConsumer] 2024-12-19T12:19:51.073005 #0      AnalysisSessionImpl.checkConsistency (package:analyzer/src/dart/analysis/session.dart:54:7)
[WrapWithConsumer] 2024-12-19T12:19:51.073005 #1      AnalysisSessionImpl.getResolvedUnit (package:analyzer/src/dart/analysis/session.dart:129:5)
[WrapWithConsumer] 2024-12-19T12:19:51.073005 #2      ChangeBuilderImpl._createDartFileEditBuilder (package:analyzer_plugin/src/utilities/change_builder/change_builder_core.dart:287:33)
[WrapWithConsumer] 2024-12-19T12:19:51.073005 #3      ChangeBuilderImpl.addDartFileEdit (package:analyzer_plugin/src/utilities/change_builder/change_builder_core.dart:136:23)
[WrapWithConsumer] 2024-12-19T12:19:51.073005 #4      ChangeBuilderImpl.addDartFileEdit.<anonymous closure> (package:custom_lint_core/src/change_reporter.dart:241:35)
[WrapWithConsumer] 2024-12-19T12:19:51.073005 #5      new Future.<anonymous closure> (dart:async/future.dart:258:40)
[WrapWithConsumer] 2024-12-19T12:19:51.073005 #6      _rootRun (dart:async/zone.dart:1391:47)
[WrapWithConsumer] 2024-12-19T12:19:51.073005 #7      _CustomZone.run (dart:async/zone.dart:1301:19)
[WrapWithConsumer] 2024-12-19T12:19:51.073005 #8      _CustomZone.runGuarded (dart:async/zone.dart:1209:7)
[WrapWithConsumer] 2024-12-19T12:19:51.073005 #9      _CustomZone.bindCallbackGuarded.<anonymous closure> (dart:async/zone.dart:1249:23)
[WrapWithConsumer] 2024-12-19T12:19:51.073005 #10     _rootRun (dart:async/zone.dart:1399:13)
[WrapWithConsumer] 2024-12-19T12:19:51.073005 #11     _CustomZone.run (dart:async/zone.dart:1301:19)
[WrapWithConsumer] 2024-12-19T12:19:51.073005 #12     _CustomZone.bindCallback.<anonymous closure> (dart:async/zone.dart:1233:23)
[WrapWithConsumer] 2024-12-19T12:19:51.073005 #13     Timer._createTimer.<anonymous closure> (dart:async-patch/timer_patch.dart:18:15)
[WrapWithConsumer] 2024-12-19T12:19:51.073005 #14     _Timer._runTimers (dart:isolate-patch/timer_impl.dart:398:19)
[WrapWithConsumer] 2024-12-19T12:19:51.073005 #15     _Timer._handleMessage (dart:isolate-patch/timer_impl.dart:429:5)
[WrapWithConsumer] 2024-12-19T12:19:51.073005 #16     _RawReceivePort._handleMessage (dart:isolate-patch/isolate_patch.dart:184:12)
[WrapWithConsumer] 2024-12-19T12:19:51.073005
[WrapWithProviderScope] 2024-12-19T12:19:51.092471 Plugin WrapWithProviderScope threw while analyzing C:\dev\esameCross\cross_platform_its_aapn_2024\pokedex\lib\src\pages\homepage.dart:
[WrapWithProviderScope] 2024-12-19T12:19:51.092471 InconsistentAnalysisException: Requested result might be inconsistent with previously returned results
[WrapWithProviderScope] 2024-12-19T12:19:51.092471
[WrapWithProviderScope] 2024-12-19T12:19:51.092471 #0      AnalysisSessionImpl.checkConsistency (package:analyzer/src/dart/analysis/session.dart:54:7)
[WrapWithProviderScope] 2024-12-19T12:19:51.092471 #1      AnalysisSessionImpl.getResolvedUnit (package:analyzer/src/dart/analysis/session.dart:129:5)
[WrapWithProviderScope] 2024-12-19T12:19:51.092471 #2      ChangeBuilderImpl._createDartFileEditBuilder (package:analyzer_plugin/src/utilities/change_builder/change_builder_core.dart:287:33)
[WrapWithProviderScope] 2024-12-19T12:19:51.092471 #3      ChangeBuilderImpl.addDartFileEdit (package:analyzer_plugin/src/utilities/change_builder/change_builder_core.dart:136:23)
[WrapWithProviderScope] 2024-12-19T12:19:51.092471 #4      ChangeBuilderImpl.addDartFileEdit.<anonymous closure> (package:custom_lint_core/src/change_reporter.dart:241:35)
[WrapWithProviderScope] 2024-12-19T12:19:51.092471 #5      new Future.<anonymous closure> (dart:async/future.dart:258:40)
[WrapWithProviderScope] 2024-12-19T12:19:51.092471 #6      _rootRun (dart:async/zone.dart:1391:47)
[WrapWithProviderScope] 2024-12-19T12:19:51.092471 #7      _CustomZone.run (dart:async/zone.dart:1301:19)
[WrapWithProviderScope] 2024-12-19T12:19:51.092471 #8      _CustomZone.runGuarded (dart:async/zone.dart:1209:7)
[WrapWithProviderScope] 2024-12-19T12:19:51.092471 #9      _CustomZone.bindCallbackGuarded.<anonymous closure> (dart:async/zone.dart:1249:23)
[WrapWithProviderScope] 2024-12-19T12:19:51.092471 #10     _rootRun (dart:async/zone.dart:1399:13)
[WrapWithProviderScope] 2024-12-19T12:19:51.092471 #11     _CustomZone.run (dart:async/zone.dart:1301:19)
[WrapWithProviderScope] 2024-12-19T12:19:51.092471 #12     _CustomZone.bindCallback.<anonymous closure> (dart:async/zone.dart:1233:23)
[WrapWithProviderScope] 2024-12-19T12:19:51.092471 #13     Timer._createTimer.<anonymous closure> (dart:async-patch/timer_patch.dart:18:15)
[WrapWithProviderScope] 2024-12-19T12:19:51.092471 #14     _Timer._runTimers (dart:isolate-patch/timer_impl.dart:398:19)
[WrapWithProviderScope] 2024-12-19T12:19:51.092471 #15     _Timer._handleMessage (dart:isolate-patch/timer_impl.dart:429:5)
[WrapWithProviderScope] 2024-12-19T12:19:51.092471 #16     _RawReceivePort._handleMessage (dart:isolate-patch/isolate_patch.dart:184:12)
[WrapWithProviderScope] 2024-12-19T12:19:51.092471
[WrapWithConsumer] 2024-12-19T12:19:51.106561 Plugin WrapWithConsumer threw while analyzing C:\dev\esameCross\cross_platform_its_aapn_2024\pokedex\lib\src\pages\homepage.dart:
[WrapWithConsumer] 2024-12-19T12:19:51.106561 InconsistentAnalysisException: Requested result might be inconsistent with previously returned results
[WrapWithConsumer] 2024-12-19T12:19:51.106561
[WrapWithConsumer] 2024-12-19T12:19:51.106561 #0      AnalysisSessionImpl.checkConsistency (package:analyzer/src/dart/analysis/session.dart:54:7)
[WrapWithConsumer] 2024-12-19T12:19:51.106561 #1      AnalysisSessionImpl.getResolvedUnit (package:analyzer/src/dart/analysis/session.dart:129:5)
[WrapWithConsumer] 2024-12-19T12:19:51.106561 #2      ChangeBuilderImpl._createDartFileEditBuilder (package:analyzer_plugin/src/utilities/change_builder/change_builder_core.dart:287:33)
[WrapWithConsumer] 2024-12-19T12:19:51.106561 #3      ChangeBuilderImpl.addDartFileEdit (package:analyzer_plugin/src/utilities/change_builder/change_builder_core.dart:136:23)
[WrapWithConsumer] 2024-12-19T12:19:51.106561 #4      ChangeBuilderImpl.addDartFileEdit.<anonymous closure> (package:custom_lint_core/src/change_reporter.dart:241:35)
[WrapWithConsumer] 2024-12-19T12:19:51.106561 #5      new Future.<anonymous closure> (dart:async/future.dart:258:40)
[WrapWithConsumer] 2024-12-19T12:19:51.106561 #6      _rootRun (dart:async/zone.dart:1391:47)
[WrapWithConsumer] 2024-12-19T12:19:51.106561 #7      _CustomZone.run (dart:async/zone.dart:1301:19)
[WrapWithConsumer] 2024-12-19T12:19:51.106561 #8      _CustomZone.runGuarded (dart:async/zone.dart:1209:7)
[WrapWithConsumer] 2024-12-19T12:19:51.106561 #9      _CustomZone.bindCallbackGuarded.<anonymous closure> (dart:async/zone.dart:1249:23)
[WrapWithConsumer] 2024-12-19T12:19:51.106561 #10     _rootRun (dart:async/zone.dart:1399:13)
[WrapWithConsumer] 2024-12-19T12:19:51.106561 #11     _CustomZone.run (dart:async/zone.dart:1301:19)
[WrapWithConsumer] 2024-12-19T12:19:51.106561 #12     _CustomZone.bindCallback.<anonymous closure> (dart:async/zone.dart:1233:23)
[WrapWithConsumer] 2024-12-19T12:19:51.106561 #13     Timer._createTimer.<anonymous closure> (dart:async-patch/timer_patch.dart:18:15)
[WrapWithConsumer] 2024-12-19T12:19:51.106561 #14     _Timer._runTimers (dart:isolate-patch/timer_impl.dart:398:19)
[WrapWithConsumer] 2024-12-19T12:19:51.106561 #15     _Timer._handleMessage (dart:isolate-patch/timer_impl.dart:429:5)
[WrapWithConsumer] 2024-12-19T12:19:51.106561 #16     _RawReceivePort._handleMessage (dart:isolate-patch/isolate_patch.dart:184:12)
[WrapWithConsumer] 2024-12-19T12:19:51.106561
[WrapWithProviderScope] 2024-12-19T12:19:51.125910 Plugin WrapWithProviderScope threw while analyzing C:\dev\esameCross\cross_platform_its_aapn_2024\pokedex\lib\src\pages\homepage.dart:
[WrapWithProviderScope] 2024-12-19T12:19:51.125910 InconsistentAnalysisException: Requested result might be inconsistent with previously returned results
[WrapWithProviderScope] 2024-12-19T12:19:51.125910
[WrapWithProviderScope] 2024-12-19T12:19:51.125910 #0      AnalysisSessionImpl.checkConsistency (package:analyzer/src/dart/analysis/session.dart:54:7)
[WrapWithProviderScope] 2024-12-19T12:19:51.125910 #1      AnalysisSessionImpl.getResolvedUnit (package:analyzer/src/dart/analysis/session.dart:129:5)
[WrapWithProviderScope] 2024-12-19T12:19:51.125910 #2      ChangeBuilderImpl._createDartFileEditBuilder (package:analyzer_plugin/src/utilities/change_builder/change_builder_core.dart:287:33)
[WrapWithProviderScope] 2024-12-19T12:19:51.125910 #3      ChangeBuilderImpl.addDartFileEdit (package:analyzer_plugin/src/utilities/change_builder/change_builder_core.dart:136:23)
[WrapWithProviderScope] 2024-12-19T12:19:51.125910 #4      ChangeBuilderImpl.addDartFileEdit.<anonymous closure> (package:custom_lint_core/src/change_reporter.dart:241:35)
[WrapWithProviderScope] 2024-12-19T12:19:51.125910 #5      new Future.<anonymous closure> (dart:async/future.dart:258:40)
[WrapWithProviderScope] 2024-12-19T12:19:51.125910 #6      _rootRun (dart:async/zone.dart:1391:47)
[WrapWithProviderScope] 2024-12-19T12:19:51.125910 #7      _CustomZone.run (dart:async/zone.dart:1301:19)
[WrapWithProviderScope] 2024-12-19T12:19:51.125910 #8      _CustomZone.runGuarded (dart:async/zone.dart:1209:7)
[WrapWithProviderScope] 2024-12-19T12:19:51.125910 #9      _CustomZone.bindCallbackGuarded.<anonymous closure> (dart:async/zone.dart:1249:23)
[WrapWithProviderScope] 2024-12-19T12:19:51.125910 #10     _rootRun (dart:async/zone.dart:1399:13)
[WrapWithProviderScope] 2024-12-19T12:19:51.125910 #11     _CustomZone.run (dart:async/zone.dart:1301:19)
[WrapWithProviderScope] 2024-12-19T12:19:51.125910 #12     _CustomZone.bindCallback.<anonymous closure> (dart:async/zone.dart:1233:23)
[WrapWithProviderScope] 2024-12-19T12:19:51.125910 #13     Timer._createTimer.<anonymous closure> (dart:async-patch/timer_patch.dart:18:15)
[WrapWithProviderScope] 2024-12-19T12:19:51.125910 #14     _Timer._runTimers (dart:isolate-patch/timer_impl.dart:398:19)
[WrapWithProviderScope] 2024-12-19T12:19:51.125910 #15     _Timer._handleMessage (dart:isolate-patch/timer_impl.dart:429:5)
[WrapWithProviderScope] 2024-12-19T12:19:51.125910 #16     _RawReceivePort._handleMessage (dart:isolate-patch/isolate_patch.dart:184:12)
[WrapWithProviderScope] 2024-12-19T12:19:51.125910
